species_tree,fam_species,order_species,sc,habitat,long_x,lat_y,b_nisc,g_nisc,p_nisc,nisc
Abeillia_abeillei,Trochilidae,Caprimulgiformes,1,1,-89.79308451,15.28957033,0,0,0,0
Aburria_aburri,Cracidae,Galliformes,1,1,-75.22664906,-2.801676702,0,0,0,0
Accipiter_albogularis,Accipitridae,Accipitriformes,0,6,158.5362667,-8.227145823,0,0,0,0
Accipiter_badius,Accipitridae,Accipitriformes,0,6,42.41505756,7.246197276,0,0,0,0
Accipiter_bicolor,Accipitridae,Accipitriformes,0,3,-59.89273414,-10.56392174,0,0,0,0
Accipiter_brachyurus,Accipitridae,Accipitriformes,0,1,150.5282727,-5.539056481,0,0,0,0
Accipiter_brevipes,Accipitridae,Accipitriformes,0,6,39.18376381,45.50689305,0,0,0,0
Accipiter_butleri,Accipitridae,Accipitriformes,0,1,93.38568206,7.940611444,0,0,0,0
Accipiter_castanilius,Accipitridae,Accipitriformes,0,6,18.26968787,-0.798000639,0,0,0,0
Accipiter_chilensis,Accipitridae,Accipitriformes,0,6,-59.89273414,-10.56392174,0,0,0,0
Accipiter_cirrocephalus,Accipitridae,Accipitriformes,0,6,137.3526373,-23.94119156,0,0,0,0
Accipiter_collaris,Accipitridae,Accipitriformes,0,1,-75.92315261,-3.184178473,0,0,0,0
Accipiter_cooperii,Accipitridae,Accipitriformes,0,6,-99.81909828,40.29626815,0,0,0,0
Accipiter_erythrauchen,Accipitridae,Accipitriformes,0,6,128.2043048,-1.286550169,0,0,0,0
Accipiter_erythropus,Accipitridae,Accipitriformes,0,3,10.37981469,3.521646384,0,0,0,0
Accipiter_fasciatus,Accipitridae,Accipitriformes,0,6,135.0379616,-24.90326521,0,0,0,0
Accipiter_francesiae,Accipitridae,Accipitriformes,0,6,46.67881479,-19.4653542,0,0,0,0
Accipiter_gentilis,Accipitridae,Accipitriformes,0,1,18.21345565,56.92983526,0,0,0,0
Accipiter_griseiceps,Accipitridae,Accipitriformes,0,6,121.1416233,-1.802327216,0,0,0,0
Accipiter_gularis,Accipitridae,Accipitriformes,0,6,115.5960868,47.88379319,0,0,0,0
Accipiter_gundlachi,Accipitridae,Accipitriformes,0,6,-77.24815153,21.00579502,0,0,0,0
Accipiter_haplochrous,Accipitridae,Accipitriformes,0,6,165.48473,-21.33462891,0,0,0,0
Accipiter_henicogrammus,Accipitridae,Accipitriformes,0,1,128.0107613,0.880712879,0,0,0,0
Accipiter_henstii,Accipitridae,Accipitriformes,0,6,46.68106285,-19.47632222,0,0,0,0
Accipiter_hiogaster,Accipitridae,Accipitriformes,0,6,NA,NA,0,0,0,0
Accipiter_imitator,Accipitridae,Accipitriformes,0,1,156.4762972,-6.77883481,0,0,0,0
Accipiter_luteoschistaceus,Accipitridae,Accipitriformes,0,6,150.2579075,-5.608437715,0,0,0,0
Accipiter_madagascariensis,Accipitridae,Accipitriformes,0,6,46.88419113,-18.99795283,0,0,0,0
Accipiter_melanochlamys,Accipitridae,Accipitriformes,0,6,141.8692344,-5.308876276,0,0,0,0
Accipiter_melanoleucus,Accipitridae,Accipitriformes,0,6,25.26338862,-5.837410412,0,0,0,0
Accipiter_meyerianus,Accipitridae,Accipitriformes,0,6,141.6628812,-4.767155677,0,0,0,0
Accipiter_minullus,Accipitridae,Accipitriformes,0,6,29.46419393,-10.16149889,0,0,0,0
Accipiter_nanus,Accipitridae,Accipitriformes,0,1,121.294161,-0.946891401,0,0,0,0
Accipiter_nisus,Accipitridae,Accipitriformes,0,6,73.90824338,55.29542352,0,0,0,0
Accipiter_novaehollandiae,Accipitridae,Accipitriformes,0,1,142.8205158,-20.39856582,0,0,0,0
Accipiter_ovampensis,Accipitridae,Accipitriformes,0,6,23.46472698,-8.329563056,0,0,0,0
Accipiter_poliocephalus,Accipitridae,Accipitriformes,0,1,140.6109567,-5.341154258,0,0,0,0
Accipiter_poliogaster,Accipitridae,Accipitriformes,0,1,-60.26536152,-7.685231377,0,0,0,0
Accipiter_princeps,Accipitridae,Accipitriformes,0,1,151.0385553,-5.350507539,0,0,0,0
Accipiter_rhodogaster,Accipitridae,Accipitriformes,0,6,121.3212227,-1.763785324,0,0,0,0
Accipiter_rufitorques,Accipitridae,Accipitriformes,0,6,178.4845017,-17.45062841,0,0,0,0
Accipiter_rufiventris,Accipitridae,Accipitriformes,0,6,32.58586204,-7.020167452,0,0,0,0
Accipiter_soloensis,Accipitridae,Accipitriformes,0,6,112.0013936,26.98088981,0,0,0,0
Accipiter_striatus,Accipitridae,Accipitriformes,0,6,-94.57611761,30.29556153,0,0,0,0
Accipiter_superciliosus,Accipitridae,Accipitriformes,0,1,-60.98421095,-6.296353547,0,0,0,0
Accipiter_tachiro,Accipitridae,Accipitriformes,0,6,23.64686041,-5.859750812,0,0,0,0
Accipiter_trinotatus,Accipitridae,Accipitriformes,0,6,121.3899008,-1.816361003,0,0,0,0
Accipiter_trivirgatus,Accipitridae,Accipitriformes,0,6,101.509473,14.03150474,0,0,0,0
Accipiter_virgatus,Accipitridae,Accipitriformes,0,6,101.1914228,22.27396188,0,0,0,0
Aceros_cassidix,Bucerotidae,Bucerotiformes,0,1,121.2234168,-2.132368976,0,0,0,0
Aceros_comatus,Bucerotidae,Bucerotiformes,0,6,108.3954651,1.694470768,0,0,0,0
Aceros_corrugatus,Bucerotidae,Bucerotiformes,0,6,108.0196773,0.508794263,0,0,0,0
Aceros_everetti,Bucerotidae,Bucerotiformes,0,1,119.953779,-9.762454807,0,0,0,0
Aceros_leucocephalus,Bucerotidae,Bucerotiformes,0,1,124.8410601,7.699084472,0,0,0,0
Aceros_narcondami,Bucerotidae,Bucerotiformes,0,1,94.28929563,13.43480204,0,0,0,0
Aceros_nipalensis,Bucerotidae,Bucerotiformes,0,1,97.30809145,24.04401337,0,0,0,0
Aceros_plicatus,Bucerotidae,Bucerotiformes,0,6,141.3133165,-5.221807477,0,0,0,0
Aceros_subruficollis,Bucerotidae,Bucerotiformes,0,6,98.69982247,14.2465287,0,0,0,0
Aceros_undulatus,Bucerotidae,Bucerotiformes,0,1,103.8811366,10.07648946,0,0,0,0
Aceros_waldeni,Bucerotidae,Bucerotiformes,0,1,122.442869,11.19317542,0,0,0,0
Acryllium_vulturinum,Numididae,Galliformes,1,3,41.68956654,4.193261249,1,0,0,1
Actenoides_bougainvillei,Alcedinidae,Coraciiformes,1,6,155.6088113,-6.445021669,1,1,0,1
Actenoides_concretus,Alcedinidae,Coraciiformes,1,1,108.6126357,1.278679266,1,1,0,1
Actenoides_hombroni,Alcedinidae,Coraciiformes,1,1,124.831244,7.666486847,1,1,0,1
Actenoides_lindsayi,Alcedinidae,Coraciiformes,1,1,121.799187,14.70629029,1,1,0,1
Actenoides_monachus,Alcedinidae,Coraciiformes,1,1,121.123394,-2.020184606,1,1,0,1
Actenoides_princeps,Alcedinidae,Coraciiformes,1,1,121.2006425,-1.641335793,1,0,0,1
Actitis_hypoleucos,Scolopacidae,Charadriiformes,0,6,82.41891944,58.04924888,0,0,0,0
Actitis_macularius,Scolopacidae,Charadriiformes,0,6,-111.3640951,55.2447862,0,0,0,0
Actophilornis_africanus,Jacanidae,Charadriiformes,0,4,21.3922904,-4.274949479,0,0,0,0
Actophilornis_albinucha,Jacanidae,Charadriiformes,0,4,46.21232565,-16.60070167,0,0,0,0
Adelomyia_melanogenys,Trochilidae,Caprimulgiformes,1,6,-73.24093888,-4.795752918,0,0,0,0
Aechmophorus_clarkii,Podicipedidae,Podicipediformes,0,6,-110.8472489,41.11543743,0,0,0,0
Aechmophorus_occidentalis,Podicipedidae,Podicipediformes,0,6,-109.949426,44.59854091,0,0,0,0
Aegolius_acadicus,Strigidae,Strigiformes,0,6,-102.9710682,47.56705682,0,0,0,0
Aegolius_funereus,Strigidae,Strigiformes,0,1,91.12477991,58.83981096,0,0,0,0
Aegolius_harrisii,Strigidae,Strigiformes,0,1,-54.71869711,-26.68361226,0,0,0,0
Aegolius_ridgwayi,Strigidae,Strigiformes,0,1,-83.39643489,9.427405264,0,0,0,0
Aegotheles_affinis,Aegothelidae,Caprimulgiformes,0,1,NA,NA,0,0,0,0
Aegotheles_albertisi,Aegothelidae,Caprimulgiformes,0,3,145.4117068,-6.754064592,0,0,0,0
Aegotheles_bennettii,Aegothelidae,Caprimulgiformes,0,1,144.3670791,-5.865042311,0,0,0,0
Aegotheles_crinifrons,Aegothelidae,Caprimulgiformes,0,6,127.9522626,0.706724481,0,0,0,0
Aegotheles_cristatus,Aegothelidae,Caprimulgiformes,0,6,134.601557,-26.12092718,0,0,0,0
Aegotheles_insignis,Aegothelidae,Caprimulgiformes,0,1,141.9083337,-5.306506419,0,0,0,0
Aegotheles_savesi,Aegothelidae,Caprimulgiformes,0,1,166.4845178,-21.95894185,0,0,0,0
Aegotheles_tatei,Aegothelidae,Caprimulgiformes,0,1,141.4439974,-5.832798897,0,0,0,0
Aegotheles_wallacii,Aegothelidae,Caprimulgiformes,0,6,139.7378359,-4.447594094,0,0,0,0
Aegypius_monachus,Accipitridae,Accipitriformes,0,3,84.55160072,40.79623608,0,0,0,0
Aenigmatolimnas_marginalis,Rallidae,Gruiformes,0,6,29.44928688,-10.41961388,0,0,0,0
Aepypodius_arfakianus,Megapodiidae,Galliformes,0,1,141.9242186,-5.332741201,0,0,0,0
Aepypodius_bruijnii,Megapodiidae,Galliformes,0,1,130.9748206,-0.164358745,0,0,0,0
Aerodramus_ceramensis,Apodidae,Caprimulgiformes,0,5,NA,NA,0,0,0,0
Aerodramus_sororum,Apodidae,Caprimulgiformes,0,5,NA,NA,0,0,0,0
Aeronautes_andecolus,Apodidae,Caprimulgiformes,0,1,-68.75056221,-24.64543142,0,0,0,0
Aeronautes_montivagus,Apodidae,Caprimulgiformes,0,1,-68.66473365,-3.238981024,0,0,0,0
Aeronautes_saxatalis,Apodidae,Caprimulgiformes,0,6,-109.1385424,33.38134243,0,0,0,0
Aethia_cristatella,Alcidae,Charadriiformes,0,5,165.5531793,55.04055956,0,0,0,0
Aethia_psittacula,Alcidae,Charadriiformes,0,5,-31.99060026,55.86773159,0,0,0,0
Aethia_pusilla,Alcidae,Charadriiformes,0,6,177.2491167,56.49908394,0,0,0,0
Aethia_pygmaea,Alcidae,Charadriiformes,0,5,164.8853569,53.6974729,0,0,0,0
Afropavo_congensis,Phasianidae,Galliformes,1,1,24.24633552,-1.166376795,0,0,0,0
Agamia_agami,Ardeidae,Pelecaniformes,1,6,-63.8809255,-3.095105766,1,0,0,1
Agapornis_canus,Psittaculidae,Psittaciformes,1,3,46.67924963,-19.48048807,0,1,0,1
Agapornis_fischeri,Psittaculidae,Psittaciformes,1,3,34.73465998,-2.473249207,1,1,0,1
Agapornis_lilianae,Psittaculidae,Psittaciformes,1,1,32.59821685,-11.76786421,0,1,0,1
Agapornis_nigrigenis,Psittaculidae,Psittaciformes,1,1,25.42521632,-16.96882933,0,1,0,1
Agapornis_personatus,Psittaculidae,Psittaciformes,1,1,35.62130597,-5.943375326,0,1,0,1
Agapornis_pullarius,Psittaculidae,Psittaciformes,1,6,17.22194002,4.666439213,1,1,0,1
Agapornis_roseicollis,Psittaculidae,Psittaciformes,1,6,16.41132424,-21.06358477,1,1,0,1
Agapornis_swindernianus,Psittaculidae,Psittaciformes,1,1,19.53955913,1.271823722,1,1,0,1
Agapornis_taranta,Psittaculidae,Psittaciformes,1,3,38.31522212,9.927831253,0,1,0,1
Agelastes_meleagrides,Numididae,Galliformes,0,1,-6.954111289,6.418578876,0,0,0,0
Agelastes_niger,Numididae,Galliformes,0,6,16.73433138,1.097357233,0,0,0,0
Aglaeactis_aliciae,Trochilidae,Caprimulgiformes,1,1,-77.74171023,-7.744640819,0,0,0,0
Aglaeactis_castelnaudii,Trochilidae,Caprimulgiformes,1,1,-73.6487643,-12.27147363,0,0,0,0
Aglaeactis_cupripennis,Trochilidae,Caprimulgiformes,1,1,-76.36011841,-5.182650509,0,0,0,0
Aglaeactis_pamela,Trochilidae,Caprimulgiformes,1,1,-66.88929491,-16.87868131,0,0,0,0
Aglaiocercus_berlepschi,Trochilidae,Caprimulgiformes,1,1,-63.74197917,10.21564419,0,0,0,0
Aglaiocercus_coelestis,Trochilidae,Caprimulgiformes,1,1,-77.81703133,1.599796779,0,0,0,0
Aglaiocercus_kingii,Trochilidae,Caprimulgiformes,1,3,-73.4712166,-2.061375663,0,0,0,0
Aix_galericulata,Anatidae,Anseriformes,1,6,132.2352987,45.5370761,0,0,0,0
Aix_sponsa,Anatidae,Anseriformes,1,6,-92.95209499,41.78770345,0,0,0,0
Alca_torda,Alcidae,Charadriiformes,0,5,-20.66516674,62.40857442,0,0,0,0
Alcedo_argentata,Alcedinidae,Coraciiformes,1,6,124.8124363,8.384043034,1,0,0,1
Alcedo_atthis,Alcedinidae,Coraciiformes,1,4,74.00794848,38.7507621,1,1,0,1
Alcedo_azurea,Alcedinidae,Coraciiformes,1,6,141.7763815,-20.84023934,1,0,0,1
Alcedo_coerulescens,Alcedinidae,Coraciiformes,1,4,108.9708899,-6.405345217,1,0,0,1
Alcedo_cristata,Alcedinidae,Coraciiformes,1,6,20.84072766,-4.110203555,1,0,0,1
Alcedo_cyanopectus,Alcedinidae,Coraciiformes,1,4,121.7444367,14.58804371,1,0,0,1
Alcedo_euryzona,Alcedinidae,Coraciiformes,1,4,107.8513434,1.052480907,1,0,0,1
Alcedo_hercules,Alcedinidae,Coraciiformes,1,6,99.29298657,23.05419838,1,1,0,1
Alcedo_leucogaster,Alcedinidae,Coraciiformes,1,6,15.30787864,1.848451109,1,0,0,1
Alcedo_meninting,Alcedinidae,Coraciiformes,1,6,101.9203865,10.63359723,1,0,0,1
Alcedo_peninsulae,Alcedinidae,Coraciiformes,1,6,NA,NA,1,1,0,1
Alcedo_quadribrachys,Alcedinidae,Coraciiformes,1,6,13.89329414,1.587253908,1,0,0,1
Alcedo_semitorquata,Alcedinidae,Coraciiformes,1,6,29.15713194,-14.03186944,1,1,0,1
Alcedo_vintsioides,Alcedinidae,Coraciiformes,1,6,46.67011221,-19.45567117,1,0,0,1
Alcedo_websteri,Alcedinidae,Coraciiformes,1,6,150.7870042,-4.378979399,1,0,0,1
Alectoris_barbara,Phasianidae,Galliformes,1,6,3.342498955,32.29908922,1,0,0,1
Alectoris_chukar,Phasianidae,Galliformes,1,2,79.40240079,40.53975813,1,0,0,1
Alectoris_graeca,Phasianidae,Galliformes,1,6,17.23206886,43.09608648,1,0,0,1
Alectoris_magna,Phasianidae,Galliformes,1,2,100.2395149,36.76971456,1,0,0,1
Alectoris_melanocephala,Phasianidae,Galliformes,1,6,46.99697975,17.30517426,1,0,0,1
Alectoris_philbyi,Phasianidae,Galliformes,1,6,42.78491215,17.90232314,1,0,0,1
Alectoris_rufa,Phasianidae,Galliformes,1,6,-1.914930101,53.02429373,1,0,0,1
Alectroenas_madagascariensis,Columbidae,Columbiformes,1,1,47.63738976,-19.14009942,1,0,0,1
Alectroenas_nitidissimus,Columbidae,Columbiformes,1,NA,NA,NA,1,0,0,1
Alectroenas_pulcherrimus,Columbidae,Columbiformes,0,1,55.51528204,-4.574270981,0,0,0,0
Alectroenas_sganzini,Columbidae,Columbiformes,0,6,44.12085851,-11.87291746,0,0,0,0
Alectura_lathami,Megapodiidae,Galliformes,0,6,148.2397279,-23.19839514,0,0,0,0
Alipiopsitta_xanthops,Psittacidae,Psittaciformes,1,3,-49.23294342,-14.23429371,0,1,0,1
Alisterus_amboinensis,Psittaculidae,Psittaciformes,1,6,131.2302701,-1.904589546,1,1,0,1
Alisterus_chloropterus,Psittaculidae,Psittaciformes,1,1,142.193919,-5.431499685,1,1,0,1
Alisterus_scapularis,Psittaculidae,Psittaciformes,1,3,149.252585,-29.8196228,1,1,0,1
Alle_alle,Alcidae,Charadriiformes,0,5,45.892394,78.23487317,0,0,0,0
Alopecoenas_salamonis,Columbidae,Columbiformes,1,1,NA,NA,0,0,0,0
Alopochen_aegyptiaca,Anatidae,Anseriformes,1,6,23.60864175,-2.704634124,0,0,0,0
Amaurolimnas_concolor,Rallidae,Gruiformes,0,6,-69.28603447,-1.828313726,0,0,0,0
Amaurornis_akool,Rallidae,Gruiformes,0,4,91.02054259,23.86922818,0,0,0,0
Amaurornis_bicolor,Rallidae,Gruiformes,0,6,99.32089161,25.2845218,0,0,0,0
Amaurornis_flavirostra,Rallidae,Gruiformes,0,4,20.07254242,-3.013287649,0,0,0,0
Amaurornis_isabellina,Rallidae,Gruiformes,0,6,122.2758562,-0.471088153,0,0,0,0
Amaurornis_magnirostris,Rallidae,Gruiformes,0,1,126.7863448,4.284437906,0,0,0,0
Amaurornis_moluccana,Rallidae,Gruiformes,0,6,141.8118036,-9.98988823,0,0,0,0
Amaurornis_olivacea,Rallidae,Gruiformes,0,6,123.0815553,11.87686811,0,0,0,0
Amaurornis_olivieri,Rallidae,Gruiformes,0,4,44.65816891,-18.45664505,0,0,0,0
Amaurornis_phoenicurus,Rallidae,Gruiformes,0,6,99.05105894,19.25912766,0,0,0,0
Amazilia_amazilia,Trochilidae,Caprimulgiformes,1,6,-79.09735994,-6.465021301,0,0,0,0
Amazilia_beryllina,Trochilidae,Caprimulgiformes,1,6,-100.0109432,19.93528721,0,0,0,0
Amazilia_boucardi,Trochilidae,Caprimulgiformes,1,6,-84.03539672,9.277467658,0,0,0,0
Amazilia_brevirostris,Trochilidae,Caprimulgiformes,1,6,-61.10855912,6.441430314,0,0,0,0
Amazilia_candida,Trochilidae,Caprimulgiformes,1,1,-90.34887291,17.3005125,0,0,0,0
Amazilia_castaneiventris,Trochilidae,Caprimulgiformes,1,1,-73.20459927,6.785431555,0,0,0,0
Amazilia_chionogaster,Trochilidae,Caprimulgiformes,1,6,-69.33621553,-16.62225747,0,0,0,0
Amazilia_cupreicauda,Trochilidae,Caprimulgiformes,1,6,NA,NA,0,0,0,0
Amazilia_cyanifrons,Trochilidae,Caprimulgiformes,1,6,-75.1142396,3.76594004,0,0,0,0
Amazilia_cyanocephala,Trochilidae,Caprimulgiformes,1,3,-91.3247689,16.43631477,0,0,0,0
Amazilia_cyanura,Trochilidae,Caprimulgiformes,1,6,-88.55106374,13.89356194,0,0,0,0
Amazilia_edward,Trochilidae,Caprimulgiformes,1,6,-80.46087672,8.431286107,0,0,0,0
Amazilia_fimbriata,Trochilidae,Caprimulgiformes,1,6,-56.9974695,-6.990550719,0,0,0,0
Amazilia_franciae,Trochilidae,Caprimulgiformes,1,1,-77.05798334,-0.389962019,0,0,0,0
Amazilia_hoffmanni,Trochilidae,Caprimulgiformes,1,6,NA,NA,0,0,0,0
Amazilia_lactea,Trochilidae,Caprimulgiformes,1,6,-59.88044906,-13.1171578,0,0,0,0
Amazilia_leucogaster,Trochilidae,Caprimulgiformes,1,6,-52.12959848,2.230184898,0,0,0,0
Amazilia_luciae,Trochilidae,Caprimulgiformes,1,1,-87.18705327,15.18810988,0,0,0,0
Amazilia_rutila,Trochilidae,Caprimulgiformes,1,1,-94.26837899,17.30096794,0,0,0,0
Amazilia_saucerottei,Trochilidae,Caprimulgiformes,1,6,-76.7286326,8.576335142,0,0,0,0
Amazilia_tobaci,Trochilidae,Caprimulgiformes,1,6,-65.33876967,7.920924436,0,0,0,0
Amazilia_tzacatl,Trochilidae,Caprimulgiformes,1,6,-81.85981937,10.83316309,0,0,0,0
Amazilia_versicolor,Trochilidae,Caprimulgiformes,1,6,-54.77785497,-11.22904681,0,0,0,0
Amazilia_violiceps,Trochilidae,Caprimulgiformes,1,6,-105.175052,23.80438042,0,0,0,0
Amazilia_viridicauda,Trochilidae,Caprimulgiformes,1,1,-64.57467702,2.884327746,0,0,0,0
Amazilia_viridifrons,Trochilidae,Caprimulgiformes,1,1,-96.33033453,16.67396801,0,0,0,0
Amazilia_viridigaster,Trochilidae,Caprimulgiformes,1,1,-64.85341677,4.974801709,0,0,0,0
Amazilia_yucatanensis,Trochilidae,Caprimulgiformes,1,6,-93.63426943,20.42039525,0,0,0,0
Amazona_aestiva,Psittacidae,Psittaciformes,1,3,-54.51095339,-19.12664518,1,1,0,1
Amazona_agilis,Psittacidae,Psittaciformes,1,1,-77.53632127,18.23650853,1,1,0,1
Amazona_albifrons,Psittacidae,Psittaciformes,1,6,-92.71635236,17.98600487,1,1,0,1
Amazona_amazonica,Psittacidae,Psittaciformes,1,6,-58.76330879,-5.314751902,1,1,0,1
Amazona_arausiaca,Psittacidae,Psittaciformes,1,6,-61.37635272,15.46364206,1,1,0,1
Amazona_auropalliata,Psittacidae,Psittaciformes,1,6,-87.86487377,13.57608724,1,1,0,1
Amazona_autumnalis,Psittacidae,Psittaciformes,1,6,-83.51071658,11.38798378,1,1,1,1
Amazona_barbadensis,Psittacidae,Psittaciformes,1,1,-69.32939631,11.2640628,1,1,0,1
Amazona_brasiliensis,Psittacidae,Psittaciformes,1,6,-48.03943948,-25.12629239,1,1,1,1
Amazona_collaria,Psittacidae,Psittaciformes,1,6,-77.29349494,18.1809309,1,1,0,1
Amazona_dufresniana,Psittacidae,Psittaciformes,1,1,-56.94972007,4.81701242,1,1,0,1
Amazona_farinosa,Psittacidae,Psittaciformes,1,1,-64.73892731,-2.641611194,1,1,0,1
Amazona_festiva,Psittacidae,Psittaciformes,1,6,-63.06152566,-1.05552935,1,1,0,1
Amazona_finschi,Psittacidae,Psittaciformes,1,1,-104.9811376,22.40099781,1,1,1,1
Amazona_guildingii,Psittacidae,Psittaciformes,1,6,-61.19705482,13.25202317,1,1,0,1
Amazona_imperialis,Psittacidae,Psittaciformes,1,1,-61.39316267,15.49716426,1,1,1,1
Amazona_kawalli,Psittacidae,Psittaciformes,1,6,-59.9925808,-5.983420714,1,1,0,1
Amazona_leucocephala,Psittacidae,Psittaciformes,1,6,-78.94906107,21.86155134,1,1,0,1
Amazona_mercenarius,Psittacidae,Psittaciformes,1,1,-74.04438501,-3.429207518,1,1,0,1
Amazona_ochrocephala,Psittacidae,Psittaciformes,1,3,-64.36852679,-1.821618052,1,1,0,1
Amazona_oratrix,Psittacidae,Psittaciformes,1,6,-93.47204255,18.35072866,1,1,1,1
Amazona_pretrei,Psittacidae,Psittaciformes,1,1,-52.02378438,-28.84294056,1,1,0,1
Amazona_rhodocorytha,Psittacidae,Psittaciformes,1,1,-42.35657752,-20.95122184,1,1,0,1
Amazona_tucumana,Psittacidae,Psittaciformes,1,1,-64.39457901,-23.06272287,1,1,0,1
Amazona_ventralis,Psittacidae,Psittaciformes,1,3,-70.93231086,18.65901159,1,1,0,1
Amazona_versicolor,Psittacidae,Psittaciformes,1,1,-60.97213788,13.87678955,1,1,1,1
Amazona_vinacea,Psittacidae,Psittaciformes,1,2,-47.85695513,-24.87721966,1,1,1,1
Amazona_viridigenalis,Psittacidae,Psittaciformes,1,1,-99.08132048,22.343408,1,1,1,1
Amazona_vittata,Psittacidae,Psittaciformes,1,6,-65.81740527,18.28824837,1,1,0,1
Amazona_xantholora,Psittacidae,Psittaciformes,1,3,-88.99598554,19.72994304,1,1,0,1
Amazonetta_brasiliensis,Anatidae,Anseriformes,1,4,-53.25687526,-15.20337057,0,0,0,0
Ammoperdix_griseogularis,Phasianidae,Galliformes,0,2,59.5045317,33.33556518,0,0,0,0
Ammoperdix_heyi,Phasianidae,Galliformes,0,2,41.43142793,24.04808779,0,0,0,0
Anarhynchus_frontalis,Charadriidae,Charadriiformes,0,5,170.5186604,-43.88081308,0,0,0,0
Anas_acuta,Anatidae,Anseriformes,1,6,25.96158567,61.67701778,0,0,0,0
Anas_albogularis,Anatidae,Anseriformes,1,4,NA,NA,0,0,0,0
Anas_americana,Anatidae,Anseriformes,1,6,-119.4328936,56.64155893,0,0,0,0
Anas_andium,Anatidae,Anseriformes,1,4,-75.53882772,4.028422894,0,0,0,0
Anas_aucklandica,Anatidae,Anseriformes,1,5,166.0995123,-50.76517366,0,0,0,0
Anas_bahamensis,Anatidae,Anseriformes,1,6,-62.20905235,-21.60654298,0,0,0,0
Anas_bernieri,Anatidae,Anseriformes,1,6,45.83960085,-17.15557197,0,0,0,0
Anas_capensis,Anatidae,Anseriformes,1,6,23.19565633,-18.72136719,0,0,0,0
Anas_castanea,Anatidae,Anseriformes,1,6,139.4219384,-30.21615399,0,0,0,0
Anas_chlorotis,Anatidae,Anseriformes,1,6,172.1691597,-39.12817398,0,0,0,0
Anas_clypeata,Anatidae,Anseriformes,1,4,20.6799535,57.61847942,1,0,0,1
Anas_crecca,Anatidae,Anseriformes,1,4,17.2082194,59.89935759,0,0,0,0
Anas_cyanoptera,Anatidae,Anseriformes,1,4,-94.37748846,9.968447899,0,0,0,0
Anas_diazi,Anatidae,Anseriformes,1,4,NA,NA,0,0,0,0
Anas_discors,Anatidae,Anseriformes,1,6,-106.919386,50.07981201,0,0,0,0
Anas_eatoni,Anatidae,Anseriformes,1,4,67.22202769,-48.91147347,0,0,0,0
Anas_erythrorhyncha,Anatidae,Anseriformes,1,4,29.75086746,-11.20658742,0,0,0,0
Anas_falcata,Anatidae,Anseriformes,1,6,121.6590323,56.02765675,0,0,0,0
Anas_flavirostris,Anatidae,Anseriformes,1,6,-66.77123727,-35.81749953,0,0,0,0
Anas_formosa,Anatidae,Anseriformes,1,4,141.2389501,65.51648036,0,0,0,0
Anas_fulvigula,Anatidae,Anseriformes,1,6,-88.2950724,28.1637206,0,0,0,0
Anas_georgica,Anatidae,Anseriformes,1,6,-66.4632511,-35.10094096,0,0,0,0
Anas_gibberifrons,Anatidae,Anseriformes,1,6,114.1638073,-3.891020071,0,0,0,0
Anas_gracilis,Anatidae,Anseriformes,1,6,136.3344072,-24.09198768,0,0,0,0
Anas_hottentota,Anatidae,Anseriformes,1,4,30.23448392,-12.08106851,0,0,0,0
Anas_laysanensis,Anatidae,Anseriformes,1,6,-171.7313344,25.76432794,0,0,0,0
Anas_luzonica,Anatidae,Anseriformes,1,6,122.9595739,11.75887146,0,0,0,0
Anas_melleri,Anatidae,Anseriformes,1,4,48.02590436,-19.44331047,0,0,0,0
Anas_nesiotis,Anatidae,Anseriformes,1,6,169.0667077,-52.52515617,0,0,0,0
Anas_penelope,Anatidae,Anseriformes,1,6,94.06909562,63.37248602,0,0,0,0
Anas_platalea,Anatidae,Anseriformes,1,4,-66.25329399,-37.58364452,0,0,0,0
Anas_platyrhynchos,Anatidae,Anseriformes,1,6,-2.657767885,54.03554157,0,0,0,0
Anas_poecilorhyncha,Anatidae,Anseriformes,1,6,104.7582525,34.09904917,0,0,0,0
Anas_puna,Anatidae,Anseriformes,1,4,-69.05411795,-18.22950606,0,0,0,0
Anas_querquedula,Anatidae,Anseriformes,1,6,74.54258095,54.67564848,0,0,0,0
Anas_rhynchotis,Anatidae,Anseriformes,1,4,139.2400379,-29.90231042,0,0,0,0
Anas_rubripes,Anatidae,Anseriformes,1,6,-79.18692398,50.58630479,0,0,0,0
Anas_sibilatrix,Anatidae,Anseriformes,1,6,-67.85701412,-41.54725445,0,0,0,0
Anas_smithii,Anatidae,Anseriformes,1,4,22.57517685,-25.26544636,0,0,0,0
Anas_sparsa,Anatidae,Anseriformes,1,6,28.43448081,-10.57759847,0,0,0,0
Anas_strepera,Anatidae,Anseriformes,1,6,26.80229533,50.39295925,0,0,0,0
Anas_superciliosa,Anatidae,Anseriformes,1,4,136.2130413,-23.27302433,0,0,0,0
Anas_theodori,Anatidae,Anseriformes,1,NA,NA,NA,0,0,0,0
Anas_undulata,Anatidae,Anseriformes,1,6,28.44942967,-11.42400615,0,0,0,0
Anas_versicolor,Anatidae,Anseriformes,1,4,-64.73200002,-38.20456553,0,0,0,0
Anas_wyviliana,Anatidae,Anseriformes,1,4,-157.3319781,20.91718518,0,0,0,0
Anas_zonorhyncha,Anatidae,Anseriformes,1,6,NA,NA,0,0,0,0
Anastomus_lamelligerus,Ciconiidae,Ciconiiformes,1,4,25.19760483,-3.263479175,0,0,0,0
Anastomus_oscitans,Ciconiidae,Ciconiiformes,0,4,84.49703015,21.16041262,0,0,0,0
Andigena_cucullata,Ramphastidae,Piciformes,1,1,-67.81713914,-15.8124608,1,0,0,1
Andigena_hypoglauca,Ramphastidae,Piciformes,1,1,-76.4131631,-4.978432369,1,0,0,1
Andigena_laminirostris,Ramphastidae,Piciformes,1,1,-78.56578377,0.047582812,1,0,0,1
Andigena_nigrirostris,Ramphastidae,Piciformes,1,6,-74.97047878,3.989427955,1,0,0,1
Androdon_aequatorialis,Trochilidae,Caprimulgiformes,1,1,-77.29615294,4.514470583,0,0,0,0
Anhima_cornuta,Anhimidae,Anseriformes,0,4,-58.42533922,-6.359800428,0,0,0,0
Anhinga_anhinga,Anhingidae,Suliformes,0,6,-61.75085816,-5.879228905,0,0,0,0
Anhinga_melanogaster,Anhingidae,Suliformes,0,6,94.08889843,15.13890264,0,0,0,0
Anhinga_novaehollandiae,Anhingidae,Suliformes,0,6,136.72862,-23.59134854,0,0,0,0
Anhinga_rufa,Anhingidae,Suliformes,0,6,22.93502387,-3.573185379,0,0,0,0
Anodorhynchus_glaucus,Psittacidae,Psittaciformes,1,6,NA,NA,1,1,0,1
Anodorhynchus_hyacinthinus,Psittacidae,Psittaciformes,1,1,-52.70962911,-11.9407258,1,0,0,1
Anodorhynchus_leari,Psittacidae,Psittaciformes,1,1,-38.84849406,-9.812492541,1,0,0,1
Anopetia_gounellei,Trochilidae,Caprimulgiformes,0,1,-41.43541839,-9.661594156,0,0,0,0
Anorrhinus_austeni,Bucerotidae,Bucerotiformes,0,1,100.1855139,19.26092904,0,0,0,0
Anorrhinus_galeritus,Bucerotidae,Bucerotiformes,0,6,108.266188,1.158145025,0,0,0,0
Anorrhinus_tickelli,Bucerotidae,Bucerotiformes,0,1,98.75130579,14.85991188,0,0,0,0
Anous_minutus,Laridae,Charadriiformes,0,6,-63.450069,18.594606,0,0,0,0
Anous_stolidus,Laridae,Charadriiformes,0,6,-129.7643225,13.66751432,0,0,0,0
Anous_tenuirostris,Laridae,Charadriiformes,0,5,57.22443735,-19.10440187,0,0,0,0
Anser_albifrons,Anatidae,Anseriformes,0,6,-131.7082832,66.53974668,0,0,0,0
Anser_anser,Anatidae,Anseriformes,0,6,74.1687776,52.87501515,0,0,0,0
Anser_brachyrhynchus,Anatidae,Anseriformes,0,6,-19.66689803,72.45242966,0,0,0,0
Anser_cygnoides,Anatidae,Anseriformes,0,6,112.5518133,49.93222374,0,0,0,0
Anser_erythropus,Anatidae,Anseriformes,0,6,95.11997666,68.52895205,0,0,0,0
Anser_fabalis,Anatidae,Anseriformes,0,4,105.5057273,65.04877548,0,0,0,0
Anser_indicus,Anatidae,Anseriformes,0,6,86.97533022,41.39743842,0,0,0,0
Anser_serrirostris,Anatidae,Anseriformes,0,6,NA,NA,0,0,0,0
Anseranas_semipalmata,Anseranatidae,Anseriformes,0,6,137.4242756,-20.54057768,0,0,0,0
Anthocephala_berlepschi,Trochilidae,Caprimulgiformes,1,1,NA,NA,0,0,0,0
Anthocephala_floriceps,Trochilidae,Caprimulgiformes,1,1,-75.09216811,5.314783398,0,0,0,0
Anthracoceros_albirostris,Bucerotidae,Bucerotiformes,0,6,99.76055018,14.29272852,0,0,0,0
Anthracoceros_coronatus,Bucerotidae,Bucerotiformes,0,6,80.77671966,19.10819916,0,0,0,0
Anthracoceros_malayanus,Bucerotidae,Bucerotiformes,0,6,109.0118296,0.648278745,0,0,0,0
Anthracoceros_marchei,Bucerotidae,Bucerotiformes,0,6,118.6719013,9.925588307,0,0,0,0
Anthracoceros_montani,Bucerotidae,Bucerotiformes,0,1,120.0476641,5.197718538,0,0,0,0
Anthracothorax_aurulentus,Trochilidae,Caprimulgiformes,1,6,-70.72960843,18.83456096,0,0,0,0
Anthracothorax_dominicus,Trochilidae,Caprimulgiformes,1,6,-70.72960843,18.83456096,0,0,0,0
Anthracothorax_mango,Trochilidae,Caprimulgiformes,1,6,-77.31089921,18.15643155,0,0,0,0
Anthracothorax_nigricollis,Trochilidae,Caprimulgiformes,1,6,-58.88822962,-9.650838205,0,0,0,0
Anthracothorax_prevostii,Trochilidae,Caprimulgiformes,1,6,-88.20895633,15.84303896,0,0,0,0
Anthracothorax_veraguensis,Trochilidae,Caprimulgiformes,1,1,-81.75389853,8.259317626,0,0,0,0
Anthracothorax_viridigula,Trochilidae,Caprimulgiformes,1,6,-54.13004567,1.647376691,0,0,0,0
Anthracothorax_viridis,Trochilidae,Caprimulgiformes,1,6,-66.47591436,18.22772381,0,0,0,0
Antrostomus_arizonae,Caprimulgidae,Caprimulgiformes,0,6,NA,NA,0,0,0,0
Anurolimnas_castaneiceps,Caprimulgidae,Caprimulgiformes,0,6,-74.31485342,-5.566681735,0,0,0,0
Anurolimnas_fasciatus,Caprimulgidae,Caprimulgiformes,0,6,-71.00807916,-5.209201495,0,0,0,0
Anurolimnas_viridis,Caprimulgidae,Caprimulgiformes,0,6,-56.50885134,-7.380018709,0,0,0,0
Anurophasis_monorthonyx,Phasianidae,Galliformes,0,2,138.2789819,-4.12499886,0,0,0,0
Apalharpactes_mackloti,Trogonidae,Trogoniformes,1,1,99.74988955,0.685081771,0,0,0,0
Apalharpactes_reinwardtii,Trogonidae,Trogoniformes,1,1,106.4766876,-6.753837029,0,0,0,0
Apaloderma_aequatoriale,Trogonidae,Trogoniformes,1,6,15.11774778,1.213522856,1,0,0,1
Apaloderma_narina,Trogonidae,Trogoniformes,1,6,23.93813651,-3.849575146,0,1,0,1
Apaloderma_vittatum,Trogonidae,Trogoniformes,1,1,29.23649683,-3.28711855,1,1,1,1
Aphantochroa_cirrochloris,Trochilidae,Caprimulgiformes,1,6,-45.84059546,-20.08992305,0,0,0,0
Aphriza_virgata,Scolopacidae,Charadriiformes,0,5,-147.8838438,63.71052182,0,0,0,0
Aplopelia_larvata,Columbidae,Columbiformes,1,1,29.23545581,-5.29366999,0,0,0,0
Aprosmictus_erythropterus,Psittaculidae,Psittaciformes,1,3,141.4924761,-21.64699123,1,1,0,1
Aprosmictus_jonquillaceus,Psittaculidae,Psittaciformes,1,6,125.1166232,-9.170602457,1,1,0,1
Aptenodytes_forsteri,Spheniscidae,Sphenisciformes,1,5,50.52965296,-71.04612009,1,0,0,1
Aptenodytes_patagonicus,Spheniscidae,Sphenisciformes,1,5,-14.19685016,-51.386462,1,0,0,1
Apteryx_australis,Apterygidae,Apterygiformes,0,6,167.3602064,-45.62126935,0,0,0,0
Apteryx_haastii,Apterygidae,Apterygiformes,0,3,172.1472502,-41.52218407,0,0,0,0
Apteryx_mantelli,Apterygidae,Apterygiformes,0,6,175.3889156,-37.96676693,0,0,0,0
Apteryx_owenii,Apterygidae,Apterygiformes,0,3,175.1521469,-37.42827176,0,0,0,0
Apteryx_rowi,Apterygidae,Apterygiformes,0,1,NA,NA,0,0,0,0
Apus_acuticauda,Apodidae,Caprimulgiformes,0,6,91.64200127,25.25622152,0,0,0,0
Apus_affinis,Apodidae,Caprimulgiformes,0,6,29.86341048,2.992045672,0,0,0,0
Apus_alexandri,Apodidae,Caprimulgiformes,0,6,-24.32712229,15.82109369,0,0,0,0
Apus_apus,Apodidae,Caprimulgiformes,0,2,56.81023057,51.04573794,0,0,0,0
Apus_balstoni,Apodidae,Caprimulgiformes,0,6,46.67011217,-19.45567097,0,0,0,0
Apus_barbatus,Apodidae,Caprimulgiformes,0,1,30.1547537,-21.62846871,0,0,0,0
Apus_batesi,Apodidae,Caprimulgiformes,0,1,5.391444951,4.721650524,0,0,0,0
Apus_berliozi,Apodidae,Caprimulgiformes,0,6,48.02071736,5.923454356,0,0,0,0
Apus_bradfieldi,Apodidae,Caprimulgiformes,0,6,17.72997452,-24.06676158,0,0,0,0
Apus_caffer,Apodidae,Caprimulgiformes,0,3,24.3576976,-2.330488146,0,0,0,0
Apus_cooki,Apodidae,Caprimulgiformes,0,6,NA,NA,0,0,0,0
Apus_horus,Apodidae,Caprimulgiformes,0,6,28.17389924,-18.39186004,0,0,0,0
Apus_leuconyx,Apodidae,Caprimulgiformes,0,1,NA,NA,0,0,0,0
Apus_niansae,Apodidae,Caprimulgiformes,0,6,38.91817882,6.719467577,0,0,0,0
Apus_nipalensis,Apodidae,Caprimulgiformes,0,6,106.2431618,16.36365771,0,0,0,0
Apus_pacificus,Apodidae,Caprimulgiformes,0,6,118.4645269,48.43784863,0,0,0,0
Apus_pallidus,Apodidae,Caprimulgiformes,0,6,20.18817624,30.84192429,0,0,0,0
Apus_salimalii,Apodidae,Caprimulgiformes,0,6,NA,NA,0,0,0,0
Apus_unicolor,Apodidae,Caprimulgiformes,0,6,-15.72749936,28.81316454,0,0,0,0
Aquila_adalberti,Accipitridae,Accipitriformes,0,3,-4.925977437,39.18707447,0,0,0,0
Aquila_africana,Accipitridae,Accipitriformes,0,6,13.67644483,1.971161266,0,0,0,0
Aquila_audax,Accipitridae,Accipitriformes,0,6,134.5692725,-26.17977309,0,0,0,0
Aquila_chrysaetos,Accipitridae,Accipitriformes,0,6,31.76941194,54.43443684,0,0,0,0
Aquila_clanga,Accipitridae,Accipitriformes,0,6,69.38302381,55.98342915,0,0,0,0
Aquila_fasciata,Accipitridae,Accipitriformes,0,6,60.33646081,28.02637358,0,0,0,0
Aquila_gurneyi,Accipitridae,Accipitriformes,0,6,140.182193,-5.024667847,0,0,0,0
Aquila_hastata,Accipitridae,Accipitriformes,0,6,81.1473427,21.64737458,0,0,0,0
Aquila_heliaca,Accipitridae,Accipitriformes,0,6,70.9300543,50.29850061,0,0,0,0
Aquila_nipalensis,Accipitridae,Accipitriformes,0,6,82.83366375,46.93992237,0,0,0,0
Aquila_pomarina,Accipitridae,Accipitriformes,0,6,28.46959897,49.21246348,0,0,0,0
Aquila_rapax,Accipitridae,Accipitriformes,0,3,30.49208347,3.640169899,0,0,0,0
Aquila_verreauxii,Accipitridae,Accipitriformes,0,6,29.10054116,-9.720201208,0,0,0,0
Aquila_wahlbergi,Accipitridae,Accipitriformes,0,6,24.11350985,-6.693654662,0,0,0,0
Ara_ambiguus,Psittacidae,Psittaciformes,1,1,-79.33460568,7.846179536,1,1,0,1
Ara_ararauna,Psittacidae,Psittaciformes,1,3,-60.809618,-6.642623426,1,1,0,1
Ara_chloropterus,Psittacidae,Psittaciformes,1,1,-61.91865373,-5.294795834,1,1,0,1
Ara_glaucogularis,Psittacidae,Psittaciformes,1,3,-65.16809076,-13.82732124,1,1,0,1
Ara_macao,Psittacidae,Psittaciformes,1,6,-63.75459579,-3.033858644,1,1,0,1
Ara_militaris,Psittacidae,Psittaciformes,1,1,-74.12391824,-3.446200365,1,1,0,1
Ara_rubrogenys,Psittacidae,Psittaciformes,1,1,-64.8643566,-18.29049331,1,1,0,1
Ara_severus,Psittacidae,Psittaciformes,1,6,-64.98080588,-4.353195932,1,1,0,1
Ara_tricolor,Psittacidae,Psittaciformes,1,NA,NA,NA,1,1,0,1
Aramides_albiventris,Rallidae,Gruiformes,0,6,-58.80025769,-8.851104253,0,0,0,0
Aramides_axillaris,Rallidae,Gruiformes,0,6,-78.43371646,12.06596237,0,0,0,0
Aramides_cajanea,Rallidae,Gruiformes,0,6,-58.80025769,-8.851104253,0,0,0,0
Aramides_calopterus,Rallidae,Gruiformes,0,6,-71.57385848,-5.748295925,0,0,0,0
Aramides_mangle,Rallidae,Gruiformes,0,6,-39.75279456,-8.371483415,0,0,0,0
Aramides_saracura,Rallidae,Gruiformes,0,6,-50.04924705,-25.33087122,0,0,0,0
Aramides_wolfi,Rallidae,Gruiformes,0,6,-77.50401937,5.377634596,0,0,0,0
Aramides_ypecaha,Rallidae,Gruiformes,0,6,-53.95891378,-21.57574272,0,0,0,0
Aramidopsis_plateni,Rallidae,Gruiformes,0,1,121.5153098,-0.821445768,0,0,0,0
Aramus_guarauna,Aramidae,Gruiformes,0,6,-58.37294944,-11.27337284,0,0,0,0
Aratinga_acuticaudata,Psittacidae,Psittaciformes,1,3,-59.10283251,-17.90955745,1,1,0,1
Aratinga_auricapillus,Psittacidae,Psittaciformes,1,6,-43.46860488,-17.83639629,1,1,0,1
Aratinga_brevipes,Psittacidae,Psittaciformes,1,1,-110.9852702,18.77935278,0,1,0,1
Aratinga_chloroptera,Psittacidae,Psittaciformes,1,1,-71.44535202,18.90399038,0,1,0,1
Aratinga_erythrogenys,Psittacidae,Psittaciformes,1,6,-79.99853198,-2.954521625,0,1,0,1
Aratinga_euops,Psittacidae,Psittaciformes,1,6,-78.66033031,21.54858791,0,1,0,1
Aratinga_finschi,Psittacidae,Psittaciformes,1,6,-83.79272985,10.63266837,0,1,0,1
Aratinga_holochlora,Psittacidae,Psittaciformes,1,1,-97.05542604,20.86536294,0,1,0,1
Aratinga_jandaya,Psittacidae,Psittaciformes,1,6,-44.26225742,-6.855451151,1,1,0,1
Aratinga_leucophthalma,Psittacidae,Psittaciformes,1,6,-58.052356,-13.15516279,0,1,0,1
Aratinga_maculata,Psittacidae,Psittaciformes,1,1,NA,NA,1,1,0,1
Aratinga_mitrata,Psittacidae,Psittaciformes,1,1,-67.29589086,-18.55183966,0,1,0,1
Aratinga_solstitialis,Psittacidae,Psittaciformes,1,3,-57.99826237,1.625419453,0,1,0,1
Aratinga_wagleri,Psittacidae,Psittaciformes,1,1,-75.07473204,-0.735293784,0,1,0,1
Aratinga_weddellii,Psittacidae,Psittaciformes,1,6,-68.81089234,-8.164864399,1,1,0,1
Arborophila_ardens,Phasianidae,Galliformes,1,1,109.5095948,18.8623663,1,0,0,1
Arborophila_atrogularis,Phasianidae,Galliformes,1,6,94.52351417,24.77155015,1,0,0,1
Arborophila_brunneopectus,Phasianidae,Galliformes,1,1,102.1084461,19.48058886,1,0,0,1
Arborophila_cambodiana,Phasianidae,Galliformes,1,1,103.2003793,12.46060454,1,0,0,1
Arborophila_campbelli,Phasianidae,Galliformes,1,6,101.8958506,4.601452836,1,0,0,1
Arborophila_crudigularis,Phasianidae,Galliformes,1,1,121.0936042,23.78257264,1,0,0,1
Arborophila_davidi,Phasianidae,Galliformes,1,1,107.2988652,11.86726943,1,0,0,1
Arborophila_gingica,Phasianidae,Galliformes,1,3,115.2632917,25.76537562,1,0,0,1
Arborophila_hyperythra,Phasianidae,Galliformes,1,1,115.1759725,2.251695848,1,0,0,1
Arborophila_javanica,Phasianidae,Galliformes,1,1,108.7502828,-7.268610604,1,0,0,1
Arborophila_mandellii,Phasianidae,Galliformes,1,1,92.92491663,27.73269421,1,0,0,1
Arborophila_orientalis,Phasianidae,Galliformes,1,1,113.2567963,-8.034302311,1,0,0,1
Arborophila_rolli,Phasianidae,Galliformes,1,1,97.72982039,3.481344373,1,0,0,1
Arborophila_rubrirostris,Phasianidae,Galliformes,1,1,99.70631979,0.72499599,1,0,0,1
Arborophila_rufipectus,Phasianidae,Galliformes,1,6,103.5667677,28.66406679,1,0,0,1
Arborophila_rufogularis,Phasianidae,Galliformes,1,1,95.89626911,23.40421811,1,0,0,1
Arborophila_sumatrana,Phasianidae,Galliformes,1,1,101.676726,-2.053557286,1,0,0,1
Arborophila_torqueola,Phasianidae,Galliformes,1,6,92.06721043,27.27050255,1,0,0,1
Archilochus_alexandri,Trochilidae,Caprimulgiformes,1,6,-111.4605221,37.5661255,0,0,0,0
Archilochus_colubris,Trochilidae,Caprimulgiformes,1,1,-88.05319211,42.93889845,0,0,0,0
Ardea_cinerea,Ardeidae,Pelecaniformes,0,6,59.39878815,25.27094365,0,0,0,0
Ardea_cocoi,Ardeidae,Pelecaniformes,0,6,-58.53878285,-13.36175742,0,0,0,0
Ardea_goliath,Ardeidae,Pelecaniformes,0,4,22.1920115,0.428621608,0,0,0,0
Ardea_herodias,Ardeidae,Pelecaniformes,0,6,-100.3973957,43.33710631,0,0,0,0
Ardea_humbloti,Ardeidae,Pelecaniformes,0,4,45.80881637,-18.25612439,0,0,0,0
Ardea_insignis,Ardeidae,Pelecaniformes,0,6,93.21042141,27.35423188,0,0,0,0
Ardea_melanocephala,Ardeidae,Pelecaniformes,0,6,21.50691286,-2.49999845,0,0,0,0
Ardea_pacifica,Ardeidae,Pelecaniformes,0,4,135.1432577,-25.6785391,0,0,0,0
Ardea_picata,Ardeidae,Pelecaniformes,0,6,131.4937947,-13.77648959,0,0,0,0
Ardea_purpurea,Ardeidae,Pelecaniformes,0,4,50.7136432,12.52877172,0,0,0,0
Ardea_sumatrana,Ardeidae,Pelecaniformes,0,6,126.1411454,-4.102774682,0,0,0,0
Ardeola_bacchus,Ardeidae,Pelecaniformes,1,6,114.3712338,33.7394149,1,0,0,1
Ardeola_grayii,Ardeidae,Pelecaniformes,0,6,79.75798147,23.10248946,0,0,0,0
Ardeola_idae,Ardeidae,Pelecaniformes,0,4,46.82542442,-19.09754418,0,0,0,0
Ardeola_ralloides,Ardeidae,Pelecaniformes,0,6,24.20224694,0.097278883,0,0,0,0
Ardeola_rufiventris,Ardeidae,Pelecaniformes,1,6,27.80765246,-12.10294548,1,0,0,1
Ardeola_speciosa,Ardeidae,Pelecaniformes,0,6,114.902769,-0.436130905,0,0,0,0
Ardeotis_arabs,Otididae,Otidiformes,0,6,19.2340439,13.98942611,0,0,0,0
Ardeotis_australis,Otididae,Otidiformes,0,6,133.4207875,-24.39103364,0,0,0,0
Ardeotis_kori,Otididae,Otidiformes,0,3,26.3144094,-16.41781658,0,0,0,0
Ardeotis_nigriceps,Otididae,Otidiformes,0,6,74.33717029,22.7911808,0,0,0,0
Arenaria_interpres,Scolopacidae,Charadriiformes,0,6,-127.7904311,72.64554552,0,0,0,0
Arenaria_melanocephala,Scolopacidae,Charadriiformes,0,5,-163.3009462,63.59367442,0,0,0,0
Argusianus_argus,Phasianidae,Galliformes,0,1,108.3932476,1.095597419,0,0,0,0
Asio_abyssinicus,Strigidae,Strigiformes,0,6,34.91767388,4.761836312,0,0,0,0
Asio_capensis,Strigidae,Strigiformes,0,2,28.06586327,-10.6105655,0,0,0,0
Asio_flammeus,Strigidae,Strigiformes,0,6,4.432867223,45.32921169,0,0,0,0
Asio_madagascariensis,Strigidae,Strigiformes,0,6,46.67998847,-19.4776159,0,0,0,0
Asio_otus,Strigidae,Strigiformes,0,3,22.8672125,50.57394461,0,0,0,0
Asio_stygius,Strigidae,Strigiformes,0,1,-59.00984737,-12.80657974,0,0,0,0
Aspatha_gularis,Momotidae,Coraciiformes,1,1,-90.32483771,15.29449785,1,1,0,1
Atelornis_crossleyi,Brachypteraciidae,Coraciiformes,1,1,48.50281533,-17.73478073,1,1,0,1
Atelornis_pittoides,Brachypteraciidae,Coraciiformes,1,6,47.36924647,-19.21817634,1,1,1,1
Athene_brama,Strigidae,Strigiformes,0,6,82.88117528,22.1757182,0,0,0,0
Athene_cunicularia,Strigidae,Strigiformes,0,6,-78.65694108,0.604452692,0,0,0,0
Athene_granti,Strigidae,Strigiformes,0,1,NA,NA,0,0,0,0
Athene_malaitae,Strigidae,Strigiformes,0,1,NA,NA,0,0,0,0
Athene_noctua,Strigidae,Strigiformes,0,6,59.04777112,41.41797204,0,0,0,0
Athene_roseoaxillaris,Strigidae,Strigiformes,0,1,NA,NA,0,0,0,0
Atlantisia_rogersi,Rallidae,Gruiformes,0,6,-12.68223808,-37.30226508,0,0,0,0
Attagis_gayi,Thinocoridae,Charadriiformes,0,3,-69.41595613,-27.64362937,0,0,0,0
Attagis_malouinus,Thinocoridae,Charadriiformes,0,6,-71.19267262,-47.81032922,0,0,0,0
Atthis_ellioti,Trochilidae,Caprimulgiformes,1,1,-90.13097387,15.19668955,0,0,0,0
Atthis_heloisa,Trochilidae,Caprimulgiformes,1,1,-101.6281668,20.6729132,0,0,0,0
Augastes_lumachella,Trochilidae,Caprimulgiformes,1,1,-41.954617,-12.70090385,0,0,0,0
Augastes_scutatus,Trochilidae,Caprimulgiformes,1,1,-43.40431682,-17.85020436,0,0,0,0
Aulacorhynchus_albivitta,Ramphastidae,Piciformes,1,6,-78.63442279,0.880206233,1,1,0,1
Aulacorhynchus_coeruleicinctis,Ramphastidae,Piciformes,1,1,-69.63692714,-14.78689496,1,1,0,1
Aulacorhynchus_derbianus,Ramphastidae,Piciformes,1,1,-67.83942877,-2.244270828,1,1,0,1
Aulacorhynchus_haematopygus,Ramphastidae,Piciformes,1,6,-76.0024859,3.352272993,1,1,0,1
Aulacorhynchus_huallagae,Ramphastidae,Piciformes,1,1,-77.28017002,-7.905862775,1,1,0,1
Aulacorhynchus_prasinus,Ramphastidae,Piciformes,1,6,-78.63442279,0.880206233,1,1,0,1
Aulacorhynchus_sulcatus,Ramphastidae,Piciformes,1,6,-68.46468704,9.963484133,1,1,0,1
Aulacorhynchus_whitelianus,Ramphastidae,Piciformes,1,1,NA,NA,1,1,0,1
Aviceda_cuculoides,Accipitridae,Accipitriformes,0,6,20.99630963,-4.02133469,0,0,0,0
Aviceda_jerdoni,Accipitridae,Accipitriformes,0,6,107.2402525,6.490952114,0,0,0,0
Aviceda_leuphotes,Accipitridae,Accipitriformes,0,6,100.7877318,23.73821744,0,0,0,0
Aviceda_madagascariensis,Accipitridae,Accipitriformes,0,6,47.2663577,-18.17043513,0,0,0,0
Aviceda_subcristata,Accipitridae,Accipitriformes,0,6,141.7437096,-13.12160443,0,0,0,0
Avocettula_recurvirostris,Trochilidae,Caprimulgiformes,1,6,-56.26936742,-2.087027716,0,0,0,0
Aythya_affinis,Anatidae,Anseriformes,1,6,-121.3557164,57.83391799,0,0,0,0
Aythya_americana,Anatidae,Anseriformes,1,6,-111.1944306,48.99909957,0,0,0,0
Aythya_australis,Anatidae,Anseriformes,1,6,135.4338883,-26.03810814,0,0,0,0
Aythya_baeri,Anatidae,Anseriformes,1,6,124.9215459,50.01226872,0,0,0,0
Aythya_collaris,Anatidae,Anseriformes,1,4,-101.9142096,53.10236958,0,0,0,0
Aythya_ferina,Anatidae,Anseriformes,1,6,68.15278027,54.79016884,0,0,0,0
Aythya_fuligula,Anatidae,Anseriformes,1,6,82.84734445,59.43822422,0,0,0,0
Aythya_innotata,Anatidae,Anseriformes,1,4,48.55207478,-14.36290621,0,0,0,0
Aythya_marila,Anatidae,Anseriformes,1,6,-135.1609606,63.75899988,0,0,0,0
Aythya_novaeseelandiae,Anatidae,Anseriformes,1,6,172.5753773,-41.82779904,0,0,0,0
Aythya_nyroca,Anatidae,Anseriformes,1,6,48.32088825,46.08396606,0,0,0,0
Aythya_valisineria,Anatidae,Anseriformes,1,6,-124.6161583,58.66478324,0,0,0,0
Balaeniceps_rex,Balaenicipitidae,Pelecaniformes,0,6,30.85189038,0.166773756,0,0,0,0
Balearica_pavonina,Gruidae,Gruiformes,0,6,23.87091268,10.68860767,0,0,0,0
Balearica_regulorum,Gruidae,Gruiformes,0,6,29.85112857,-12.94255473,0,0,0,0
Bambusicola_fytchii,Phasianidae,Gruiformes,0,6,97.73737908,23.05512048,0,0,0,0
Bambusicola_sonorivox,Phasianidae,Gruiformes,0,3,NA,NA,0,0,0,0
Bambusicola_thoracicus,Phasianidae,Gruiformes,1,3,112.6719864,28.43938471,1,0,0,1
Barnardius_zonarius,Psittaculidae,Psittaciformes,1,6,133.1622978,-27.56703289,1,1,0,1
Bartramia_longicauda,Scolopacidae,Charadriiformes,0,6,-106.1152088,49.72275486,0,0,0,0
Baryphthengus_martii,Momotidae,Coraciiformes,1,6,-68.86518389,-6.237530181,1,1,0,1
Baryphthengus_ruficapillus,Momotidae,Coraciiformes,1,6,-48.25047127,-21.60820945,1,1,0,1
Batrachostomus_affinis,Podargidae,Caprimulgiformes,0,6,108.4820589,5.836207839,0,0,0,0
Batrachostomus_auritus,Podargidae,Caprimulgiformes,0,6,113.3457189,0.739511872,0,0,0,0
Batrachostomus_chaseni,Podargidae,Caprimulgiformes,0,1,NA,NA,0,0,0,0
Batrachostomus_cornutus,Podargidae,Caprimulgiformes,0,6,111.168013,0.421573017,0,0,0,0
Batrachostomus_harterti,Podargidae,Caprimulgiformes,0,1,115.0896783,2.411769252,0,0,0,0
Batrachostomus_hodgsoni,Podargidae,Caprimulgiformes,0,1,97.00324268,22.47735135,0,0,0,0
Batrachostomus_javensis,Podargidae,Caprimulgiformes,0,6,104.8010938,4.662420291,0,0,0,0
Batrachostomus_mixtus,Podargidae,Caprimulgiformes,0,1,115.4233529,2.972279866,0,0,0,0
Batrachostomus_moniliger,Podargidae,Caprimulgiformes,0,1,78.1222394,9.69551071,0,0,0,0
Batrachostomus_poliolophus,Podargidae,Caprimulgiformes,0,1,108.8747657,2.077520654,0,0,0,0
Batrachostomus_septimus,Podargidae,Caprimulgiformes,0,1,123.1609254,11.84724597,0,0,0,0
Batrachostomus_stellatus,Podargidae,Caprimulgiformes,0,1,110.3029433,0.459221222,0,0,0,0
Biziura_lobata,Anatidae,Anseriformes,0,6,141.9030931,-34.17464252,0,0,0,0
Blythipicus_pyrrhotis,Picidae,Piciformes,0,1,104.4206355,23.54549952,0,0,0,0
Blythipicus_rubiginosus,Picidae,Piciformes,0,6,108.4290064,1.12956417,0,0,0,0
Boissonneaua_flavescens,Trochilidae,Caprimulgiformes,1,1,-74.87718845,4.634330857,0,0,0,0
Boissonneaua_jardini,Trochilidae,Caprimulgiformes,1,1,-77.09184079,2.898582859,0,0,0,0
Boissonneaua_matthewsii,Trochilidae,Caprimulgiformes,1,6,-76.58250179,-7.479393499,0,0,0,0
Bolbopsittacus_lunulatus,Psittaculidae,Psittaciformes,1,6,123.1922197,12.05941154,1,1,0,1
Bolborhynchus_ferrugineifrons,Psittacidae,Psittaciformes,1,6,-76.10333784,3.053648836,0,1,0,1
Bolborhynchus_lineola,Psittacidae,Psittaciformes,1,1,-85.01822846,9.394878356,0,1,0,1
Bolborhynchus_orbygnesius,Psittacidae,Psittaciformes,1,1,-71.58363499,-13.56720234,0,1,0,1
Bonasa_bonasia,Phasianidae,Galliformes,0,1,86.39256666,59.50100119,0,0,0,0
Bonasa_sewerzowi,Phasianidae,Galliformes,0,3,101.3583635,30.93369648,0,0,0,0
Bonasa_umbellus,Phasianidae,Galliformes,0,1,-108.8756758,54.81368848,0,0,0,0
Bostrychia_bocagei,Threskiornithidae,Pelecaniformes,1,6,6.558011618,0.174074074,0,0,0,0
Bostrychia_carunculata,Threskiornithidae,Pelecaniformes,1,6,39.15300001,9.476760622,0,0,0,0
Bostrychia_hagedash,Threskiornithidae,Pelecaniformes,1,6,21.30221485,-1.548586195,0,0,0,0
Bostrychia_olivacea,Threskiornithidae,Pelecaniformes,1,6,12.63253406,1.550444548,0,0,0,0
Bostrychia_rara,Threskiornithidae,Pelecaniformes,1,6,19.75362979,-0.97123191,0,0,0,0
Botaurus_lentiginosus,Ardeidae,Pelecaniformes,0,6,-98.80000366,49.42260455,0,0,0,0
Botaurus_pinnatus,Ardeidae,Pelecaniformes,0,6,-63.21584343,-15.43617551,0,0,0,0
Botaurus_poiciloptilus,Ardeidae,Pelecaniformes,0,4,146.9715719,-34.39076858,0,0,0,0
Botaurus_stellaris,Ardeidae,Pelecaniformes,0,6,78.33921653,50.95198022,0,0,0,0
Brachygalba_albogularis,Galbulidae,Galbuliformes,1,6,-70.91429145,-8.469349106,0,0,0,0
Brachygalba_goeringi,Galbulidae,Galbuliformes,1,3,-69.20008538,8.753386728,0,0,0,0
Brachygalba_lugubris,Galbulidae,Galbuliformes,1,6,-58.50635006,-5.142963587,0,0,0,0
Brachygalba_salmoni,Galbulidae,Galbuliformes,1,6,-76.35664038,8.200846452,0,0,0,0
Brachypteracias_leptosomus,Brachypteraciidae,Coraciiformes,1,1,48.72034532,-17.88890442,1,1,1,1
Brachypteracias_squamiger,Brachypteraciidae,Coraciiformes,1,1,48.94858275,-17.70321532,1,1,0,1
Brachyramphus_brevirostris,Alcidae,Charadriiformes,0,5,-164.0160883,60.02739555,0,0,0,0
Brachyramphus_marmoratus,Alcidae,Charadriiformes,0,5,-174.7320766,55.84619375,0,0,0,0
Brachyramphus_perdix,Alcidae,Charadriiformes,0,5,154.317415,49.12707263,0,0,0,0
Branta_bernicla,Anatidae,Anseriformes,0,6,-101.0023485,73.16282193,0,0,0,0
Branta_canadensis,Anatidae,Anseriformes,0,6,-107.1748719,53.87626959,0,0,0,0
Branta_hutchinsii,Anatidae,Anseriformes,0,6,-116.0561869,67.57847193,0,0,0,0
Branta_leucopsis,Anatidae,Anseriformes,0,6,0.065363268,72.77353335,0,0,0,0
Branta_ruficollis,Anatidae,Anseriformes,0,3,88.20473051,71.7784818,0,0,0,0
Branta_sandvicensis,Anatidae,Anseriformes,0,3,-157.0489788,20.66977205,0,0,0,0
Brotogeris_chiriri,Psittacidae,Psittaciformes,1,6,-52.37016413,-16.12811021,1,1,0,1
Brotogeris_chrysoptera,Psittacidae,Psittaciformes,1,6,-56.37611231,-1.781139864,1,1,0,1
Brotogeris_cyanoptera,Psittacidae,Psittaciformes,1,6,-70.88794515,-4.777255213,1,1,0,1
Brotogeris_jugularis,Psittacidae,Psittaciformes,1,6,-75.3918059,9.322123482,1,1,0,1
Brotogeris_pyrrhoptera,Psittacidae,Psittaciformes,1,6,-79.86182067,-3.855791449,1,1,1,1
Brotogeris_sanctithomae,Psittacidae,Psittaciformes,1,6,-65.85692641,-6.548515915,1,1,0,1
Brotogeris_tirica,Psittacidae,Psittaciformes,1,6,-42.94724717,-20.37918181,1,1,0,1
Brotogeris_versicolurus,Psittacidae,Psittaciformes,1,6,-60.8327133,-2.432029636,1,1,0,1
Bubo_africanus,Strigidae,Strigiformes,0,6,22.46632141,-1.729722368,0,0,0,0
Bubo_ascalaphus,Strigidae,Strigiformes,0,3,5.844196411,27.87073436,0,0,0,0
Bubo_bengalensis,Strigidae,Strigiformes,0,6,77.9873547,23.8619857,0,0,0,0
Bubo_bubo,Strigidae,Strigiformes,0,6,81.1817838,52.60821293,0,0,0,0
Bubo_capensis,Strigidae,Strigiformes,0,6,25.52798689,-23.96791014,0,0,0,0
Bubo_cinerascens,Strigidae,Strigiformes,0,6,NA,NA,0,0,0,0
Bubo_coromandus,Strigidae,Strigiformes,0,6,80.02000838,25.1729954,0,0,0,0
Bubo_lacteus,Strigidae,Strigiformes,0,3,29.51454852,-7.787422586,0,0,0,0
Bubo_leucostictus,Strigidae,Strigiformes,0,6,14.1902504,1.096991207,0,0,0,0
Bubo_magellanicus,Strigidae,Strigiformes,0,2,NA,NA,0,0,0,0
Bubo_milesi,Strigidae,Strigiformes,0,1,NA,NA,0,0,0,0
Bubo_nipalensis,Strigidae,Strigiformes,0,6,96.83233956,22.62658303,0,0,0,0
Bubo_philippensis,Strigidae,Strigiformes,0,6,123.2118429,12.01247555,0,0,0,0
Bubo_poensis,Strigidae,Strigiformes,0,6,14.31574673,2.008701049,0,0,0,0
Bubo_scandiaca,Strigidae,Strigiformes,0,5,-127.4396921,72.35051864,0,0,0,0
Bubo_shelleyi,Strigidae,Strigiformes,0,1,14.96704886,2.284380946,0,0,0,0
Bubo_sumatranus,Strigidae,Strigiformes,0,6,108.7844987,0.045643431,0,0,0,0
Bubo_virginianus,Strigidae,Strigiformes,0,6,-94.38297252,30.85390256,0,0,0,0
Bubulcus_ibis,Ardeidae,Pelecaniformes,0,6,0.038616947,4.108791558,0,0,0,0
Buccanodon_duchaillui,Lybiidae,Piciformes,1,6,16.52375739,1.175806559,0,0,0,0
Bucco_capensis,Bucconidae,Galbuliformes,0,1,-63.50779547,-2.456632403,0,0,0,0
Bucco_macrodactylus,Bucconidae,Galbuliformes,0,6,-68.9105341,-3.384487522,0,0,0,0
Bucco_noanamae,Bucconidae,Galbuliformes,0,6,-76.95196714,5.975358923,0,0,0,0
Bucco_tamatia,Bucconidae,Galbuliformes,0,6,-62.14684467,-2.591702323,0,0,0,0
Bucephala_albeola,Anatidae,Anseriformes,1,6,-114.4834757,57.91140273,0,0,0,0
Bucephala_clangula,Anatidae,Anseriformes,1,6,34.03945555,59.88809783,0,0,0,0
Bucephala_islandica,Anatidae,Anseriformes,1,6,-126.3413445,56.57788048,0,0,0,0
Buceros_bicornis,Bucerotidae,Bucerotiformes,1,1,97.89036697,15.99827802,0,0,0,0
Buceros_hydrocorax,Bucerotidae,Bucerotiformes,1,6,123.4823397,11.35612227,0,0,0,0
Buceros_rhinoceros,Bucerotidae,Bucerotiformes,1,1,108.7291733,0.144941174,0,0,0,0
Bucorvus_abyssinicus,Bucerotidae,Bucerotiformes,1,3,13.5785297,9.575591251,0,0,0,0
Bucorvus_cafer,Bucerotidae,Bucerotiformes,1,3,29.748793,-13.5663879,0,0,0,0
Bulweria_bulwerii,Procellariidae,Procellariiformes,0,5,-155.7039629,13.83618724,0,0,0,0
Bulweria_fallax,Procellariidae,Procellariiformes,0,5,61.54347431,6.818000575,0,0,0,0
Burhinus_bistriatus,Burhinidae,Charadriiformes,0,3,-70.74053541,9.755637951,0,0,0,0
Burhinus_capensis,Burhinidae,Charadriiformes,0,3,24.56991261,-6.041803916,0,0,0,0
Burhinus_grallarius,Burhinidae,Charadriiformes,0,6,136.3966457,-24.11221187,0,0,0,0
Burhinus_indicus,Burhinidae,Charadriiformes,0,6,55.33601063,35.39950256,0,0,0,0
Burhinus_oedicnemus,Burhinidae,Charadriiformes,0,3,55.33601063,35.39950256,0,0,0,0
Burhinus_senegalensis,Burhinidae,Charadriiformes,0,6,16.56439115,10.40066196,0,0,0,0
Burhinus_superciliaris,Burhinidae,Charadriiformes,0,6,-77.49574904,-10.14096105,0,0,0,0
Burhinus_vermiculatus,Burhinidae,Charadriiformes,0,4,26.74133815,-10.91889677,0,0,0,0
Busarellus_nigricollis,Accipitridae,Accipitriformes,0,6,-59.05470991,-8.200718625,0,0,0,0
Butastur_indicus,Accipitridae,Accipitriformes,0,6,129.9469178,44.61089014,0,0,0,0
Butastur_liventer,Accipitridae,Accipitriformes,0,6,104.0973684,12.5336368,0,0,0,0
Butastur_rufipennis,Accipitridae,Accipitriformes,0,6,11.65718788,12.66976523,0,0,0,0
Butastur_teesa,Accipitridae,Accipitriformes,0,6,78.95408481,23.25232052,0,0,0,0
Buteo_albicaudatus,Accipitridae,Accipitriformes,0,3,-59.18572802,-12.33177903,0,0,0,0
Buteo_albigula,Accipitridae,Accipitriformes,0,6,-72.03242958,-21.34186489,0,0,0,0
Buteo_albonotatus,Accipitridae,Accipitriformes,0,6,-69.12936559,-0.199184349,0,0,0,0
Buteo_augur,Accipitridae,Accipitriformes,0,3,31.94953325,-5.877395351,0,0,0,0
Buteo_auguralis,Accipitridae,Accipitriformes,0,6,12.12627257,7.6616448,0,0,0,0
Buteo_brachypterus,Accipitridae,Accipitriformes,0,6,46.67998793,-19.47761653,0,0,0,0
Buteo_brachyurus,Accipitridae,Accipitriformes,0,6,-61.94339769,-5.414172881,0,0,0,0
Buteo_buteo,Accipitridae,Accipitriformes,0,6,65.395701,53.07436981,0,0,0,0
Buteo_galapagoensis,Accipitridae,Accipitriformes,0,3,-91.13222713,-0.444607499,0,0,0,0
Buteo_hemilasius,Accipitridae,Accipitriformes,0,6,106.7563584,43.67244096,0,0,0,0
Buteo_jamaicensis,Accipitridae,Accipitriformes,0,6,-105.9492694,45.40320258,0,0,0,0
Buteo_japonicus,Accipitridae,Accipitriformes,0,6,NA,NA,0,0,0,0
Buteo_lagopus,Accipitridae,Accipitriformes,0,6,10.88592867,67.15198283,0,0,0,0
Buteo_leucorrhous,Accipitridae,Accipitriformes,0,1,-56.7417723,-18.61537757,0,0,0,0
Buteo_lineatus,Accipitridae,Accipitriformes,0,6,-87.01065916,37.82954785,0,0,0,0
Buteo_magnirostris,Accipitridae,Accipitriformes,0,3,-60.17056622,-9.436083935,0,0,0,0
Buteo_nitidus,Accipitridae,Accipitriformes,0,3,-62.34913703,-3.231414878,0,0,0,0
Buteo_oreophilus,Accipitridae,Accipitriformes,0,3,33.46815718,-4.282680502,0,0,0,0
Buteo_plagiatus,Accipitridae,Accipitriformes,0,6,-62.34913703,-3.231414878,0,0,0,0
Buteo_platypterus,Accipitridae,Accipitriformes,0,6,-87.57866972,43.64266858,0,0,0,0
Buteo_polyosoma,Accipitridae,Accipitriformes,0,6,-70.02035353,-34.70891508,0,0,0,0
Buteo_refectus,Accipitridae,Accipitriformes,0,6,NA,NA,0,0,0,0
Buteo_regalis,Accipitridae,Accipitriformes,0,3,-108.6664806,43.19225664,0,0,0,0
Buteo_ridgwayi,Accipitridae,Accipitriformes,0,6,-69.57419323,19.07359028,0,0,0,0
Buteo_rufinus,Accipitridae,Accipitriformes,0,6,49.32476527,40.66050553,0,0,0,0
Buteo_rufofuscus,Accipitridae,Accipitriformes,0,2,22.85440321,-28.31212529,0,0,0,0
Buteo_socotraensis,Accipitridae,Accipitriformes,0,2,NA,NA,0,0,0,0
Buteo_solitarius,Accipitridae,Accipitriformes,0,6,-155.5107816,19.62049076,0,0,0,0
Buteo_swainsoni,Accipitridae,Accipitriformes,0,6,-117.9832768,51.78367871,0,0,0,0
Buteo_trizonatus,Accipitridae,Accipitriformes,0,6,NA,NA,0,0,0,0
Buteo_ventralis,Accipitridae,Accipitriformes,0,6,-71.72161647,-48.32016238,0,0,0,0
Buteogallus_aequinoctialis,Accipitridae,Accipitriformes,0,6,-53.32972951,3.773995346,0,0,0,0
Buteogallus_anthracinus,Accipitridae,Accipitriformes,0,6,-94.6547145,19.92324055,0,0,0,0
Buteogallus_gundlachii,Accipitridae,Accipitriformes,0,6,-79.866343,21.79286788,0,0,0,0
Buteogallus_meridionalis,Accipitridae,Accipitriformes,0,6,-55.33739407,-12.74963188,0,0,0,0
Buteogallus_urubitinga,Accipitridae,Accipitriformes,0,6,-61.15654746,-8.280441814,0,0,0,0
Butorides_striata,Ardeidae,Pelecaniformes,1,6,22.53408207,1.335477656,0,0,0,0
Butorides_virescens,Ardeidae,Pelecaniformes,1,6,-93.69627209,33.76499524,0,0,0,0
Bycanistes_albotibialis,Bucerotidae,Bucerotiformes,0,1,18.1973275,-0.197235089,0,0,0,0
Bycanistes_brevis,Bucerotidae,Bucerotiformes,0,1,36.52973537,-2.131856308,0,0,0,0
Bycanistes_bucinator,Bucerotidae,Bucerotiformes,0,1,30.69814731,-12.20828597,0,0,0,0
Bycanistes_cylindricus,Bucerotidae,Bucerotiformes,0,6,-5.981146329,6.965412691,0,0,0,0
Bycanistes_fistulator,Bucerotidae,Bucerotiformes,0,6,13.09795825,1.933032931,0,0,0,0
Bycanistes_subcylindricus,Bucerotidae,Bucerotiformes,0,6,20.53272465,2.673170291,0,0,0,0
Cacatua_alba,Cacatuidae,Psittaciformes,0,1,127.9584283,0.728780681,0,0,0,0
Cacatua_ducorpsii,Cacatuidae,Psittaciformes,0,1,157.9511911,-7.841132046,0,0,0,0
Cacatua_galerita,Cacatuidae,Psittaciformes,0,6,142.5089748,-22.0868555,0,0,0,0
Cacatua_goffiniana,Cacatuidae,Psittaciformes,0,6,131.366375,-7.61137784,0,0,0,0
Cacatua_haematuropygia,Cacatuidae,Psittaciformes,0,6,120.8068548,10.01884762,0,0,0,0
Cacatua_leadbeateri,Cacatuidae,Psittaciformes,0,6,134.9392909,-27.64790652,0,0,0,0
Cacatua_moluccensis,Cacatuidae,Psittaciformes,0,6,129.4005379,-3.222804479,0,0,0,0
Cacatua_ophthalmica,Cacatuidae,Psittaciformes,0,1,150.8926638,-5.165201471,0,0,0,0
Cacatua_pastinator,Cacatuidae,Psittaciformes,0,6,116.6757546,-30.35179307,0,0,0,0
Cacatua_roseicapilla,Cacatuidae,Psittaciformes,0,6,134.545441,-26.15456388,0,0,0,0
Cacatua_sanguinea,Cacatuidae,Psittaciformes,0,3,136.9276888,-25.9364458,0,0,0,0
Cacatua_sulphurea,Cacatuidae,Psittaciformes,0,6,121.3593574,-4.234658207,0,0,0,0
Cacatua_tenuirostris,Cacatuidae,Psittaciformes,0,3,143.9732111,-35.67452639,0,0,0,0
Cacomantis_castaneiventris,Cuculidae,Cuculiformes,1,6,140.8496825,-5.656155729,0,0,0,0
Cacomantis_flabelliformis,Cuculidae,Cuculiformes,0,6,142.1472478,-29.2324671,0,0,0,0
Cacomantis_heinrichi,Cuculidae,Cuculiformes,0,1,127.9704136,0.733346116,0,0,0,0
Cacomantis_merulinus,Cuculidae,Cuculiformes,1,6,105.3717976,13.5083207,0,0,0,0
Cacomantis_passerinus,Cuculidae,Cuculiformes,1,6,79.96677536,21.13326262,0,0,0,0
Cacomantis_sonneratii,Cuculidae,Cuculiformes,0,6,94.31815781,15.14454659,0,0,0,0
Cacomantis_variolosus,Cuculidae,Cuculiformes,1,6,141.2153253,-16.04878045,0,0,0,0
Cairina_moschata,Anatidae,Anseriformes,1,6,-60.5379837,-7.599326446,0,0,0,0
Cairina_scutulata,Anatidae,Anseriformes,1,6,98.98209518,12.10456865,0,0,0,0
Calidris_acuminata,Scolopacidae,Charadriiformes,0,6,144.2117605,70.86348924,0,0,0,0
Calidris_alba,Scolopacidae,Charadriiformes,0,6,-53.76348181,75.36941459,0,0,0,0
Calidris_alpina,Scolopacidae,Charadriiformes,0,6,71.05580239,68.58342477,0,0,0,0
Calidris_bairdii,Scolopacidae,Charadriiformes,0,6,-113.1599532,71.0429712,0,0,0,0
Calidris_canutus,Scolopacidae,Charadriiformes,0,5,-108.6084936,75.30548135,0,0,0,0
Calidris_ferruginea,Scolopacidae,Charadriiformes,0,6,111.0617846,72.58581587,0,0,0,0
Calidris_fuscicollis,Scolopacidae,Charadriiformes,0,6,-99.55465777,70.42542206,0,0,0,0
Calidris_himantopus,Scolopacidae,Charadriiformes,0,6,-119.1452759,67.4398757,0,0,0,0
Calidris_maritima,Scolopacidae,Charadriiformes,0,6,-7.861997714,71.56316162,0,0,0,0
Calidris_mauri,Scolopacidae,Charadriiformes,0,5,-162.3229288,65.30196706,0,0,0,0
Calidris_melanotos,Scolopacidae,Charadriiformes,0,6,-13.98995246,69.87251354,0,0,0,0
Calidris_minuta,Scolopacidae,Charadriiformes,0,5,96.17844961,71.76875417,0,0,0,0
Calidris_minutilla,Scolopacidae,Charadriiformes,0,6,-121.9940138,63.05433712,0,0,0,0
Calidris_ptilocnemis,Scolopacidae,Charadriiformes,0,6,-171.909059,64.53215517,0,0,0,0
Calidris_pusilla,Scolopacidae,Charadriiformes,0,6,-106.2502863,65.79081808,0,0,0,0
Calidris_ruficollis,Scolopacidae,Charadriiformes,0,6,155.771841,68.89981978,0,0,0,0
Calidris_subminuta,Scolopacidae,Charadriiformes,0,6,118.9397136,59.6666272,0,0,0,0
Calidris_temminckii,Scolopacidae,Charadriiformes,0,6,103.0727085,69.69726237,0,0,0,0
Calidris_tenuirostris,Scolopacidae,Charadriiformes,0,6,164.7769692,65.0012812,0,0,0,0
Caliechthrus_leucolophus,Cuculidae,Cuculiformes,0,1,140.7348855,-4.86291794,0,0,0,0
Callipepla_californica,Odontophoridae,Galliformes,1,6,-119.0415137,41.60350769,1,0,0,1
Callipepla_douglasii,Odontophoridae,Galliformes,1,6,-107.4047417,25.48905768,1,0,0,1
Callipepla_gambelii,Odontophoridae,Galliformes,1,6,-111.0810534,33.428923,1,0,0,1
Callipepla_squamata,Odontophoridae,Galliformes,1,3,-103.7085782,30.18511506,1,0,0,1
Calliphlox_amethystina,Trochilidae,Caprimulgiformes,1,6,-53.30991325,-10.18105736,0,0,0,0
Calliphlox_bryantae,Trochilidae,Caprimulgiformes,1,3,-83.41288477,9.45825451,0,0,0,0
Calliphlox_evelynae,Trochilidae,Caprimulgiformes,1,6,-76.4206671,24.15579965,0,0,0,0
Calliphlox_lyrura,Trochilidae,Caprimulgiformes,1,6,-76.4206671,24.15579965,0,0,0,0
Calliphlox_mitchellii,Trochilidae,Caprimulgiformes,1,1,-78.03548342,1.105458644,0,0,0,0
Callocephalon_fimbriatum,Cacatuidae,Psittaciformes,0,3,147.2936872,-35.8195984,0,0,0,0
Callonetta_leucophrys,Anatidae,Anseriformes,1,6,-60.3882301,-25.47914934,0,0,0,0
Caloenas_maculata,Columbidae,Columbiformes,1,NA,NA,NA,0,0,0,0
Caloenas_nicobarica,Columbidae,Columbiformes,1,6,127.4671499,-0.338763735,0,0,0,0
Calonectris_diomedea,Procellariidae,Procellariiformes,0,5,-19.92839899,3.535791033,0,0,0,0
Calonectris_edwardsii,Procellariidae,Procellariiformes,0,5,-25.94398099,11.23500557,0,0,0,0
Calonectris_leucomelas,Procellariidae,Procellariiformes,0,5,138.9557422,7.399787806,0,0,0,0
Caloperdix_oculeus,Phasianidae,Galliformes,0,1,102.4835836,3.670094685,0,0,0,0
Caloramphus_fuliginosus,Megalaimidae,Piciformes,0,6,110.6728,1.432883725,0,0,0,0
Caloramphus_hayii,Megalaimidae,Piciformes,0,6,NA,NA,0,0,0,0
Calothorax_lucifer,Trochilidae,Caprimulgiformes,1,6,-104.3073923,25.21769591,0,0,0,0
Calothorax_pulcher,Trochilidae,Caprimulgiformes,1,1,-98.00702141,17.53461319,0,0,0,0
Calypte_anna,Trochilidae,Caprimulgiformes,1,1,-118.7092716,37.91170283,0,0,0,0
Calypte_costae,Trochilidae,Caprimulgiformes,1,3,-113.6998282,31.9122131,0,0,0,0
Calyptorhynchus_banksii,Cacatuidae,Psittaciformes,0,1,136.2549659,-22.42184716,0,0,0,0
Calyptorhynchus_baudinii,Cacatuidae,Psittaciformes,0,6,116.6974782,-34.17249557,0,0,0,0
Calyptorhynchus_funereus,Cacatuidae,Psittaciformes,0,6,147.2998905,-32.09728016,0,0,0,0
Calyptorhynchus_lathami,Cacatuidae,Psittaciformes,0,1,149.5947303,-30.03716307,0,0,0,0
Calyptorhynchus_latirostris,Cacatuidae,Psittaciformes,0,1,118.5815919,-32.24199806,0,0,0,0
Campephilus_gayaquilensis,Picidae,Piciformes,0,1,-79.65936095,-1.82269012,0,0,0,0
Campephilus_guatemalensis,Picidae,Piciformes,0,6,-93.03348272,17.66308401,0,0,0,0
Campephilus_haematogaster,Picidae,Piciformes,0,1,-76.61949603,-0.395834298,0,0,0,0
Campephilus_imperialis,Picidae,Piciformes,0,1,-105.9500001,24.85000013,0,0,0,0
Campephilus_leucopogon,Picidae,Piciformes,0,3,-62.19483796,-24.49545361,0,0,0,0
Campephilus_magellanicus,Picidae,Piciformes,0,1,-72.48739326,-46.86829653,0,0,0,0
Campephilus_melanoleucos,Picidae,Piciformes,0,6,-59.15161971,-6.061187049,0,0,0,0
Campephilus_pollens,Picidae,Piciformes,0,1,-76.74708026,-0.021270915,0,0,0,0
Campephilus_principalis,Picidae,Piciformes,0,6,-76.80449148,20.1525883,0,0,0,0
Campephilus_robustus,Picidae,Piciformes,0,1,-48.61725127,-21.52239022,0,0,0,0
Campephilus_rubricollis,Picidae,Piciformes,0,3,-62.18328733,-4.680394539,0,0,0,0
Campethera_abingoni,Picidae,Piciformes,0,3,26.29922446,-14.69481922,0,0,0,0
Campethera_bennettii,Picidae,Piciformes,0,1,25.15697895,-16.24297307,0,0,0,0
Campethera_cailliautii,Picidae,Piciformes,0,3,28.59237528,-0.278990932,0,0,0,0
Campethera_caroli,Picidae,Piciformes,0,6,17.52080257,-0.627243402,0,0,0,0
Campethera_maculosa,Picidae,Piciformes,0,6,-7.687860119,7.404902595,0,0,0,0
Campethera_mombassica,Picidae,Piciformes,0,1,39.95001563,-2.880761441,0,0,0,0
Campethera_nivosa,Picidae,Piciformes,0,6,15.04351856,0.440728594,0,0,0,0
Campethera_notata,Picidae,Piciformes,0,6,25.07240714,-33.19184409,0,0,0,0
Campethera_nubica,Picidae,Piciformes,0,3,37.43121893,6.152776652,0,0,0,0
Campethera_punctuligera,Picidae,Piciformes,0,3,7.540895639,9.489636659,0,0,0,0
Campethera_scriptoricauda,Picidae,Piciformes,0,3,NA,NA,0,0,0,0
Campethera_tullbergi,Picidae,Piciformes,0,1,28.84943485,0.673997337,0,0,0,0
Campocolinus_albogularis,Phasianidae,Galliformes,0,2,0.92856285,8.081298292,0,0,0,0
Camptorhynchus_labradorius,Anatidae,Anseriformes,1,6,NA,NA,0,0,0,0
Campylopterus_calcirupicola,Trochilidae,Caprimulgiformes,1,1,NA,NA,0,0,0,0
Campylopterus_curvipennis,Trochilidae,Caprimulgiformes,1,1,-90.43883269,18.75604869,0,0,0,0
Campylopterus_diamantinensis,Trochilidae,Caprimulgiformes,1,3,NA,NA,0,0,0,0
Campylopterus_duidae,Trochilidae,Caprimulgiformes,1,1,-65.30669812,3.917473605,0,0,0,0
Campylopterus_ensipennis,Trochilidae,Caprimulgiformes,1,6,-63.51032259,10.25563459,0,0,0,0
Campylopterus_falcatus,Trochilidae,Caprimulgiformes,1,6,-72.00286515,7.096808662,0,0,0,0
Campylopterus_hemileucurus,Trochilidae,Caprimulgiformes,1,3,-90.3820626,15.28592283,0,0,0,0
Campylopterus_hyperythrus,Trochilidae,Caprimulgiformes,1,1,-61.50525711,5.285012733,0,0,0,0
Campylopterus_largipennis,Trochilidae,Caprimulgiformes,1,6,-61.35348643,-4.605162514,0,0,0,0
Campylopterus_phainopeplus,Trochilidae,Caprimulgiformes,1,6,-73.63797379,10.82333687,0,0,0,0
Campylopterus_rufus,Trochilidae,Caprimulgiformes,1,6,-92.04123639,15.22768189,0,0,0,0
Campylopterus_villaviscensio,Trochilidae,Caprimulgiformes,1,1,-78.01722824,-1.75346959,0,0,0,0
Canirallus_kioloides,Sarothruridae,Gruiformes,1,6,48.65491005,-17.86291623,0,1,0,1
Canirallus_oculeus,Rallidae,Gruiformes,1,6,11.25601906,1.967854508,0,1,0,1
Capito_auratus,Capitonidae,Piciformes,0,6,-68.94702325,-3.447753546,0,0,0,0
Capito_aurovirens,Capitonidae,Piciformes,0,6,-71.1947635,-2.454338873,0,0,0,0
Capito_brunneipectus,Capitonidae,Piciformes,0,1,-57.49116666,-3.889021685,0,0,0,0
Capito_dayi,Capitonidae,Piciformes,0,1,-57.22202808,-9.627894809,0,0,0,0
Capito_fitzpatricki,Capitonidae,Piciformes,0,1,-75.62957306,-6.943655297,0,0,0,0
Capito_hypoleucus,Capitonidae,Piciformes,0,6,-74.77033387,5.816252312,0,0,0,0
Capito_maculicoronatus,Capitonidae,Piciformes,0,1,-76.91219759,7.140399306,0,0,0,0
Capito_niger,Capitonidae,Piciformes,0,6,-65.78926219,-2.010331405,0,0,0,0
Capito_quinticolor,Capitonidae,Piciformes,0,1,-77.52403202,3.160818297,0,0,0,0
Capito_squamatus,Capitonidae,Piciformes,0,6,-79.21268474,-0.205177738,0,0,0,0
Capito_wallacei,Capitonidae,Piciformes,0,1,-75.62957306,-6.943655297,0,0,0,0
Caprimulgus_aegyptius,Caprimulgidae,Caprimulgiformes,0,6,43.81764432,36.56775387,0,0,0,0
Caprimulgus_affinis,Caprimulgidae,Caprimulgiformes,0,6,94.33523156,17.32781789,0,0,0,0
Caprimulgus_americanus,Caprimulgidae,Caprimulgiformes,0,3,NA,NA,0,0,0,0
Caprimulgus_andamanicus,Caprimulgidae,Caprimulgiformes,0,6,NA,NA,0,0,0,0
Caprimulgus_anthonyi,Caprimulgidae,Caprimulgiformes,0,3,-80.21263562,-3.102091975,0,0,0,0
Caprimulgus_asiaticus,Caprimulgidae,Caprimulgiformes,0,6,83.6175887,21.00537759,0,0,0,0
Caprimulgus_atripennis,Caprimulgidae,Caprimulgiformes,0,6,80.45967214,14.87836937,0,0,0,0
Caprimulgus_badius,Caprimulgidae,Caprimulgiformes,0,3,-88.89136312,19.99126318,0,0,0,0
Caprimulgus_batesi,Caprimulgidae,Caprimulgiformes,0,6,19.78840109,-0.791870171,0,0,0,0
Caprimulgus_binotatus,Caprimulgidae,Caprimulgiformes,0,6,10.03560343,2.822586105,0,0,0,0
Caprimulgus_carolinensis,Caprimulgidae,Caprimulgiformes,0,6,-88.62448579,33.98734298,0,0,0,0
Caprimulgus_cayennensis,Caprimulgidae,Caprimulgiformes,0,6,-65.61165698,6.928554779,0,0,0,0
Caprimulgus_celebensis,Caprimulgidae,Caprimulgiformes,0,6,123.0862708,0.281863442,0,0,0,0
Caprimulgus_clarus,Caprimulgidae,Caprimulgiformes,0,3,38.78682396,2.729486742,0,0,0,0
Caprimulgus_climacurus,Caprimulgidae,Caprimulgiformes,0,6,10.61911577,9.964205032,0,0,0,0
Caprimulgus_concretus,Caprimulgidae,Caprimulgiformes,0,1,109.0153043,0.134166765,0,0,0,0
Caprimulgus_cubanensis,Caprimulgidae,Caprimulgiformes,0,6,-75.91703641,20.53889235,0,0,0,0
Caprimulgus_donaldsoni,Caprimulgidae,Caprimulgiformes,0,3,40.85608176,2.598540209,0,0,0,0
Caprimulgus_ekmani,Caprimulgidae,Caprimulgiformes,0,1,-70.64445839,18.7559012,0,0,0,0
Caprimulgus_enarratus,Caprimulgidae,Caprimulgiformes,0,1,48.22354103,-18.54989711,0,0,0,0
Caprimulgus_europaeus,Caprimulgidae,Caprimulgiformes,0,6,55.12003851,49.30811544,0,0,0,0
Caprimulgus_eximius,Caprimulgidae,Caprimulgiformes,0,2,12.78740408,14.61562704,0,0,0,0
Caprimulgus_fossii,Caprimulgidae,Caprimulgiformes,0,6,26.3128754,-12.79286203,0,0,0,0
Caprimulgus_fraenatus,Caprimulgidae,Caprimulgiformes,0,6,37.34086945,1.310222764,0,0,0,0
Caprimulgus_heterurus,Caprimulgidae,Caprimulgiformes,0,6,-69.59339109,8.196354476,0,0,0,0
Caprimulgus_hirundinaceus,Caprimulgidae,Caprimulgiformes,0,1,-40.28665951,-9.793589017,0,0,0,0
Caprimulgus_indicus,Caprimulgidae,Caprimulgiformes,0,6,103.8966005,29.78832935,0,0,0,0
Caprimulgus_inornatus,Caprimulgidae,Caprimulgiformes,0,3,17.71691571,12.72782625,0,0,0,0
Caprimulgus_jotaka,Caprimulgidae,Caprimulgiformes,0,6,NA,NA,0,0,0,0
Caprimulgus_longipennis,Caprimulgidae,Caprimulgiformes,0,6,NA,NA,0,0,0,0
Caprimulgus_macrurus,Caprimulgidae,Caprimulgiformes,0,6,110.7552324,7.667868257,0,0,0,0
Caprimulgus_maculicaudus,Caprimulgidae,Caprimulgiformes,0,3,-56.4418826,-11.22682337,0,0,0,0
Caprimulgus_maculosus,Caprimulgidae,Caprimulgiformes,0,6,NA,NA,0,0,0,0
Caprimulgus_madagascariensis,Caprimulgidae,Caprimulgiformes,0,6,46.6798684,-19.47475985,0,0,0,0
Caprimulgus_mahrattensis,Caprimulgidae,Caprimulgiformes,0,6,67.12505356,28.88023115,0,0,0,0
Caprimulgus_manillensis,Caprimulgidae,Caprimulgiformes,0,6,123.0925567,11.85492589,0,0,0,0
Caprimulgus_meesi,Caprimulgidae,Caprimulgiformes,0,1,121.1958613,-8.982220713,0,0,0,0
Caprimulgus_natalensis,Caprimulgidae,Caprimulgiformes,0,6,22.56855432,-5.601558557,0,0,0,0
Caprimulgus_nigrescens,Caprimulgidae,Caprimulgiformes,0,6,-61.2656307,-2.179483628,0,0,0,0
Caprimulgus_noctitherus,Caprimulgidae,Caprimulgiformes,0,6,-66.67227258,18.03412753,0,0,0,0
Caprimulgus_nubicus,Caprimulgidae,Caprimulgiformes,0,6,42.52211502,6.645941191,0,0,0,0
Caprimulgus_parvulus,Caprimulgidae,Caprimulgiformes,0,3,-52.76737793,-18.29309008,0,0,0,0
Caprimulgus_pectoralis,Caprimulgidae,Caprimulgiformes,0,6,28.36175633,-15.22271871,0,0,0,0
Caprimulgus_phalaena,Caprimulgidae,Caprimulgiformes,0,6,NA,NA,0,0,0,0
Caprimulgus_poliocephalus,Caprimulgidae,Caprimulgiformes,0,6,38.54160064,9.662111142,0,0,0,0
Caprimulgus_prigoginei,Caprimulgidae,Caprimulgiformes,0,1,28.70747544,-3.582231221,0,0,0,0
Caprimulgus_pulchellus,Caprimulgidae,Caprimulgiformes,0,1,104.8705644,-4.662455922,0,0,0,0
Caprimulgus_ridgwayi,Caprimulgidae,Caprimulgiformes,0,3,-104.2656191,23.30870913,0,0,0,0
Caprimulgus_ruficollis,Caprimulgidae,Caprimulgiformes,0,6,-1.789710975,36.02630014,0,0,0,0
Caprimulgus_rufigena,Caprimulgidae,Caprimulgiformes,0,6,22.86268105,-22.19615596,0,0,0,0
Caprimulgus_rufus,Caprimulgidae,Caprimulgiformes,0,6,-52.07530004,-14.85279837,0,0,0,0
Caprimulgus_salvini,Caprimulgidae,Caprimulgiformes,0,1,-98.74303548,23.595869,0,0,0,0
Caprimulgus_saturatus,Caprimulgidae,Caprimulgiformes,0,1,-83.46872232,9.502250489,0,0,0,0
Caprimulgus_sericocaudatus,Caprimulgidae,Caprimulgiformes,0,6,-56.57715775,-18.83506347,0,0,0,0
Caprimulgus_solala,Caprimulgidae,Caprimulgiformes,0,3,37.69030447,5.961221744,0,0,0,0
Caprimulgus_stellatus,Caprimulgidae,Caprimulgiformes,0,2,37.6884904,5.678329095,0,0,0,0
Caprimulgus_tristigma,Caprimulgidae,Caprimulgiformes,0,6,21.02821697,-7.194749638,0,0,0,0
Caprimulgus_vociferus,Caprimulgidae,Caprimulgiformes,0,6,-86.44981792,42.93859728,0,0,0,0
Caprimulgus_whitelyi,Caprimulgidae,Caprimulgiformes,0,3,-62.46642041,4.793825985,0,0,0,0
Caracara_lutosa,Falconidae,Falconiformes,0,6,NA,NA,0,0,0,0
Caracara_plancus,Falconidae,Falconiformes,0,6,-57.7033112,-26.91802611,0,0,0,0
Cariama_cristata,Cariamidae,Cariamiformes,0,3,-51.80567822,-19.84556896,0,0,0,0
Caridonax_fulgidus,Alcedinidae,Coraciiformes,1,6,119.2773178,-8.596366304,1,0,0,1
Carpococcyx_radiatus,Cuculidae,Cuculiformes,1,6,114.3953895,0.606280192,1,1,0,1
Carpococcyx_renauldi,Cuculidae,Cuculiformes,1,1,105.3750174,14.68288645,1,1,0,1
Carpococcyx_viridis,Cuculidae,Cuculiformes,1,1,102.2665554,-2.905046165,0,1,0,1
Casmerodius_albus,Ardeidae,Pelecaniformes,0,4,28.2975521,7.926885533,0,0,0,0
Casuarius_bennetti,Casuariidae,Casuariiformes,0,3,143.3593592,-6.010012284,0,0,0,0
Casuarius_casuarius,Casuariidae,Casuariiformes,0,3,140.0352892,-6.73658975,0,0,0,0
Casuarius_unappendiculatus,Casuariidae,Casuariiformes,0,6,139.0729573,-3.259048626,0,0,0,0
Catharacta_antarcticus,Stercorariidae,Charadriiformes,0,5,-55.28364428,-51.27790335,0,0,0,0
Catharacta_chilensis,Stercorariidae,Charadriiformes,0,5,-71.81980963,-49.07485231,0,0,0,0
Catharacta_maccormicki,Stercorariidae,Charadriiformes,0,5,101.6917956,-69.84229451,0,0,0,0
Catharacta_skua,Stercorariidae,Charadriiformes,0,5,0.746374902,65.92631193,0,0,0,0
Cathartes_aura,Cathartidae,Cathartiformes,0,6,-76.196973,4.178222273,0,0,0,0
Cathartes_burrovianus,Cathartidae,Cathartiformes,1,6,-57.19782664,-9.328614018,0,0,0,0
Cathartes_melambrotus,Cathartidae,Cathartiformes,1,6,-62.3394948,-3.863353292,0,0,0,0
Catoptrophorus_semipalmatus,Scolopacidae,Charadriiformes,0,6,-100.4695816,42.38167417,0,0,0,0
Catreus_wallichii,Phasianidae,Galliformes,0,3,77.83635562,31.41727394,0,0,0,0
Celeus_brachyurus,Picidae,Piciformes,0,6,99.35785221,17.26114178,0,0,0,0
Celeus_castaneus,Picidae,Piciformes,0,6,-89.02369281,16.50493889,0,0,0,0
Celeus_elegans,Picidae,Piciformes,0,6,-62.58277543,-3.708923075,0,0,0,0
Celeus_flavescens,Picidae,Piciformes,0,3,-46.19789387,-15.77476141,0,0,0,0
Celeus_flavus,Picidae,Piciformes,0,6,-62.25945366,-5.282701797,0,0,0,0
Celeus_grammicus,Picidae,Piciformes,0,3,-65.87666736,-4.762729983,0,0,0,0
Celeus_loricatus,Picidae,Piciformes,0,1,-77.15848197,6.524869785,0,0,0,0
Celeus_lugubris,Picidae,Piciformes,0,1,-59.61707514,-18.79802039,0,0,0,0
Celeus_obrieni,Picidae,Piciformes,0,1,-47.8939652,-10.7506746,0,0,0,0
Celeus_ochraceus,Picidae,Piciformes,0,3,-46.19789387,-15.77476141,0,0,0,0
Celeus_spectabilis,Picidae,Piciformes,0,6,-72.62870057,-8.942499563,0,0,0,0
Celeus_torquatus,Picidae,Piciformes,0,1,-60.41081884,-4.19889455,0,0,0,0
Celeus_undatus,Picidae,Piciformes,0,6,-55.10565793,1.200031582,0,0,0,0
Centrocercus_minimus,Phasianidae,Galliformes,0,2,-107.2291481,38.42844433,0,0,0,0
Centrocercus_urophasianus,Phasianidae,Galliformes,0,2,-110.8048115,43.90799379,0,0,0,0
Centropus_andamanensis,Cuculidae,Cuculiformes,1,6,92.7775294,12.23799615,0,0,0,0
Centropus_anselli,Cuculidae,Cuculiformes,1,6,15.86022662,-0.453256107,0,0,0,0
Centropus_ateralbus,Cuculidae,Cuculiformes,1,6,150.8334742,-5.203476547,0,0,0,0
Centropus_bengalensis,Cuculidae,Cuculiformes,1,6,105.800785,14.94500464,0,0,0,0
Centropus_bernsteini,Cuculidae,Cuculiformes,1,1,139.2245418,-4.672907304,0,0,0,0
Centropus_celebensis,Cuculidae,Cuculiformes,0,1,121.2337152,-2.053260185,0,0,0,0
Centropus_chalybeus,Cuculidae,Cuculiformes,1,1,135.8917761,-0.937067002,0,0,0,0
Centropus_chlororhynchos,Cuculidae,Cuculiformes,1,1,80.30991845,6.698024229,0,0,0,0
Centropus_cupreicaudus,Cuculidae,Cuculiformes,1,6,24.5757889,-12.31573381,0,0,0,0
Centropus_goliath,Cuculidae,Cuculiformes,1,6,127.9724016,0.625043029,0,0,0,0
Centropus_grillii,Cuculidae,Cuculiformes,0,6,20.93390746,-2.712759162,0,0,0,0
Centropus_leucogaster,Cuculidae,Cuculiformes,1,6,7.308808166,4.718739479,0,0,0,0
Centropus_melanops,Cuculidae,Cuculiformes,0,1,124.8158166,8.379699124,0,0,0,0
Centropus_menbeki,Cuculidae,Cuculiformes,1,1,140.6129845,-5.354076085,0,0,0,0
Centropus_milo,Cuculidae,Cuculiformes,1,6,158.8705881,-8.959384149,0,0,0,0
Centropus_monachus,Cuculidae,Cuculiformes,1,6,20.5137949,4.281881546,0,0,0,0
Centropus_nigrorufus,Cuculidae,Cuculiformes,1,6,109.4449328,-7.142145038,0,0,0,0
Centropus_phasianinus,Cuculidae,Cuculiformes,0,6,138.9422182,-17.89759647,0,0,0,0
Centropus_rectunguis,Cuculidae,Cuculiformes,1,6,108.3185039,0.500306145,0,0,0,0
Centropus_senegalensis,Cuculidae,Cuculiformes,1,6,16.47750012,3.728743256,0,0,0,0
Centropus_sinensis,Cuculidae,Cuculiformes,1,6,93.64944038,18.19674418,0,0,0,0
Centropus_steerii,Cuculidae,Cuculiformes,1,1,121.1825566,13.15565838,0,0,0,0
Centropus_superciliosus,Cuculidae,Cuculiformes,1,6,30.93439768,-7.311419226,0,0,0,0
Centropus_toulou,Cuculidae,Cuculiformes,1,6,46.67916919,-19.47788793,0,0,0,0
Centropus_unirufus,Cuculidae,Cuculiformes,0,1,121.5643378,15.84293078,0,0,0,0
Centropus_violaceus,Cuculidae,Cuculiformes,1,1,150.910684,-5.197574729,0,0,0,0
Centropus_viridis,Cuculidae,Cuculiformes,1,6,123.1109955,11.86857378,0,0,0,0
Cepphus_carbo,Alcidae,Charadriiformes,0,5,146.5621232,51.50973207,0,0,0,0
Cepphus_columba,Alcidae,Charadriiformes,0,5,-159.5047055,56.02054058,0,0,0,0
Cepphus_grylle,Alcidae,Charadriiformes,0,5,-32.60916968,67.76626923,0,0,0,0
Ceratogymna_atrata,Bucerotidae,Bucerotiformes,1,6,16.36454904,0.306309877,0,0,0,0
Ceratogymna_elata,Bucerotidae,Bucerotiformes,1,6,-4.060440135,6.809234772,0,0,0,0
Cercibis_oxycerca,Threskiornithidae,Pelecaniformes,1,6,-67.8001057,6.457562609,0,0,0,0
Cercococcyx_mechowi,Cuculidae,Cuculiformes,0,6,15.00619275,2.128650914,0,0,0,0
Cercococcyx_montanus,Cuculidae,Cuculiformes,0,3,35.18164221,-9.878710897,0,0,0,0
Cercococcyx_olivinus,Cuculidae,Cuculiformes,0,1,15.32575322,1.478827318,0,0,0,0
Cereopsis_novaehollandiae,Anatidae,Anseriformes,0,6,139.7659195,-36.07446291,0,0,0,0
Cerorhinca_monocerata,Alcidae,Charadriiformes,0,5,-160.0626836,50.07004885,0,0,0,0
Ceryle_rudis,Alcedinidae,Coraciiformes,0,6,44.51330749,7.064470097,0,0,0,0
Ceuthmochares_aereus,Cuculidae,Cuculiformes,1,6,22.00844175,-3.486952385,0,0,0,0
Ceuthmochares_australis,Cuculidae,Cuculiformes,1,6,NA,NA,0,0,0,0
Ceyx_cajeli,Alcedinidae,Coraciiformes,1,6,NA,NA,1,0,0,1
Ceyx_collectoris,Alcedinidae,Coraciiformes,1,1,NA,NA,1,0,1,1
Ceyx_dispar,Alcedinidae,Coraciiformes,1,6,NA,NA,1,0,0,1
Ceyx_erithaca,Alcedinidae,Coraciiformes,1,6,102.8046217,9.032386659,1,0,1,1
Ceyx_fallax,Alcedinidae,Coraciiformes,1,6,121.2645148,-2.109466516,1,0,1,1
Ceyx_flumenicola,Alcedinidae,Coraciiformes,1,6,124.8124363,8.384043034,1,0,0,1
Ceyx_gentianus,Alcedinidae,Coraciiformes,1,6,NA,NA,1,0,0,1
Ceyx_lecontei,Alcedinidae,Coraciiformes,1,6,15.96945388,1.552450259,1,0,1,1
Ceyx_lepidus,Alcedinidae,Coraciiformes,1,6,139.1384381,-3.554514475,1,0,0,1
Ceyx_madagascariensis,Alcedinidae,Coraciiformes,0,6,46.89492086,-18.97170198,0,0,0,0
Ceyx_margarethae,Alcedinidae,Coraciiformes,1,1,NA,NA,1,0,0,1
Ceyx_meeki,Alcedinidae,Coraciiformes,1,1,NA,NA,1,0,0,1
Ceyx_melanurus,Alcedinidae,Coraciiformes,0,6,123.1764416,12.03562007,0,0,0,0
Ceyx_mulcatus,Alcedinidae,Coraciiformes,1,6,NA,NA,1,0,0,1
Ceyx_nigromaxilla,Alcedinidae,Coraciiformes,1,1,NA,NA,1,0,0,1
Ceyx_pictus,Alcedinidae,Coraciiformes,1,6,20.81478527,-0.837728446,1,0,1,1
Ceyx_pusillus,Alcedinidae,Coraciiformes,1,6,140.7460227,-8.492221276,1,0,0,1
Ceyx_rufidorsa,Alcedinidae,Coraciiformes,0,6,109.1290677,0.4386878,0,0,0,0
Ceyx_sacerdotis,Alcedinidae,Coraciiformes,1,1,NA,NA,1,0,0,1
Ceyx_sangirensis,Alcedinidae,Coraciiformes,1,6,NA,NA,1,0,1,1
Ceyx_solitarius,Alcedinidae,Coraciiformes,1,1,NA,NA,1,0,0,1
Ceyx_wallacii,Alcedinidae,Coraciiformes,1,1,NA,NA,1,0,0,1
Chaetocercus_astreans,Trochilidae,Caprimulgiformes,1,6,-73.64079856,10.76972745,0,0,0,0
Chaetocercus_berlepschi,Trochilidae,Caprimulgiformes,1,1,-80.43055091,-1.086209255,0,0,0,0
Chaetocercus_bombus,Trochilidae,Caprimulgiformes,1,1,-79.0687419,-1.805625496,0,0,0,0
Chaetocercus_heliodor,Trochilidae,Caprimulgiformes,1,6,-74.19220416,5.164775137,0,0,0,0
Chaetocercus_jourdanii,Trochilidae,Caprimulgiformes,1,6,-68.32579438,9.498533154,0,0,0,0
Chaetocercus_mulsant,Trochilidae,Caprimulgiformes,1,6,-75.6142633,-5.806095635,0,0,0,0
Chaetura_andrei,Apodidae,Caprimulgiformes,0,1,-107.7287461,34.17714366,0,0,0,0
Chaetura_brachyura,Apodidae,Caprimulgiformes,0,6,-64.07946244,-3.135027237,0,0,0,0
Chaetura_chapmani,Apodidae,Caprimulgiformes,0,6,-59.8486184,1.904605716,0,0,0,0
Chaetura_cinereiventris,Apodidae,Caprimulgiformes,0,1,-64.37619918,-6.348457415,0,0,0,0
Chaetura_egregia,Apodidae,Caprimulgiformes,0,3,-64.87493109,-11.12876486,0,0,0,0
Chaetura_fumosa,Apodidae,Caprimulgiformes,0,6,-82.97604568,8.706411865,0,0,0,0
Chaetura_martinica,Apodidae,Caprimulgiformes,0,1,-61.2737674,15.10511511,0,0,0,0
Chaetura_meridionalis,Apodidae,Caprimulgiformes,0,1,-52.6982505,-19.63157895,0,0,0,0
Chaetura_pelagica,Apodidae,Caprimulgiformes,0,6,-88.83544046,41.81376676,0,0,0,0
Chaetura_spinicaudus,Apodidae,Caprimulgiformes,0,3,-60.06631101,1.243237772,0,0,0,0
Chaetura_vauxi,Apodidae,Caprimulgiformes,0,6,-107.7287461,34.17714366,0,0,0,0
Chalcophaps_indica,Columbidae,Columbiformes,1,6,108.9288666,8.19593311,1,0,0,1
Chalcophaps_longirostris,Columbidae,Columbiformes,1,6,NA,NA,0,0,0,0
Chalcophaps_stephani,Columbidae,Columbiformes,1,6,138.7094689,-4.890404158,0,0,0,0
Chalcopsitta_atra,Psittaculidae,Psittaciformes,0,6,132.7938517,-1.829083383,0,0,0,0
Chalcopsitta_cardinalis,Psittaculidae,Psittaciformes,1,6,158.0063502,-7.904029874,0,0,0,0
Chalcopsitta_duivenbodei,Psittaculidae,Psittaciformes,1,1,142.1599989,-3.763555686,0,1,0,1
Chalcopsitta_scintillata,Psittaculidae,Psittaciformes,1,6,141.0594367,-6.869147488,0,1,0,1
Chalcostigma_herrani,Trochilidae,Caprimulgiformes,1,3,-77.86669628,-0.189339756,0,0,0,0
Chalcostigma_heteropogon,Trochilidae,Caprimulgiformes,1,1,-73.14300672,6.198107182,0,0,0,0
Chalcostigma_olivaceum,Trochilidae,Caprimulgiformes,1,3,-72.14411477,-13.61924096,0,0,0,0
Chalcostigma_ruficeps,Trochilidae,Caprimulgiformes,1,1,-72.93502865,-12.034668,0,0,0,0
Chalcostigma_stanleyi,Trochilidae,Caprimulgiformes,1,3,-73.84762657,-10.20126184,0,0,0,0
Chalybura_buffonii,Trochilidae,Caprimulgiformes,1,6,-73.57788,7.998976299,0,0,0,0
Chalybura_urochrysia,Trochilidae,Caprimulgiformes,1,6,-79.94045289,8.704714924,0,0,0,0
Chamaepetes_goudotii,Cracidae,Galliformes,1,6,-77.06902742,-0.323370586,0,0,0,0
Chamaepetes_unicolor,Cracidae,Galliformes,1,6,-83.20754124,9.432688993,0,0,0,0
Charadrius_alexandrinus,Charadriidae,Charadriiformes,0,6,56.34243179,39.4832993,0,0,0,0
Charadrius_alticola,Charadriidae,Charadriiformes,0,6,-68.94778079,-18.81755408,0,0,0,0
Charadrius_asiaticus,Charadriidae,Charadriiformes,0,6,65.26018667,45.33278981,0,0,0,0
Charadrius_australis,Charadriidae,Charadriiformes,0,6,133.9699813,-30.15685171,0,0,0,0
Charadrius_bicinctus,Charadriidae,Charadriiformes,0,6,158.2539387,-38.54201847,0,0,0,0
Charadrius_collaris,Charadriidae,Charadriiformes,0,6,-59.53818775,-11.45360729,0,0,0,0
Charadrius_dealbatus,Charadriidae,Charadriiformes,0,6,NA,NA,0,0,0,0
Charadrius_dubius,Charadriidae,Charadriiformes,0,6,76.53762431,46.1902513,0,0,0,0
Charadrius_falklandicus,Charadriidae,Charadriiformes,0,6,-67.92116929,-45.81646494,0,0,0,0
Charadrius_forbesi,Charadriidae,Charadriiformes,0,6,14.24260411,1.294876576,0,0,0,0
Charadrius_hiaticula,Charadriidae,Charadriiformes,0,6,40.81302007,71.02960571,0,0,0,0
Charadrius_javanicus,Charadriidae,Charadriiformes,0,6,112.2157844,-7.430038074,0,0,0,0
Charadrius_leschenaultii,Charadriidae,Charadriiformes,0,6,87.68549968,44.48057609,0,0,0,0
Charadrius_marginatus,Charadriidae,Charadriiformes,0,6,22.20542766,-13.59448581,0,0,0,0
Charadrius_melodus,Charadriidae,Charadriiformes,0,6,-97.44662883,46.48169807,0,0,0,0
Charadrius_modestus,Charadriidae,Charadriiformes,0,6,-70.73820395,-51.112008,0,0,0,0
Charadrius_mongolus,Charadriidae,Charadriiformes,0,6,107.1639826,42.40059652,0,0,0,0
Charadrius_montanus,Charadriidae,Charadriiformes,0,6,-106.8245688,41.49193121,0,0,0,0
Charadrius_morinellus,Charadriidae,Charadriiformes,0,6,NA,NA,0,0,0,0
Charadrius_nivosus,Charadriidae,Charadriiformes,0,6,NA,NA,0,0,0,0
Charadrius_obscurus,Charadriidae,Charadriiformes,0,6,174.2926886,-36.64635064,0,0,0,0
Charadrius_pallidus,Charadriidae,Charadriiformes,0,5,25.23367754,-23.71535244,0,0,0,0
Charadrius_pecuarius,Charadriidae,Charadriiformes,0,6,24.323121,-4.002163998,0,0,0,0
Charadrius_peronii,Charadriidae,Charadriiformes,0,6,113.3627867,2.834498314,0,0,0,0
Charadrius_placidus,Charadriidae,Charadriiformes,0,6,125.4708229,41.90732352,0,0,0,0
Charadrius_ruficapillus,Charadriidae,Charadriiformes,0,6,133.8903883,-27.55511576,0,0,0,0
Charadrius_sanctaehelenae,Charadriidae,Charadriiformes,0,6,-5.709518235,-15.95662695,0,0,0,0
Charadrius_semipalmatus,Charadriidae,Charadriiformes,0,6,-120.9303917,64.90700796,0,0,0,0
Charadrius_thoracicus,Charadriidae,Charadriiformes,0,5,44.22895361,-20.89568104,0,0,0,0
Charadrius_tricollaris,Charadriidae,Charadriiformes,0,6,28.34618049,-13.81721489,0,0,0,0
Charadrius_veredus,Charadriidae,Charadriiformes,0,6,111.5575994,48.15777902,0,0,0,0
Charadrius_vociferus,Charadriidae,Charadriiformes,0,6,-103.3490495,43.90373159,0,0,0,0
Charadrius_wilsonia,Charadriidae,Charadriiformes,0,5,-78.03074931,15.12597052,0,0,0,0
Charminetta_wilhelminae,Psittaculidae,Psittaciformes,1,3,NA,NA,0,1,0,1
Charmosyna_josefinae,Psittaculidae,Psittaciformes,1,6,138.3565299,-3.824654939,1,1,0,1
Charmosyna_margarethae,Psittaculidae,Psittaciformes,1,6,158.6079372,-8.179013779,0,1,0,1
Charmosyna_meeki,Psittaculidae,Psittaciformes,1,6,157.4260113,-7.308880788,0,1,0,1
Charmosyna_palmarum,Psittaculidae,Psittaciformes,1,1,167.3816695,-15.47168266,0,1,0,1
Charmosyna_papou,Psittaculidae,Psittaciformes,1,1,141.6819842,-5.201637816,1,1,0,1
Charmosyna_placentis,Psittaculidae,Psittaciformes,1,6,140.8024337,-5.147238714,1,1,0,1
Charmosyna_pulchella,Psittaculidae,Psittaciformes,1,1,141.5651968,-5.039435851,0,1,0,1
Charmosyna_rubronotata,Psittaculidae,Psittaciformes,1,6,138.867974,-3.093896871,1,1,0,1
Charmosyna_toxopei,Psittaculidae,Psittaciformes,1,1,126.6346002,-3.42387884,1,1,0,1
Chauna_chavaria,Anhimidae,Anseriformes,0,6,-74.70649811,9.176411497,0,0,0,0
Chauna_torquata,Anhimidae,Anseriformes,0,6,-59.38755491,-25.55621817,0,0,0,0
Chelictinia_riocourii,Accipitridae,Accipitriformes,0,3,10.07831002,14.60891906,0,0,0,0
Chelidoptera_tenebrosa,Bucconidae,Galliformes,1,6,-57.38610543,-7.475272732,0,0,0,0
Chen_caerulescens,Anatidae,Anseriformes,0,6,-91.81215076,72.48883728,0,0,0,0
Chen_canagica,Anatidae,Anseriformes,1,6,-178.9802877,65.50503398,1,0,0,1
Chen_rossii,Anatidae,Anseriformes,0,6,-95.04377068,62.22784702,0,0,0,0
Chenonetta_jubata,Anatidae,Anseriformes,0,6,135.8026749,-27.11135427,0,0,0,0
Chionis_albus,Chionidae,Charadriiformes,0,6,-57.83418492,-63.39037192,0,0,0,0
Chionis_minor,Chionidae,Charadriiformes,0,5,67.76426465,-49.28451605,0,0,0,0
Chlamydotis_macqueenii,Otididae,Otidiformes,0,6,NA,NA,0,0,0,0
Chlamydotis_undulata,Otididae,Otidiformes,0,6,NA,NA,0,0,0,0
Chlidonias_hybrida,Laridae,Charadriiformes,0,6,59.55290267,10.90813942,0,0,0,0
Chlidonias_leucopterus,Laridae,Charadriiformes,0,6,66.23248934,51.02219477,0,0,0,0
Chlidonias_niger,Laridae,Charadriiformes,0,6,-12.68158574,51.3616792,0,0,0,0
Chloephaga_hybrida,Anatidae,Anseriformes,1,6,-71.29547533,-49.88973745,0,0,0,0
Chloephaga_melanoptera,Anatidae,Anseriformes,1,6,-69.65229404,-22.6475862,0,0,0,0
Chloephaga_picta,Anatidae,Anseriformes,1,6,-71.13062582,-47.04012047,0,0,0,0
Chloephaga_poliocephala,Anatidae,Anseriformes,1,6,-72.13467334,-48.06152864,0,0,0,0
Chloephaga_rubidiceps,Anatidae,Anseriformes,1,6,-67.06704287,-52.76624483,0,0,0,0
Chlorestes_notata,Trochilidae,Caprimulgiformes,1,6,-59.96556796,-1.639953159,0,0,0,0
Chloroceryle_aenea,Alcedinidae,Coraciiformes,1,6,-63.68806934,-3.890748177,0,0,0,0
Chloroceryle_amazona,Alcedinidae,Coraciiformes,1,6,-59.56411749,-9.163733358,0,0,0,0
Chloroceryle_americana,Alcedinidae,Coraciiformes,1,6,-64.42355325,-8.428303174,0,0,0,0
Chloroceryle_inda,Alcedinidae,Coraciiformes,1,6,-61.32433763,-4.989602303,0,0,0,0
Chloropicus_elliotii,Picidae,Piciformes,0,6,20.01979856,-1.56694129,0,0,0,0
Chloropicus_goertae,Picidae,Piciformes,0,6,15.48609187,9.784805962,0,0,0,0
Chloropicus_griseocephalus,Picidae,Piciformes,0,6,25.21078788,-14.48148325,0,0,0,0
Chloropicus_obsoletus,Picidae,Piciformes,0,6,NA,NA,0,0,0,0
Chlorostilbon_alice,Trochilidae,Caprimulgiformes,1,6,-68.40468011,10.3133735,0,0,0,0
Chlorostilbon_assimilis,Trochilidae,Caprimulgiformes,1,3,-80.76398684,8.436530623,0,0,0,0
Chlorostilbon_auriceps,Trochilidae,Caprimulgiformes,1,1,-102.2645589,19.67478852,0,0,0,0
Chlorostilbon_canivetii,Trochilidae,Caprimulgiformes,1,3,-90.59417593,17.01549624,0,0,0,0
Chlorostilbon_forficatus,Trochilidae,Caprimulgiformes,1,1,-86.90510173,20.43862926,0,0,0,0
Chlorostilbon_gibsoni,Trochilidae,Caprimulgiformes,1,6,-73.00696486,8.739211041,0,0,0,0
Chlorostilbon_lucidus,Trochilidae,Caprimulgiformes,1,3,-52.01902287,-20.42500441,0,0,0,0
Chlorostilbon_maugaeus,Trochilidae,Caprimulgiformes,1,6,-66.47591436,18.22772381,0,0,0,0
Chlorostilbon_melanorhynchus,Trochilidae,Caprimulgiformes,1,6,-76.83896248,3.136690897,0,0,0,0
Chlorostilbon_mellisugus,Trochilidae,Caprimulgiformes,1,6,-63.16094427,-3.743008467,0,0,0,0
Chlorostilbon_olivaresi,Trochilidae,Caprimulgiformes,1,3,-73.15027897,0.057231599,0,0,0,0
Chlorostilbon_poortmani,Trochilidae,Caprimulgiformes,1,6,-73.28714422,5.987178458,0,0,0,0
Chlorostilbon_ricordii,Trochilidae,Caprimulgiformes,1,6,-78.9545184,21.86241964,0,0,0,0
Chlorostilbon_russatus,Trochilidae,Caprimulgiformes,1,6,-73.35120816,10.62455973,0,0,0,0
Chlorostilbon_stenurus,Trochilidae,Caprimulgiformes,1,1,-71.86041985,8.127908519,0,0,0,0
Chlorostilbon_swainsonii,Trochilidae,Caprimulgiformes,1,6,-71.26238512,18.91283794,0,0,0,0
Chondrohierax_uncinatus,Accipitridae,Accipitriformes,0,6,-63.90685134,-3.610688807,0,0,0,0
Chondrohierax_wilsonii,Accipitridae,Accipitriformes,0,3,-74.96251293,20.46721382,0,0,0,0
Chordeiles_acutipennis,Caprimulgidae,Caprimulgiformes,0,6,-103.7943661,26.36771421,0,0,0,0
Chordeiles_gundlachii,Caprimulgidae,Caprimulgiformes,0,3,-75.64678769,20.57223665,0,0,0,0
Chordeiles_minor,Caprimulgidae,Caprimulgiformes,0,6,-101.5713792,47.15774318,0,0,0,0
Chordeiles_pusillus,Caprimulgidae,Caprimulgiformes,0,3,-51.54637081,-9.191744116,0,0,0,0
Chordeiles_rupestris,Caprimulgidae,Caprimulgiformes,0,6,-68.83599684,-3.216227959,0,0,0,0
Chrysococcyx_basalis,Cuculidae,Cuculiformes,1,3,134.5722118,-26.17495492,0,0,0,0
Chrysococcyx_caprius,Cuculidae,Cuculiformes,1,6,20.26468873,-3.176050897,0,0,0,0
Chrysococcyx_cupreus,Cuculidae,Cuculiformes,1,6,22.29450475,-2.139466187,0,0,0,0
Chrysococcyx_flavigularis,Cuculidae,Cuculiformes,0,1,18.05875602,0.913912569,0,0,0,0
Chrysococcyx_klaas,Cuculidae,Cuculiformes,1,3,20.66907409,-2.703177376,0,0,0,0
Chrysococcyx_lucidus,Cuculidae,Cuculiformes,1,6,144.1353132,-30.74702183,0,0,0,0
Chrysococcyx_maculatus,Cuculidae,Cuculiformes,1,3,100.7449403,24.22047528,0,0,0,0
Chrysococcyx_meyerii,Cuculidae,Cuculiformes,1,3,140.8366814,-4.842453239,0,0,0,0
Chrysococcyx_minutillus,Cuculidae,Cuculiformes,1,6,130.3198866,-12.25228291,0,0,0,0
Chrysococcyx_osculans,Cuculidae,Cuculiformes,0,6,134.7835186,-25.81415448,0,0,0,0
Chrysococcyx_ruficollis,Cuculidae,Cuculiformes,0,1,142.0394593,-5.485349776,0,0,0,0
Chrysococcyx_xanthorhynchus,Cuculidae,Cuculiformes,1,6,106.1574568,8.772153726,0,0,0,0
Chrysocolaptes_erythrocephalus,Picidae,Piciformes,0,6,NA,NA,0,0,0,0
Chrysocolaptes_festivus,Picidae,Piciformes,0,6,78.71287311,19.39207307,0,0,0,0
Chrysocolaptes_guttacristatus,Picidae,Piciformes,0,6,NA,NA,0,0,0,0
Chrysocolaptes_haematribon,Picidae,Piciformes,0,6,NA,NA,0,0,0,0
Chrysocolaptes_lucidus,Picidae,Piciformes,0,6,98.77482457,16.93723203,0,0,0,0
Chrysocolaptes_stricklandi,Picidae,Piciformes,0,6,NA,NA,0,0,0,0
Chrysocolaptes_strictus,Picidae,Piciformes,0,6,NA,NA,0,0,0,0
Chrysocolaptes_xanthocephalus,Picidae,Piciformes,0,6,NA,NA,0,0,0,0
Chrysolampis_mosquitus,Trochilidae,Caprimulgiformes,1,6,-53.12135816,-6.280790571,0,0,0,0
Chrysolophus_amherstiae,Phasianidae,Galliformes,1,1,101.0943761,27.24616259,0,0,0,0
Chrysolophus_pictus,Phasianidae,Galliformes,1,1,105.8718164,29.79944628,0,0,0,0
Chrysuronia_coeruleogularis,Trochilidae,Caprimulgiformes,1,6,NA,NA,0,0,0,0
Chrysuronia_goudoti,Trochilidae,Caprimulgiformes,1,6,NA,NA,0,0,0,0
Chrysuronia_oenone,Trochilidae,Caprimulgiformes,1,6,-73.06094958,-4.481632756,0,0,0,0
Chunga_burmeisteri,Cariamidae,Cariamiformes,0,3,-62.41671364,-25.57205631,0,0,0,0
Ciconia_abdimii,Ciconiidae,Ciconiiformes,1,6,15.54128034,12.53730392,0,0,0,0
Ciconia_boyciana,Ciconiidae,Ciconiiformes,0,6,130.9432746,47.86411152,0,0,0,0
Ciconia_ciconia,Ciconiidae,Ciconiiformes,0,6,29.74459634,41.68694985,0,0,0,0
Ciconia_episcopus,Ciconiidae,Ciconiiformes,1,6,35.45130629,2.389084142,0,0,0,0
Ciconia_maguari,Ciconiidae,Ciconiiformes,0,6,-59.67576447,-18.51152005,0,0,0,0
Ciconia_microscelis,Ciconiidae,Ciconiiformes,1,6,35.45130629,2.389084142,0,0,0,0
Ciconia_nigra,Ciconiidae,Ciconiiformes,1,6,80.78404474,47.46602387,0,0,0,0
Ciconia_stormi,Ciconiidae,Ciconiiformes,1,6,108.7759349,0.263026424,0,0,0,0
Circaetus_beaudouini,Accipitridae,Accipitriformes,0,6,5.102169241,12.18281767,0,0,0,0
Circaetus_cinerascens,Accipitridae,Accipitriformes,0,6,21.91755712,-1.160913768,0,0,0,0
Circaetus_cinereus,Accipitridae,Accipitriformes,0,6,22.74749568,-3.851495624,0,0,0,0
Circaetus_fasciolatus,Accipitridae,Accipitriformes,0,6,37.79110184,-10.58278278,0,0,0,0
Circaetus_gallicus,Accipitridae,Accipitriformes,0,3,49.7573644,40.47237178,0,0,0,0
Circaetus_pectoralis,Accipitridae,Accipitriformes,0,3,28.76372806,-9.965146224,0,0,0,0
Circus_aeruginosus,Accipitridae,Accipitriformes,0,6,50.68868584,51.43748057,0,0,0,0
Circus_approximans,Accipitridae,Accipitriformes,0,6,146.2409996,-33.89772256,0,0,0,0
Circus_assimilis,Accipitridae,Accipitriformes,0,3,134.1045927,-25.4344095,0,0,0,0
Circus_buffoni,Accipitridae,Accipitriformes,0,6,-57.85238627,-22.92646084,0,0,0,0
Circus_cinereus,Accipitridae,Accipitriformes,0,6,-65.9491398,-34.07966051,0,0,0,0
Circus_cyaneus,Accipitridae,Accipitriformes,0,6,4.961227086,56.89368231,0,0,0,0
Circus_hudsonius,Accipitridae,Accipitriformes,0,6,4.961227086,56.89368231,0,0,0,0
Circus_macrosceles,Accipitridae,Accipitriformes,0,6,46.1647639,-19.20595877,0,0,0,0
Circus_macrourus,Accipitridae,Accipitriformes,0,6,62.82696351,51.42961896,0,0,0,0
Circus_maillardi,Accipitridae,Accipitriformes,0,6,55.52809034,-21.09718987,0,0,0,0
Circus_maurus,Accipitridae,Accipitriformes,0,6,23.70091116,-29.77914094,0,0,0,0
Circus_melanoleucos,Accipitridae,Accipitriformes,0,6,123.0941916,48.74652561,0,0,0,0
Circus_pygargus,Accipitridae,Accipitriformes,0,6,50.70369378,51.1248073,0,0,0,0
Circus_ranivorus,Accipitridae,Accipitriformes,0,6,29.43538219,-15.44176462,0,0,0,0
Circus_spilonotus,Accipitridae,Accipitriformes,0,6,121.5330812,53.73758626,0,0,0,0
Circus_spilothorax,Accipitridae,Accipitriformes,0,6,NA,NA,0,0,0,0
Cittura_cyanotis,Alcedinidae,Coraciiformes,1,6,122.1993881,-0.749106871,1,0,0,1
Cittura_sanghirensis,Alcedinidae,Coraciiformes,1,6,122.1993881,-0.749106871,1,0,1,1
Cladorhynchus_leucocephalus,Recurvirostridae,Charadriiformes,0,5,122.2538723,-28.99371277,0,0,0,0
Clamator_coromandus,Cuculidae,Cuculiformes,1,6,100.9097962,24.7266628,0,0,0,0
Clamator_glandarius,Cuculidae,Cuculiformes,0,6,21.1098593,1.639144669,0,0,0,0
Clamator_jacobinus,Cuculidae,Cuculiformes,1,3,38.11733452,2.99657286,0,0,0,0
Clamator_levaillantii,Cuculidae,Cuculiformes,1,6,21.07489313,-3.634632565,0,0,0,0
Clangula_hyemalis,Anatidae,Anseriformes,1,6,-3.710155737,68.7949142,0,0,0,0
Claravis_godefrida,Columbidae,Columbiformes,0,1,-49.6957633,-24.41904822,0,0,0,0
Claravis_mondetoura,Columbidae,Columbiformes,1,1,-90.2107527,14.84217883,1,0,0,1
Claravis_pretiosa,Columbidae,Columbiformes,0,6,-59.4789421,-6.707200397,0,0,0,0
Clytoceyx_rex,Alcedinidae,Coraciiformes,1,6,141.2217434,-5.264316892,1,0,0,1
Clytolaema_rubricauda,Trochilidae,Caprimulgiformes,1,6,-44.43582272,-22.31142913,0,0,0,0
Coccycua_cinerea,Cuculidae,Cuculiformes,0,3,-58.37041534,-28.18666075,0,0,0,0
Coccycua_minuta,Cuculidae,Cuculiformes,0,6,-62.24622824,-4.528665828,0,0,0,0
Coccycua_pumila,Cuculidae,Cuculiformes,0,1,-69.43218441,7.493668709,0,0,0,0
Coccyzus_americanus,Cuculidae,Cuculiformes,0,6,-90.77656436,36.61096571,0,0,0,0
Coccyzus_erythropthalmus,Cuculidae,Cuculiformes,0,6,-91.27185411,44.09122533,0,0,0,0
Coccyzus_euleri,Cuculidae,Cuculiformes,0,1,-53.69506321,-8.128563073,0,0,0,0
Coccyzus_ferrugineus,Cuculidae,Cuculiformes,0,1,-87.06146788,5.530407535,0,0,0,0
Coccyzus_lansbergi,Cuculidae,Cuculiformes,0,6,-74.26008191,6.96146869,0,0,0,0
Coccyzus_longirostris,Cuculidae,Cuculiformes,0,3,-71.27845466,18.91380246,0,0,0,0
Coccyzus_melacoryphus,Cuculidae,Cuculiformes,0,6,-58.16627702,-10.61878761,0,0,0,0
Coccyzus_merlini,Cuculidae,Cuculiformes,0,6,-78.97054505,21.74826296,0,0,0,0
Coccyzus_minor,Cuculidae,Cuculiformes,0,6,-86.4420131,18.39033364,0,0,0,0
Coccyzus_pluvialis,Cuculidae,Cuculiformes,0,3,-77.31089921,18.15643155,0,0,0,0
Coccyzus_rufigularis,Cuculidae,Cuculiformes,0,1,-71.46318745,18.23703031,0,0,0,0
Coccyzus_vetula,Cuculidae,Cuculiformes,0,3,-77.31089921,18.15643155,0,0,0,0
Coccyzus_vieilloti,Cuculidae,Cuculiformes,0,6,-66.47591436,18.22772381,0,0,0,0
Cochlearius_cochlearius,Ardeidae,Pelecaniformes,1,4,-61.677252,-5.426020473,1,0,0,1
Coeligena_bonapartei,Trochilidae,Caprimulgiformes,1,3,-72.34242063,7.476308861,0,0,0,0
Coeligena_coeligena,Trochilidae,Caprimulgiformes,1,6,-73.42559802,-2.063932274,0,0,0,0
Coeligena_conradii,Trochilidae,Caprimulgiformes,1,1,NA,NA,0,0,0,0
Coeligena_consita,Trochilidae,Caprimulgiformes,1,3,-72.34242063,7.476308861,0,0,0,0
Coeligena_eos,Trochilidae,Caprimulgiformes,1,3,-72.34242063,7.476308861,0,0,0,0
Coeligena_helianthea,Trochilidae,Caprimulgiformes,1,3,-73.00609035,6.613056676,0,0,0,0
Coeligena_inca,Trochilidae,Caprimulgiformes,1,1,NA,NA,0,0,0,0
Coeligena_iris,Trochilidae,Caprimulgiformes,1,3,-78.60312697,-5.690723817,0,0,0,0
Coeligena_lutetiae,Trochilidae,Caprimulgiformes,1,1,-77.61574107,0.204426247,0,0,0,0
Coeligena_orina,Trochilidae,Caprimulgiformes,1,1,-76.09666674,6.323338696,0,0,0,0
Coeligena_phalerata,Trochilidae,Caprimulgiformes,1,1,-73.65464383,10.76620444,0,0,0,0
Coeligena_prunellei,Trochilidae,Caprimulgiformes,1,3,-73.77602873,5.764155948,0,0,0,0
Coeligena_torquata,Trochilidae,Caprimulgiformes,1,1,-74.55833533,-3.699827193,0,0,0,0
Coeligena_violifer,Trochilidae,Caprimulgiformes,1,1,-72.29727666,-12.69272821,0,0,0,0
Coeligena_wilsoni,Trochilidae,Caprimulgiformes,1,1,-78.01362219,0.961659402,0,0,0,0
Coenocorypha_aucklandica,Scolopacidae,Charadriiformes,0,6,167.0198376,-50.99477902,0,0,0,0
Coenocorypha_barrierensis,Scolopacidae,Charadriiformes,0,NA,NA,NA,0,0,0,0
Coenocorypha_huegeli,Scolopacidae,Charadriiformes,0,1,167.0198376,-50.99477902,0,0,0,0
Coenocorypha_iredalei,Scolopacidae,Charadriiformes,0,NA,NA,NA,0,0,0,0
Coenocorypha_pusilla,Scolopacidae,Charadriiformes,0,6,-176.2190239,-44.30428802,0,0,0,0
Colaptes_atricollis,Picidae,Piciformes,0,6,-76.47791051,-10.95490325,0,0,0,0
Colaptes_auratus,Picidae,Piciformes,0,6,-105.3162162,48.22393374,0,0,0,0
Colaptes_auricularis,Picidae,Piciformes,0,1,-104.5344138,22.30917187,0,0,0,0
Colaptes_campestris,Picidae,Piciformes,0,6,-51.23159588,-20.1531607,0,0,0,0
Colaptes_chrysoides,Picidae,Piciformes,0,3,-112.6042424,30.74670344,0,0,0,0
Colaptes_fernandinae,Picidae,Piciformes,0,1,-80.43257042,21.94905693,0,0,0,0
Colaptes_melanochloros,Picidae,Piciformes,0,3,-53.91377355,-22.54491565,0,0,0,0
Colaptes_oceanicus,Picidae,Piciformes,0,NA,NA,NA,0,0,0,0
Colaptes_punctigula,Picidae,Piciformes,0,6,-68.23019045,-2.153026384,0,0,0,0
Colaptes_rivolii,Picidae,Piciformes,0,1,-74.34907757,-4.698123773,0,0,0,0
Colaptes_rubiginosus,Picidae,Piciformes,0,6,-74.60770949,5.144877114,0,0,0,0
Colaptes_rupicola,Picidae,Piciformes,0,3,-69.73047403,-17.25741967,0,0,0,0
Colibri_coruscans,Trochilidae,Caprimulgiformes,1,6,-71.89084116,-9.113181755,0,0,0,0
Colibri_cyanotus,Trochilidae,Caprimulgiformes,1,1,NA,NA,0,0,0,0
Colibri_delphinae,Trochilidae,Caprimulgiformes,1,6,-68.94039206,3.149914597,0,0,0,0
Colibri_serrirostris,Trochilidae,Caprimulgiformes,1,3,-49.76572681,-18.29016878,0,0,0,0
Colibri_thalassinus,Trochilidae,Caprimulgiformes,1,1,-83.01003554,6.267257388,0,0,0,0
Colinus_cristatus,Odontophoridae,Galliformes,0,6,-69.37188675,6.805857505,0,0,0,0
Colinus_nigrogularis,Odontophoridae,Galliformes,0,6,-87.98726145,19.14915436,0,0,0,0
Colinus_virginianus,Odontophoridae,Galliformes,0,6,-91.64409532,35.41081143,0,0,0,0
Colius_castanotus,Coliidae,Coliiformes,0,6,15.07039342,-10.8363933,0,0,0,0
Colius_colius,Coliidae,Coliiformes,0,6,20.71830442,-26.74415568,0,0,0,0
Colius_leucocephalus,Coliidae,Coliiformes,0,6,41.04259835,0.588569215,0,0,0,0
Colius_striatus,Coliidae,Coliiformes,0,6,28.9897161,-4.341934228,0,0,0,0
Collocalia_affinis,Apodidae,Caprimulgiformes,1,6,121.1224281,-0.199724914,0,0,0,0
Collocalia_amelis,Apodidae,Caprimulgiformes,1,6,122.729542,11.83173868,0,0,0,0
Collocalia_bartschi,Apodidae,Caprimulgiformes,0,6,157.1857698,15.1498798,0,0,0,0
Collocalia_brevirostris,Apodidae,Caprimulgiformes,0,6,99.53965145,26.76358226,0,0,0,0
Collocalia_dodgei,Apodidae,Caprimulgiformes,1,3,121.1224281,-0.199724914,0,0,0,0
Collocalia_elaphra,Apodidae,Caprimulgiformes,1,6,55.5423904,-4.583922368,0,0,0,0
Collocalia_esculenta,Apodidae,Caprimulgiformes,1,6,121.1224281,-0.199724914,0,0,0,0
Collocalia_francica,Apodidae,Caprimulgiformes,0,6,56.39902557,-20.76721561,0,0,0,0
Collocalia_fuciphaga,Apodidae,Caprimulgiformes,0,6,110.0251981,-0.856536746,0,0,0,0
Collocalia_germani,Apodidae,Caprimulgiformes,0,6,106.6525248,11.1785193,0,0,0,0
Collocalia_hirundinacea,Apodidae,Caprimulgiformes,0,6,140.8080874,-4.76988547,0,0,0,0
Collocalia_infuscata,Apodidae,Caprimulgiformes,0,6,122.8132694,-2.41119029,0,0,0,0
Collocalia_inquieta,Apodidae,Caprimulgiformes,1,6,158.1680975,6.645682784,0,0,0,0
Collocalia_isonota,Apodidae,Caprimulgiformes,1,6,121.1224281,-0.199724914,0,0,0,0
Collocalia_leucophaea,Apodidae,Caprimulgiformes,0,3,-149.4943749,-17.61269021,0,0,0,0
Collocalia_linchi,Apodidae,Caprimulgiformes,1,3,105.1273937,-3.033920292,0,0,0,0
Collocalia_marginata,Apodidae,Caprimulgiformes,1,6,121.1224281,-0.199724914,0,0,0,0
Collocalia_maxima,Apodidae,Caprimulgiformes,0,1,110.6964779,1.153726639,0,0,0,0
Collocalia_mearnsi,Apodidae,Caprimulgiformes,0,3,122.7399471,11.81135565,0,0,0,0
Collocalia_natalis,Apodidae,Caprimulgiformes,1,6,121.1224281,-0.199724914,0,0,0,0
Collocalia_neglecta,Apodidae,Caprimulgiformes,1,6,121.1224281,-0.199724914,0,0,0,0
Collocalia_nuditarsus,Apodidae,Caprimulgiformes,0,3,141.5392275,-5.648538896,0,0,0,0
Collocalia_ocista,Apodidae,Caprimulgiformes,0,6,-139.6382298,-9.285653468,0,0,0,0
Collocalia_orientalis,Apodidae,Caprimulgiformes,1,3,155.3597507,-6.127469061,0,0,0,0
Collocalia_papuensis,Apodidae,Caprimulgiformes,0,3,143.0569522,-4.427665666,0,0,0,0
Collocalia_pelewensis,Apodidae,Caprimulgiformes,0,3,134.5350679,7.444168093,0,0,0,0
Collocalia_salangana,Apodidae,Caprimulgiformes,0,3,112.1475833,0.083975343,0,0,0,0
Collocalia_sawtelli,Apodidae,Caprimulgiformes,0,6,-158.1071257,-19.99561302,0,0,0,0
Collocalia_spodiopygia,Apodidae,Caprimulgiformes,0,3,153.927868,-13.65189065,0,0,0,0
Collocalia_sumbawae,Apodidae,Caprimulgiformes,1,6,121.1224281,-0.199724914,0,0,0,0
Collocalia_terraereginae,Apodidae,Caprimulgiformes,0,3,NA,NA,0,0,0,0
Collocalia_troglodytes,Apodidae,Caprimulgiformes,0,6,122.9301234,11.79863369,0,0,0,0
Collocalia_unicolor,Apodidae,Caprimulgiformes,0,6,77.07067141,11.46684967,0,0,0,0
Collocalia_uropygialis,Apodidae,Caprimulgiformes,1,6,121.1224281,-0.199724914,0,0,0,0
Collocalia_vanikorensis,Apodidae,Caprimulgiformes,0,6,139.4530586,-5.165744671,0,0,0,0
Collocalia_vulcanorum,Apodidae,Caprimulgiformes,1,3,107.4091155,-7.035760632,0,0,0,0
Collocalia_whiteheadi,Apodidae,Caprimulgiformes,0,3,122.4300066,13.11330776,0,0,0,0
Columba_albinucha,Columbidae,Columbiformes,0,1,27.48257599,-0.042653858,0,0,0,0
Columba_albitorques,Columbidae,Columbiformes,0,6,38.62876951,9.953392337,0,0,0,0
Columba_argentina,Columbidae,Columbiformes,1,6,99.26993521,-1.832282741,0,0,0,0
Columba_arquatrix,Columbidae,Columbiformes,0,6,31.58797724,-11.27159144,0,0,0,0
Columba_bollii,Columbidae,Columbiformes,1,1,-17.01794815,28.30202513,1,0,0,1
Columba_delegorguei,Columbidae,Columbiformes,1,1,34.98509734,-8.004033567,1,0,0,1
Columba_elphinstonii,Columbidae,Columbiformes,1,1,75.757052,13.30796163,0,0,0,0
Columba_eversmanni,Columbidae,Columbiformes,1,6,73.23857064,41.38920687,0,0,0,0
Columba_guinea,Columbidae,Columbiformes,0,6,20.37477983,1.23560855,0,0,0,0
Columba_hodgsonii,Columbidae,Columbiformes,1,1,98.14143361,30.03135744,0,0,0,0
Columba_iriditorques,Columbidae,Columbiformes,1,6,13.68913509,1.463060575,0,0,0,0
Columba_janthina,Columbidae,Columbiformes,1,1,129.2064956,30.19427149,0,0,0,0
Columba_jouyi,Columbidae,Columbiformes,1,NA,NA,NA,0,0,0,0
Columba_junoniae,Columbidae,Columbiformes,1,1,-17.50231551,28.46940677,0,0,0,0
Columba_leucomela,Columbidae,Columbiformes,1,6,150.4657109,-29.00606164,0,0,0,0
Columba_leuconota,Columbidae,Columbiformes,0,6,89.356016,33.72362518,0,0,0,0
Columba_livia,Columbidae,Columbiformes,1,6,NA,NA,0,0,0,0
Columba_malherbii,Columbidae,Columbiformes,1,6,6.717556998,0.429847822,0,0,0,0
Columba_oenas,Columbidae,Columbiformes,1,6,35.16805633,51.24694294,0,0,0,0
Columba_oliviae,Columbidae,Columbiformes,1,6,48.9547331,10.38896055,0,0,0,0
Columba_pallidiceps,Columbidae,Columbiformes,1,1,153.2088448,-6.174723783,0,0,0,0
Columba_palumboides,Columbidae,Columbiformes,1,1,92.96435779,11.22462123,0,0,0,0
Columba_palumbus,Columbidae,Columbiformes,1,6,31.49948537,51.22895477,0,0,0,0
Columba_pollenii,Columbidae,Columbiformes,1,6,43.94820921,-12.06304448,0,0,0,0
Columba_pulchricollis,Columbidae,Columbiformes,1,1,96.24556241,25.57720435,0,0,0,0
Columba_punicea,Columbidae,Columbiformes,1,6,89.55653999,21.67648863,0,0,0,0
Columba_rupestris,Columbidae,Columbiformes,1,6,102.670364,45.93683093,0,0,0,0
Columba_sjostedti,Columbidae,Columbiformes,1,1,10.44352275,6.049606141,0,0,0,0
Columba_thomensis,Columbidae,Columbiformes,1,1,6.570840686,0.216027556,0,0,0,0
Columba_torringtoniae,Columbidae,Columbiformes,1,1,80.77160026,6.983348577,0,0,0,0
Columba_trocaz,Columbidae,Columbiformes,1,1,-16.95191698,32.76356291,0,0,0,0
Columba_unicincta,Columbidae,Columbiformes,0,3,16.2280517,0.927462702,0,0,0,0
Columba_versicolor,Columbidae,Columbiformes,1,NA,NA,NA,0,0,0,0
Columba_vitiensis,Columbidae,Columbiformes,1,6,137.0720883,-1.846808417,0,0,0,0
Columbina_buckleyi,Columbidae,Columbiformes,0,6,-79.8552159,-1.644374686,0,0,0,0
Columbina_cruziana,Columbidae,Columbiformes,0,6,-77.34260866,-8.678262851,0,0,0,0
Columbina_cyanopis,Columbidae,Columbiformes,1,2,-57.1849653,-15.82611229,0,0,0,0
Columbina_inca,Columbidae,Columbiformes,0,6,-102.3513759,26.6395313,0,0,0,0
Columbina_minuta,Columbidae,Columbiformes,1,3,-55.1727789,-8.408614982,0,0,0,0
Columbina_passerina,Columbidae,Columbiformes,0,6,-74.31048476,10.76858612,0,0,0,0
Columbina_picui,Columbidae,Columbiformes,1,6,-59.08097185,-24.42875394,0,0,0,0
Columbina_squammata,Columbidae,Columbiformes,0,6,-50.49155728,-12.04623366,0,0,0,0
Columbina_talpacoti,Columbidae,Columbiformes,0,6,-60.45363081,-8.335762805,0,0,0,0
Conuropsis_carolinensis,Psittacidae,Psittaciformes,1,6,NA,NA,1,1,0,1
Coracias_abyssinicus,Coraciidae,Coraciiformes,1,6,16.19582448,10.60004348,1,0,0,1
Coracias_affinis,Coraciidae,Coraciiformes,1,6,NA,NA,1,1,1,1
Coracias_benghalensis,Coraciidae,Coraciiformes,1,6,83.54645035,23.27685956,1,0,1,1
Coracias_caudatus,Coraciidae,Coraciiformes,1,6,29.09332466,-12.38013981,1,1,1,1
Coracias_cyanogaster,Coraciidae,Coraciiformes,1,6,1.449956144,9.560142125,1,0,1,1
Coracias_garrulus,Coraciidae,Coraciiformes,1,6,44.89594277,46.21791993,1,1,0,1
Coracias_naevius,Coraciidae,Coraciiformes,0,6,20.7382914,-2.449873332,0,0,0,0
Coracias_spatulatus,Coraciidae,Coraciiformes,1,6,30.89747006,-13.82375114,1,0,0,1
Coracias_temminckii,Coraciidae,Coraciiformes,1,6,121.1874836,-2.136533634,1,1,0,1
Coracopsis_barklyi,Psittaculidae,Psittaciformes,0,6,NA,NA,0,0,0,0
Coracopsis_nigra,Psittaculidae,Psittaciformes,0,6,46.67301266,-19.46035066,0,0,0,0
Coracopsis_vasa,Psittaculidae,Psittaciformes,0,6,46.67107424,-19.45985251,0,0,0,0
Coragyps_atratus,Cathartidae,Cathartiformes,0,6,-67.70444613,-4.949548793,0,0,0,0
Corythaeola_cristata,Musophagidae,Musophagiformes,1,1,16.3211312,1.490952639,1,0,0,1
Corythaixoides_concolor,Musophagidae,Musophagiformes,0,6,27.37934315,-17.38976548,0,0,0,0
Corythaixoides_leucogaster,Musophagidae,Musophagiformes,0,2,39.52941182,3.042110411,0,0,0,0
Corythaixoides_personatus,Musophagidae,Musophagiformes,0,3,33.3409371,-4.177246449,0,0,0,0
Coscoroba_coscoroba,Anatidae,Anseriformes,0,6,-66.3472596,-39.69622941,0,0,0,0
Coturnicops_exquisitus,Rallidae,Gruiformes,0,6,126.993647,48.02585693,0,0,0,0
Coturnicops_notatus,Rallidae,Gruiformes,0,6,-56.90880755,-30.5443512,0,0,0,0
Coturnicops_noveboracensis,Rallidae,Gruiformes,0,6,-94.17954987,52.29258759,0,0,0,0
Coturnix_chinensis,Phasianidae,Galliformes,1,6,70.99751668,2.672035893,1,0,0,1
Coturnix_coromandelica,Phasianidae,Galliformes,0,6,79.90415209,21.99578235,0,0,0,0
Coturnix_coturnix,Phasianidae,Galliformes,0,6,52.40706739,45.1322618,0,0,0,0
Coturnix_delegorguei,Phasianidae,Galliformes,0,6,27.84734047,-7.201799663,0,0,0,0
Coturnix_japonica,Phasianidae,Galliformes,0,6,123.7826554,50.10349009,0,0,0,0
Coturnix_novaezelandiae,Phasianidae,Galliformes,0,NA,NA,NA,0,0,0,0
Coturnix_pectoralis,Phasianidae,Galliformes,0,6,134.7349535,-27.57852073,0,0,0,0
Coturnix_ypsilophora,Phasianidae,Galliformes,0,6,138.1834895,-22.56103193,0,0,0,0
Coua_caerulea,Cuculidae,Cuculiformes,1,6,47.59340085,-18.98086758,1,0,0,1
Coua_coquereli,Cuculidae,Cuculiformes,0,1,45.37760439,-18.45909249,0,0,0,0
Coua_cristata,Cuculidae,Cuculiformes,1,6,46.3930884,-19.60929726,0,0,0,0
Coua_cursor,Cuculidae,Cuculiformes,0,3,44.52488386,-23.84250283,0,0,0,0
Coua_delalandei,Cuculidae,Cuculiformes,1,1,NA,NA,0,0,0,0
Coua_gigas,Cuculidae,Cuculiformes,0,3,44.76459232,-20.21740818,0,0,0,0
Coua_reynaudii,Cuculidae,Cuculiformes,1,1,47.63845527,-18.96563979,0,0,0,0
Coua_ruficeps,Cuculidae,Cuculiformes,1,6,45.15487825,-19.98562736,0,0,0,0
Coua_serriana,Cuculidae,Cuculiformes,0,1,48.99792095,-16.09803792,0,0,0,0
Coua_verreauxi,Cuculidae,Cuculiformes,1,1,44.67499432,-24.51917345,0,0,0,0
Crax_alberti,Cracidae,Galliformes,1,1,-74.24565025,9.599574784,0,0,0,0
Crax_alector,Cracidae,Galliformes,1,6,-61.43427843,2.777793782,0,0,0,0
Crax_blumenbachii,Cracidae,Galliformes,1,6,-40.6115255,-18.50803133,0,0,0,0
Crax_daubentoni,Cracidae,Galliformes,1,6,-68.0447483,9.017228771,0,0,0,0
Crax_fasciolata,Cracidae,Galliformes,1,6,-53.35737408,-15.06414118,0,0,0,0
Crax_globulosa,Cracidae,Galliformes,1,6,-68.34939047,-8.10141157,0,0,0,0
Crax_rubra,Cracidae,Galliformes,1,1,-87.88402559,14.20566507,0,0,0,0
Creagrus_furcatus,Laridae,Charadriiformes,0,5,-90.71590172,-0.219196806,0,0,0,0
Crecopsis_egregia,Rallidae,Gruiformes,0,6,20.73748519,-5.067032061,0,0,0,0
Crex_crex,Rallidae,Gruiformes,0,6,61.38700572,54.99093554,0,0,0,0
Crinifer_piscator,Musophagidae,Musophagiformes,0,6,2.504000369,9.813423087,0,0,0,0
Crinifer_zonurus,Musophagidae,Musophagiformes,0,6,32.44081679,6.826098474,0,0,0,0
Crossoptilon_auritum,Phasianidae,Galliformes,1,3,102.0764237,35.19670711,1,0,0,1
Crossoptilon_crossoptilon,Phasianidae,Galliformes,1,6,98.61476635,29.50640794,0,0,0,0
Crossoptilon_harmani,Phasianidae,Galliformes,1,6,92.88278697,29.47059653,1,0,0,1
Crossoptilon_mantchuricum,Phasianidae,Galliformes,1,6,112.7312245,38.19888956,0,0,0,0
Crotophaga_ani,Cuculidae,Cuculiformes,1,6,-58.5885154,-9.414925042,0,0,0,0
Crotophaga_major,Cuculidae,Cuculiformes,1,6,-57.35165254,-8.554966354,0,0,0,0
Crotophaga_sulcirostris,Cuculidae,Cuculiformes,1,6,-85.95595691,12.62523605,0,0,0,0
Cryptophaps_poecilorrhoa,Columbidae,Columbiformes,1,1,121.1057565,-1.574218082,0,0,0,0
Crypturellus_atrocapillus,Tinamidae,Tinamiformes,0,1,-67.37734137,-14.82467028,0,0,0,0
Crypturellus_bartletti,Tinamidae,Tinamiformes,0,1,-69.81689352,-7.644740183,0,0,0,0
Crypturellus_berlepschi,Tinamidae,Tinamiformes,0,1,-77.76393194,3.410109116,0,0,0,0
Crypturellus_boucardi,Tinamidae,Tinamiformes,0,3,-88.58527187,15.53326201,0,0,0,0
Crypturellus_brevirostris,Tinamidae,Tinamiformes,0,1,-64.85605904,-3.356180267,0,0,0,0
Crypturellus_casiquiare,Tinamidae,Tinamiformes,0,3,-67.96211154,1.812837868,0,0,0,0
Crypturellus_cinereus,Tinamidae,Tinamiformes,0,6,-63.40875663,-3.810019213,0,0,0,0
Crypturellus_cinnamomeus,Tinamidae,Tinamiformes,0,1,-94.16525828,18.70737193,0,0,0,0
Crypturellus_duidae,Tinamidae,Tinamiformes,0,3,-67.11493186,4.652424351,0,0,0,0
Crypturellus_erythropus,Tinamidae,Tinamiformes,0,3,-74.89509529,7.73513799,0,0,0,0
Crypturellus_kerriae,Tinamidae,Tinamiformes,0,6,-77.6560463,7.180944527,0,0,0,0
Crypturellus_noctivagus,Tinamidae,Tinamiformes,0,3,-43.2997363,-16.7966456,0,0,0,0
Crypturellus_obsoletus,Tinamidae,Tinamiformes,0,6,-56.54495712,-19.55613999,0,0,0,0
Crypturellus_parvirostris,Tinamidae,Tinamiformes,0,6,-51.2550782,-13.44032317,0,0,0,0
Crypturellus_ptaritepui,Tinamidae,Tinamiformes,0,3,-62.18684915,5.841826021,0,0,0,0
Crypturellus_soui,Tinamidae,Tinamiformes,0,1,-60.44634461,-4.59485913,0,0,0,0
Crypturellus_strigulosus,Tinamidae,Tinamiformes,0,3,-57.73387475,-8.827208564,0,0,0,0
Crypturellus_tataupa,Tinamidae,Tinamiformes,0,3,-51.68949561,-18.70467219,0,0,0,0
Crypturellus_transfasciatus,Tinamidae,Tinamiformes,0,3,-80.41116829,-3.00167979,0,0,0,0
Crypturellus_undulatus,Tinamidae,Tinamiformes,0,3,-59.43708625,-8.587291177,0,0,0,0
Crypturellus_variegatus,Tinamidae,Tinamiformes,0,3,-62.57560851,-3.048727052,0,0,0,0
Cuculus_canorus,Cuculidae,Cuculiformes,0,6,83.1447508,54.33470934,0,0,0,0
Cuculus_clamosus,Cuculidae,Cuculiformes,1,6,21.11018166,-3.555370849,0,0,0,0
Cuculus_crassirostris,Cuculidae,Cuculiformes,0,1,121.0631909,-1.591930086,0,0,0,0
Cuculus_fugax,Cuculidae,Cuculiformes,0,6,116.2019566,26.22609705,0,0,0,0
Cuculus_gularis,Cuculidae,Cuculiformes,0,3,17.95134178,-3.9655469,0,0,0,0
Cuculus_lepidus,Cuculidae,Cuculiformes,0,1,106.7449118,-2.150769748,0,0,0,0
Cuculus_micropterus,Cuculidae,Cuculiformes,0,1,107.4594448,25.33884274,0,0,0,0
Cuculus_optatus,Cuculidae,Cuculiformes,0,6,104.856231,58.43883342,0,0,0,0
Cuculus_pallidus,Cuculidae,Cuculiformes,0,6,134.4180391,-25.75659035,0,0,0,0
Cuculus_poliocephalus,Cuculidae,Cuculiformes,0,6,112.850641,33.04129724,0,0,0,0
Cuculus_rochii,Cuculidae,Cuculiformes,0,6,46.72593526,-19.31514452,0,0,0,0
Cuculus_saturatus,Cuculidae,Cuculiformes,0,6,106.0032309,27.67965647,0,0,0,0
Cuculus_solitarius,Cuculidae,Cuculiformes,0,3,22.02516763,-5.155058463,0,0,0,0
Cuculus_sparverioides,Cuculidae,Cuculiformes,0,6,106.1839638,27.37485455,0,0,0,0
Cuculus_vagans,Cuculidae,Cuculiformes,0,1,107.6662135,1.96942827,0,0,0,0
Cuculus_varius,Cuculidae,Cuculiformes,0,3,81.04714182,21.88126559,0,0,0,0
Cursorius_coromandelicus,Glareolidae,Charadriiformes,0,2,77.85323228,22.73318617,0,0,0,0
Cursorius_cursor,Glareolidae,Charadriiformes,0,2,25.47005408,23.97311662,0,0,0,0
Cursorius_rufus,Glareolidae,Charadriiformes,0,2,20.11206545,-26.85594967,0,0,0,0
Cursorius_somalensis,Glareolidae,Charadriiformes,0,6,44.58121039,9.718205215,0,0,0,0
Cursorius_temminckii,Glareolidae,Charadriiformes,0,2,18.95141442,-4.670343554,0,0,0,0
Cyanochen_cyanoptera,Anatidae,Anseriformes,1,6,37.96638312,9.510901671,0,0,0,0
Cyanolimnas_cerverai,Rallidae,Gruiformes,0,4,-81.39348484,22.44015042,0,0,0,0
Cyanoliseus_patagonus,Psittacidae,Psittaciformes,1,6,-67.25555333,-37.33672358,1,1,0,1
Cyanophaia_bicolor,Trochilidae,Caprimulgiformes,1,6,-61.15628529,14.9624212,0,0,0,0
Cyanopsitta_spixii,Psittacidae,Psittaciformes,1,3,-39.9,-9.133301352,1,0,0,1
Cyanoramphus_auriceps,Psittaculidae,Psittaciformes,1,3,170.8045089,-42.97457882,1,1,0,1
Cyanoramphus_cookii,Psittaculidae,Psittaciformes,1,3,168.0370344,-29.00610086,1,1,0,1
Cyanoramphus_forbesi,Psittaculidae,Psittaciformes,1,1,-176.3026913,-44.27483834,1,1,0,1
Cyanoramphus_hochstetteri,Psittaculidae,Psittaciformes,1,3,NA,NA,1,1,0,1
Cyanoramphus_malherbi,Psittaculidae,Psittaciformes,1,6,171.9783578,-42.86746295,1,1,0,1
Cyanoramphus_novaezelandiae,Psittaculidae,Psittaciformes,1,3,171.8062892,-45.78010545,1,1,0,1
Cyanoramphus_saisseti,Psittaculidae,Psittaciformes,1,3,165.48473,-21.33462891,1,1,0,1
Cyanoramphus_ulietanus,Psittaculidae,Psittaciformes,0,NA,NA,NA,0,0,0,0
Cyanoramphus_unicolor,Psittaculidae,Psittaciformes,1,6,178.8016369,-49.68620564,1,0,0,1
Cyanoramphus_zealandicus,Psittaculidae,Psittaciformes,1,NA,NA,NA,1,1,0,1
Cyclopsitta_diophthalma,Psittaculidae,Psittaciformes,1,6,140.4183029,-5.950475501,1,1,1,1
Cyclopsitta_gulielmitertii,Psittaculidae,Psittaciformes,1,6,141.8317353,-6.027197005,1,1,0,1
Cygnus_atratus,Anatidae,Anseriformes,0,4,133.1760411,-23.91881114,0,0,0,0
Cygnus_buccinator,Anatidae,Anseriformes,0,4,-129.8574126,57.66510049,0,0,0,0
Cygnus_columbianus,Anatidae,Anseriformes,0,6,48.88947966,68.33201861,0,0,0,0
Cygnus_cygnus,Anatidae,Anseriformes,0,6,97.74801228,60.90525431,0,0,0,0
Cygnus_melancoryphus,Anatidae,Anseriformes,0,4,-66.0295793,-42.18110931,0,0,0,0
Cygnus_olor,Anatidae,Anseriformes,0,4,41.80592043,50.03683215,0,0,0,0
Cynanthus_doubledayi,Trochilidae,Caprimulgiformes,1,3,NA,NA,0,0,0,0
Cynanthus_latirostris,Trochilidae,Caprimulgiformes,1,1,-104.276152,23.61945539,0,0,0,0
Cynanthus_lawrencei,Trochilidae,Caprimulgiformes,1,1,NA,NA,0,0,0,0
Cynanthus_sordidus,Trochilidae,Caprimulgiformes,1,3,-98.55367877,17.61368736,0,0,0,0
Cypseloides_cherriei,Apodidae,Caprimulgiformes,0,1,-83.53199383,9.487436899,0,0,0,0
Cypseloides_cryptus,Apodidae,Caprimulgiformes,0,1,-76.31594345,10.21643922,0,0,0,0
Cypseloides_fumigatus,Apodidae,Caprimulgiformes,0,6,-49.11530725,-23.64671437,0,0,0,0
Cypseloides_lemosi,Apodidae,Caprimulgiformes,0,3,-76.6923051,2.499896493,0,0,0,0
Cypseloides_niger,Apodidae,Caprimulgiformes,0,6,-104.1227427,31.77112686,0,0,0,0
Cypseloides_rothschildi,Apodidae,Caprimulgiformes,0,3,-64.67398422,-23.64949904,0,0,0,0
Cypseloides_senex,Apodidae,Caprimulgiformes,0,6,-51.68110793,-17.67296496,0,0,0,0
Cypseloides_storeri,Apodidae,Caprimulgiformes,0,6,-101.2770531,18.6739193,0,0,0,0
Cypsiurus_balasiensis,Apodidae,Caprimulgiformes,0,6,95.58294995,15.37901239,0,0,0,0
Cypsiurus_gracilis,Apodidae,Caprimulgiformes,0,6,NA,NA,0,0,0,0
Cypsiurus_parvus,Apodidae,Caprimulgiformes,0,6,22.12441316,-2.555028924,0,0,0,0
Cyrtonyx_montezumae,Odontophoridae,Galliformes,0,3,-103.9688738,24.75042418,0,0,0,0
Cyrtonyx_ocellatus,Odontophoridae,Galliformes,0,3,-89.60324422,15.24643932,0,0,0,0
Dacelo_gaudichaud,Alcedinidae,Coraciiformes,1,6,140.7385398,-5.35409912,1,0,0,1
Dacelo_leachii,Alcedinidae,Coraciiformes,1,6,135.6105624,-17.98672524,1,0,0,1
Dacelo_novaeguineae,Alcedinidae,Coraciiformes,1,6,145.671577,-28.88789338,1,1,0,1
Dacelo_tyro,Alcedinidae,Coraciiformes,1,6,139.5843045,-7.964200111,1,0,0,1
Dactylortyx_thoracicus,Odontophoridae,Galliformes,0,6,-92.51278616,18.73798281,0,0,0,0
Damophila_julie,Trochilidae,Caprimulgiformes,1,1,-76.3027367,6.104950942,0,0,0,0
Daption_capense,Procellariidae,Procellariiformes,0,5,-19.10102327,-59.70444548,0,0,0,0
Daptrius_ater,Falconidae,Falconiformes,0,6,-62.86047674,-4.074765632,0,0,0,0
Dendragapus_canadensis,Phasianidae,Galliformes,0,1,-113.5110049,58.69992295,0,0,0,0
Dendragapus_falcipennis,Phasianidae,Galliformes,0,6,134.9806784,52.67474042,0,0,0,0
Dendragapus_fuliginosus,Phasianidae,Galliformes,0,1,-127.8732702,52.22548747,0,0,0,0
Dendragapus_obscurus,Phasianidae,Galliformes,0,1,-122.6362995,53.720078,0,0,0,0
Dendrocopos_analis,Picidae,Piciformes,0,6,NA,NA,0,0,0,0
Dendrocopos_assimilis,Picidae,Piciformes,0,6,66.14417364,28.56395999,0,0,0,0
Dendrocopos_atratus,Picidae,Piciformes,0,1,99.32283179,20.85452501,0,0,0,0
Dendrocopos_auriceps,Picidae,Piciformes,0,1,79.20552097,29.91353674,0,0,0,0
Dendrocopos_canicapillus,Picidae,Piciformes,0,3,113.4478547,30.22515225,0,0,0,0
Dendrocopos_darjellensis,Picidae,Piciformes,0,3,96.17690139,26.96586175,0,0,0,0
Dendrocopos_dorae,Picidae,Piciformes,0,3,41.49178693,20.46589204,0,0,0,0
Dendrocopos_himalayensis,Picidae,Piciformes,0,1,75.98584867,32.37705579,0,0,0,0
Dendrocopos_hyperythrus,Picidae,Piciformes,0,1,102.1159,29.58965482,0,0,0,0
Dendrocopos_kizuki,Picidae,Piciformes,0,3,132.5213548,43.283541,0,0,0,0
Dendrocopos_leucopterus,Picidae,Piciformes,0,3,75.77059471,42.75960407,0,0,0,0
Dendrocopos_leucotos,Picidae,Piciformes,0,1,79.20609949,52.87776031,0,0,0,0
Dendrocopos_macei,Picidae,Piciformes,0,6,95.61411705,18.98273566,0,0,0,0
Dendrocopos_maculatus,Picidae,Piciformes,0,6,123.0865491,11.87257603,0,0,0,0
Dendrocopos_mahrattensis,Picidae,Piciformes,0,6,78.8548476,22.57626064,0,0,0,0
Dendrocopos_major,Picidae,Piciformes,0,6,74.79490055,54.75011574,0,0,0,0
Dendrocopos_medius,Picidae,Piciformes,0,1,25.68681759,48.03296773,0,0,0,0
Dendrocopos_moluccensis,Picidae,Piciformes,0,6,110.485206,-0.727768837,0,0,0,0
Dendrocopos_nanus,Picidae,Piciformes,0,3,79.32798874,21.1063824,0,0,0,0
Dendrocopos_noguchii,Picidae,Piciformes,0,3,128.1299641,26.67527233,0,0,0,0
Dendrocopos_ramsayi,Picidae,Piciformes,0,6,120.5894455,5.572950287,0,0,0,0
Dendrocopos_syriacus,Picidae,Piciformes,0,6,33.31412018,42.46052638,0,0,0,0
Dendrocopos_temminckii,Picidae,Piciformes,0,6,121.164725,-2.083596011,0,0,0,0
Dendrocygna_arborea,Anatidae,Anseriformes,0,6,-77.39151742,21.23505622,0,0,0,0
Dendrocygna_arcuata,Anatidae,Anseriformes,0,4,131.496432,-14.48060422,0,0,0,0
Dendrocygna_autumnalis,Anatidae,Anseriformes,0,4,-61.83936466,-5.635626464,0,0,0,0
Dendrocygna_bicolor,Anatidae,Anseriformes,0,6,11.22091151,-5.197745399,0,0,0,0
Dendrocygna_eytoni,Anatidae,Anseriformes,0,6,137.365409,-23.87055811,0,0,0,0
Dendrocygna_guttata,Anatidae,Anseriformes,0,6,134.9325045,-3.462076197,0,0,0,0
Dendrocygna_javanica,Anatidae,Anseriformes,0,6,94.51023061,19.54415324,0,0,0,0
Dendrocygna_viduata,Anatidae,Anseriformes,0,4,-10.3550785,-6.866687384,0,0,0,0
Dendropicos_abyssinicus,Picidae,Piciformes,0,3,38.17524055,9.483399779,0,0,0,0
Dendropicos_elachus,Picidae,Piciformes,0,3,10.01712298,14.96601077,0,0,0,0
Dendropicos_fuscescens,Picidae,Piciformes,0,6,23.3786143,-8.679751228,0,0,0,0
Dendropicos_gabonensis,Picidae,Piciformes,1,1,10.76506611,1.932718351,0,1,0,1
Dendropicos_lugubris,Picidae,Piciformes,1,6,10.76506611,1.932718351,0,1,0,1
Dendropicos_poecilolaemus,Picidae,Piciformes,1,3,24.13247471,4.045648511,0,1,0,1
Dendropicos_spodocephalus,Picidae,Piciformes,1,1,NA,NA,0,1,0,1
Dendropicos_stierlingi,Picidae,Piciformes,0,1,35.68298451,-13.39077024,0,0,0,0
Dendrortyx_barbatus,Odontophoridae,Galliformes,1,6,-98.41573956,20.51370384,1,0,0,1
Dendrortyx_leucophrys,Odontophoridae,Galliformes,1,6,-88.44630878,14.59814806,1,0,0,1
Dendrortyx_macroura,Odontophoridae,Galliformes,0,1,-100.0831392,18.5466844,0,0,0,0
Deroptyus_accipitrinus,Psittacidae,Psittaciformes,1,3,-58.40585468,-2.214740449,1,1,0,1
Didunculus_strigirostris,Columbidae,Columbiformes,1,1,-172.2240104,-13.71564441,0,0,0,0
Dinopium_benghalense,Picidae,Piciformes,0,6,79.89474971,22.74106107,0,0,0,0
Dinopium_everetti,Picidae,Piciformes,0,6,NA,NA,0,0,0,0
Dinopium_javanense,Picidae,Piciformes,0,6,103.5635455,10.44614852,0,0,0,0
Dinopium_psarodes,Picidae,Piciformes,0,6,NA,NA,0,0,0,0
Dinopium_rafflesii,Picidae,Piciformes,0,6,108.6374196,1.370737684,0,0,0,0
Dinopium_shorii,Picidae,Piciformes,0,1,93.89665834,23.09282062,0,0,0,0
Diomedea_epomophora,Diomedeidae,Procellariiformes,0,5,170.7312809,-45.78763596,0,0,0,0
Diomedea_exulans,Diomedeidae,Procellariiformes,0,5,61.28100063,-49.3947534,0,0,0,0
Diopsittaca_nobilis,Psittacidae,Psittaciformes,1,6,-51.55679581,-10.99583871,1,1,0,1
Discosura_conversii,Trochilidae,Caprimulgiformes,1,1,-78.41367748,3.743383881,0,0,0,0
Discosura_langsdorffi,Trochilidae,Caprimulgiformes,1,1,-68.21414419,-5.940852336,0,0,0,0
Discosura_letitiae,Trochilidae,Caprimulgiformes,1,6,-65.14057871,-16.33050553,0,0,0,0
Discosura_longicaudus,Trochilidae,Caprimulgiformes,1,6,-56.77463717,-0.02187365,0,0,0,0
Discosura_popelairii,Trochilidae,Caprimulgiformes,1,1,-77.38132555,-3.968852438,0,0,0,0
Doricha_eliza,Trochilidae,Caprimulgiformes,1,6,-88.99192219,21.18538644,0,0,0,0
Doricha_enicura,Trochilidae,Caprimulgiformes,1,1,-90.72451085,15.2870971,0,0,0,0
Doryfera_johannae,Trochilidae,Caprimulgiformes,1,1,-69.25873534,1.479429456,0,0,0,0
Doryfera_ludovicae,Trochilidae,Caprimulgiformes,1,1,-74.63285733,-2.461982719,0,0,0,0
Drepanoptila_holosericea,Columbidae,Columbiformes,1,3,165.5020864,-21.34580626,0,0,0,0
Dromaius_novaehollandiae,Casuariidae,Casuariiformes,0,3,136.6017807,-28.42633463,0,0,0,0
Dromas_ardeola,Dromadidae,Charadriiformes,0,5,49.86942208,23.21870822,0,0,0,0
Dromococcyx_pavoninus,Cuculidae,Cuculiformes,0,1,-60.3689547,-11.45586559,0,0,0,0
Dromococcyx_phasianellus,Cuculidae,Cuculiformes,0,1,-58.3330199,-7.375741326,0,0,0,0
Dryobates_albolarvatus,Picidae,Piciformes,0,3,-119.7513126,42.61198112,0,0,0,0
Dryobates_arizonae,Picidae,Piciformes,0,1,-106.4769691,25.76973062,0,0,0,0
Dryobates_borealis,Picidae,Piciformes,0,1,-85.67591705,32.41769147,0,0,0,0
Dryobates_cathpharius,Picidae,Piciformes,0,1,99.54576409,26.05005782,0,0,0,0
Dryobates_fumigatus,Picidae,Piciformes,0,1,-81.98346881,7.229021049,0,0,0,0
Dryobates_minor,Picidae,Piciformes,0,6,69.46009463,56.24210746,0,0,0,0
Dryobates_nuttallii,Picidae,Piciformes,0,1,-120.6379757,37.42245087,0,0,0,0
Dryobates_pubescens,Picidae,Piciformes,0,6,-108.3325506,51.15204865,0,0,0,0
Dryobates_scalaris,Picidae,Piciformes,0,3,-103.7101864,27.72056076,0,0,0,0
Dryobates_stricklandi,Picidae,Piciformes,0,1,-98.77857379,19.22615732,0,0,0,0
Dryobates_villosus,Picidae,Piciformes,0,6,-108.9893081,51.17502803,0,0,0,0
Dryocopus_galeatus,Picidae,Piciformes,0,3,-53.14601275,-25.34542793,0,0,0,0
Dryocopus_hodgei,Picidae,Piciformes,0,1,92.77899153,12.29152751,0,0,0,0
Dryocopus_javensis,Picidae,Piciformes,0,6,104.6202046,10.32035985,0,0,0,0
Dryocopus_lineatus,Picidae,Piciformes,0,3,-60.83592701,-6.175218327,0,0,0,0
Dryocopus_martius,Picidae,Piciformes,0,1,85.14783174,58.05560298,0,0,0,0
Dryocopus_pileatus,Picidae,Piciformes,0,1,-95.60148326,46.77260263,0,0,0,0
Dryocopus_schulzii,Picidae,Piciformes,0,3,-62.15201595,-25.65825316,0,0,0,0
Dryolimnas_cuvieri,Rallidae,Gruiformes,0,6,46.67916919,-19.47788776,0,0,0,0
Dryotriorchis_spectabilis,Accipitridae,Accipitriformes,0,1,15.97606371,2.031931551,0,0,0,0
Ducula_aenea,Columbidae,Columbiformes,1,6,102.2213001,12.25903168,0,0,0,0
Ducula_aurorae,Columbidae,Columbiformes,1,1,-148.2605633,-15.8371563,0,0,0,0
Ducula_badia,Columbidae,Columbiformes,0,6,102.8587916,11.94245055,0,0,0,0
Ducula_bakeri,Columbidae,Columbiformes,1,1,167.5050133,-15.39181747,0,0,0,0
Ducula_basilica,Columbidae,Columbiformes,1,6,127.9717726,0.625288479,0,0,0,0
Ducula_bicolor,Columbidae,Columbiformes,0,6,113.7334098,2.254935376,0,0,0,0
Ducula_brenchleyi,Columbidae,Columbiformes,0,6,160.8509094,-9.650866509,0,0,0,0
Ducula_carola,Columbidae,Columbiformes,1,1,122.9236215,12.01208811,0,0,0,0
Ducula_chalconota,Columbidae,Columbiformes,1,1,141.8838101,-5.303716874,0,0,0,0
Ducula_cineracea,Columbidae,Columbiformes,0,1,125.3639814,-8.939817226,0,0,0,0
Ducula_concinna,Columbidae,Columbiformes,1,6,129.6346767,-5.181220327,0,0,0,0
Ducula_cuprea,Columbidae,Columbiformes,1,1,NA,NA,0,0,0,0
Ducula_finschii,Columbidae,Columbiformes,1,6,150.7694398,-5.062799531,0,0,0,0
Ducula_forsteni,Columbidae,Columbiformes,1,1,121.2199537,-1.596780767,0,0,0,0
Ducula_galeata,Columbidae,Columbiformes,1,1,-140.1283464,-8.878881771,0,0,0,0
Ducula_geelvinkiana,Columbidae,Columbiformes,1,1,NA,NA,0,0,0,0
Ducula_goliath,Columbidae,Columbiformes,0,1,165.48473,-21.33462891,0,0,0,0
Ducula_lacernulata,Columbidae,Columbiformes,0,1,113.7785584,-7.930813976,0,0,0,0
Ducula_latrans,Columbidae,Columbiformes,0,1,178.5029542,-17.44453338,0,0,0,0
Ducula_luctuosa,Columbidae,Columbiformes,0,6,121.3385944,-2.07286378,0,0,0,0
Ducula_melanochroa,Columbidae,Columbiformes,0,6,150.8355332,-5.207914876,0,0,0,0
Ducula_mindorensis,Columbidae,Columbiformes,1,1,121.0605999,13.06054532,0,0,0,0
Ducula_mullerii,Columbidae,Columbiformes,0,6,140.848858,-6.460556379,0,0,0,0
Ducula_myristicivora,Columbidae,Columbiformes,1,6,132.0506774,-0.915624247,0,0,0,0
Ducula_neglecta,Columbidae,Columbiformes,1,1,NA,NA,0,0,0,0
Ducula_nicobarica,Columbidae,Columbiformes,1,1,NA,NA,0,0,0,0
Ducula_oceanica,Columbidae,Columbiformes,1,6,151.2680299,6.503036859,0,0,0,0
Ducula_oenothorax,Columbidae,Columbiformes,1,6,102.2213001,12.25903168,0,0,0,0
Ducula_pacifica,Columbidae,Columbiformes,1,1,170.406103,-16.84467078,0,1,0,1
Ducula_perspicillata,Columbidae,Columbiformes,1,6,128.2480531,-1.385153257,0,0,0,0
Ducula_pickeringii,Columbidae,Columbiformes,1,1,121.7075568,7.07886423,0,0,0,0
Ducula_pinon,Columbidae,Columbiformes,0,6,140.7823618,-5.371486385,0,0,0,0
Ducula_pistrinaria,Columbidae,Columbiformes,1,6,153.8938509,-6.303297048,0,0,0,0
Ducula_poliocephala,Columbidae,Columbiformes,1,1,123.1037559,11.84875352,0,0,0,0
Ducula_radiata,Columbidae,Columbiformes,1,1,121.1631537,-1.905820436,0,0,0,0
Ducula_rosacea,Columbidae,Columbiformes,1,6,124.6271817,-8.411098277,0,0,0,0
Ducula_rubricera,Columbidae,Columbiformes,1,1,154.1769842,-6.427390973,0,0,0,0
Ducula_rufigaster,Columbidae,Columbiformes,1,1,140.7820331,-5.338788819,0,0,0,0
Ducula_spilorrhoa,Columbidae,Columbiformes,0,6,139.2073175,-11.52513732,0,0,0,0
Ducula_subflavescens,Columbidae,Columbiformes,0,6,150.6233845,-5.00674111,0,0,0,0
Ducula_whartoni,Columbidae,Columbiformes,1,1,105.642605,-10.48825251,0,0,0,0
Ducula_zoeae,Columbidae,Columbiformes,1,1,140.8287814,-5.391736776,0,0,0,0
Eclectus_roratus,Psittaculidae,Psittaciformes,1,1,140.9600582,-5.365807789,1,1,1,1
Ectopistes_migratorius,Columbidae,Columbiformes,1,6,NA,NA,1,0,0,1
Egretta_ardesiaca,Ardeidae,Pelecaniformes,0,4,27.44523972,-6.79791627,0,0,0,0
Egretta_caerulea,Ardeidae,Pelecaniformes,1,6,-72.37359199,6.086718575,1,0,0,1
Egretta_eulophotes,Ardeidae,Pelecaniformes,0,6,124.1519182,39.34911327,0,0,0,0
Egretta_garzetta,Ardeidae,Pelecaniformes,0,6,68.86974667,5.532450011,0,0,0,0
Egretta_gularis,Ardeidae,Pelecaniformes,0,6,22.6446938,12.85647537,0,0,0,0
Egretta_novaehollandiae,Ardeidae,Pelecaniformes,0,6,144.6525072,-30.11850758,0,0,0,0
Egretta_rufescens,Ardeidae,Pelecaniformes,0,6,-96.17901741,23.49289777,0,0,0,0
Egretta_sacra,Ardeidae,Pelecaniformes,0,6,127.5232129,-5.219852067,0,0,0,0
Egretta_thula,Ardeidae,Pelecaniformes,0,6,-69.56656058,1.745502729,0,0,0,0
Egretta_tricolor,Ardeidae,Pelecaniformes,0,6,-78.42445442,19.44138298,0,0,0,0
Egretta_vinaceigula,Ardeidae,Pelecaniformes,0,4,22.79553903,-18.85330054,0,0,0,0
Elanoides_forficatus,Accipitridae,Accipitriformes,0,6,-59.81898669,-6.327719852,0,0,0,0
Elanus_axillaris,Accipitridae,Accipitriformes,0,6,134.5237653,-26.13153361,0,0,0,0
Elanus_caeruleus,Accipitridae,Accipitriformes,0,3,41.26924985,3.25950859,0,0,0,0
Elanus_leucurus,Accipitridae,Accipitriformes,0,6,-66.58176886,-10.25929276,0,0,0,0
Elanus_scriptus,Accipitridae,Accipitriformes,0,6,139.4373834,-22.97941308,0,0,0,0
Electron_carinatum,Momotidae,Coraciiformes,1,1,-86.45647642,14.67574315,1,1,0,1
Electron_platyrhynchum,Momotidae,Coraciiformes,1,1,-67.69859005,-5.886942234,1,1,0,1
Eleothreptus_anomalus,Caprimulgidae,Caprimulgiformes,0,6,-57.63306002,-30.07053961,0,0,0,0
Eleothreptus_candicans,Caprimulgidae,Caprimulgiformes,0,3,-59.15564747,-17.34136307,0,0,0,0
Elseyornis_melanops,Charadriidae,Charadriiformes,0,4,136.1391341,-26.36565156,0,0,0,0
Enicognathus_ferrugineus,Psittacidae,Psittaciformes,1,1,-72.01429337,-44.62222896,0,1,0,1
Enicognathus_leptorhynchus,Psittacidae,Psittaciformes,1,1,-72.65470651,-39.06556217,0,1,0,1
Ensifera_ensifera,Trochilidae,Caprimulgiformes,1,1,-74.31080405,-4.920161878,0,0,0,0
Eos_bornea,Psittaculidae,Psittaciformes,0,6,128.7117484,-3.401691167,0,0,0,0
Eos_cyanogenia,Psittaculidae,Psittaciformes,1,6,135.7583918,-0.96512486,1,0,1,1
Eos_histrio,Psittaculidae,Psittaciformes,1,6,126.7785077,4.211579453,1,0,1,1
Eos_reticulata,Psittaculidae,Psittaciformes,1,6,131.2540269,-7.549329816,1,0,1,1
Eos_semilarvata,Psittaculidae,Psittaciformes,1,1,129.4142287,-3.144214684,1,0,1,1
Eos_squamata,Psittaculidae,Psittaciformes,1,6,128.5782802,0.245447875,1,0,1,1
Ephippiorhynchus_asiaticus,Ciconiidae,Ciconiiformes,1,6,110.2198646,0.563212978,0,0,0,0
Ephippiorhynchus_senegalensis,Ciconiidae,Ciconiiformes,0,6,24.28816026,-1.48268127,0,0,0,0
Eriocnemis_aline,Trochilidae,Caprimulgiformes,1,1,-76.9288762,-2.887564998,0,0,0,0
Eriocnemis_cupreoventris,Trochilidae,Caprimulgiformes,1,1,-72.85861275,6.31437677,0,0,0,0
Eriocnemis_derbyi,Trochilidae,Caprimulgiformes,1,1,-76.52652808,2.488711724,0,0,0,0
Eriocnemis_glaucopoides,Trochilidae,Caprimulgiformes,1,1,-64.79856275,-21.23328647,0,0,0,0
Eriocnemis_godini,Trochilidae,Caprimulgiformes,1,1,-78.39984324,0.13525663,0,0,0,0
Eriocnemis_isabellae,Trochilidae,Caprimulgiformes,1,1,-77.35514513,2.264618857,0,0,0,0
Eriocnemis_luciani,Trochilidae,Caprimulgiformes,1,1,-76.05292309,-6.760610556,0,0,0,0
Eriocnemis_mirabilis,Trochilidae,Caprimulgiformes,1,1,-77.20493047,2.327184314,0,0,0,0
Eriocnemis_mosquera,Trochilidae,Caprimulgiformes,1,1,-77.36958974,1.007884713,0,0,0,0
Eriocnemis_nigrivestis,Trochilidae,Caprimulgiformes,1,1,-78.57559424,0.102073243,0,0,0,0
Eriocnemis_vestita,Trochilidae,Caprimulgiformes,1,1,-76.41714658,1.256924618,0,0,0,0
Erythrogonys_cinctus,Charadriidae,Charadriiformes,0,4,135.2656487,-26.49192788,0,0,0,0
Erythrotriorchis_buergersi,Accipitridae,Accipitriformes,0,1,142.5541837,-5.550145671,0,0,0,0
Erythrotriorchis_radiatus,Accipitridae,Accipitriformes,0,6,139.031133,-17.92777712,0,0,0,0
Esacus_magnirostris,Burhinidae,Charadriiformes,0,6,NA,NA,0,0,0,0
Esacus_recurvirostris,Burhinidae,Charadriiformes,0,6,85.11950525,22.43824787,0,0,0,0
Eubucco_bourcierii,Capitonidae,Piciformes,1,1,-77.1607164,3.126140052,1,1,0,1
Eubucco_richardsoni,Capitonidae,Piciformes,1,1,-71.38620075,-5.644841357,0,1,0,1
Eubucco_tucinkae,Capitonidae,Piciformes,1,6,-70.67168994,-11.38644786,0,1,0,1
Eubucco_versicolor,Capitonidae,Piciformes,1,1,-72.16812255,-12.01512202,1,1,0,1
Eudocimus_albus,Threskiornithidae,Pelecaniformes,0,6,-81.53812816,18.03921529,0,0,0,0
Eudocimus_ruber,Threskiornithidae,Pelecaniformes,0,6,-60.23661128,2.960958363,0,0,0,0
Eudromia_elegans,Tinamidae,Tinamiformes,0,6,-66.07339667,-38.24595244,0,0,0,0
Eudromia_formosa,Tinamidae,Tinamiformes,0,3,-61.92602556,-24.69200306,0,0,0,0
Eudynamys_melanorhynchus,Cuculidae,Cuculiformes,1,6,121.3879683,-2.115825678,0,0,0,0
Eudynamys_orientalis,Cuculidae,Cuculiformes,1,6,141.5704816,-19.38520209,0,0,0,0
Eudynamys_scolopaceus,Cuculidae,Cuculiformes,0,6,98.18322732,20.08162649,0,0,0,0
Eudynamys_taitensis,Cuculidae,Cuculiformes,0,1,172.7899535,-41.26363325,0,0,0,0
Eudyptes_chrysocome,Spheniscidae,Sphenisciformes,1,5,-14.63927758,-51.70498181,1,0,0,1
Eudyptes_chrysolophus,Spheniscidae,Sphenisciformes,1,5,-43.54300549,-56.23739729,1,0,0,1
Eudyptes_moseleyi,Spheniscidae,Sphenisciformes,0,5,11.17540739,-38.19529313,0,0,0,0
Eudyptes_pachyrhynchus,Spheniscidae,Sphenisciformes,0,6,167.5014052,-45.62032844,0,0,0,0
Eudyptes_robustus,Spheniscidae,Sphenisciformes,0,5,166.5517437,-48.01181977,0,0,0,0
Eudyptes_schlegeli,Spheniscidae,Sphenisciformes,0,5,158.8822384,-54.63046963,0,0,0,0
Eudyptes_sclateri,Spheniscidae,Sphenisciformes,0,5,178.8120311,-49.60716419,0,0,0,0
Eudyptula_minor,Spheniscidae,Sphenisciformes,1,5,-176.5270286,-43.94220632,1,0,0,1
Eugenes_fulgens,Trochilidae,Caprimulgiformes,1,6,-101.9304297,22.86720646,0,0,0,0
Eugenes_spectabilis,Trochilidae,Caprimulgiformes,1,1,-101.9304297,22.86720646,0,0,0,0
Eulabeornis_castaneoventris,Rallidae,Gruiformes,0,6,128.6394292,-13.40684426,0,0,0,0
Eulampis_holosericeus,Trochilidae,Caprimulgiformes,1,6,-62.29764662,15.89096291,0,1,0,1
Eulampis_jugularis,Trochilidae,Caprimulgiformes,1,1,-61.43067259,15.22845299,0,0,0,0
Eulidia_yarrellii,Trochilidae,Caprimulgiformes,1,6,-69.99722984,-18.43404055,0,0,0,0
Eulipoa_wallacei,Megapodiidae,Galliformes,0,1,128.2495231,-1.560656127,0,0,0,0
Eumomota_superciliosa,Momotidae,Coraciiformes,1,6,-88.53829794,16.32637093,1,1,0,1
Eunymphicus_cornutus,Psittaculidae,Psittaciformes,1,6,165.6444685,-21.39374925,1,1,1,1
Eunymphicus_uvaeensis,Psittaculidae,Psittaciformes,1,6,166.5679054,-20.57067815,1,1,0,1
Eupetomena_macroura,Trochilidae,Caprimulgiformes,1,6,-48.42473144,-13.70773112,0,0,0,0
Eupherusa_cyanophrys,Trochilidae,Caprimulgiformes,1,1,-96.92906867,16.13795461,0,0,0,0
Eupherusa_eximia,Trochilidae,Caprimulgiformes,1,6,-89.07563957,14.8681005,0,0,0,0
Eupherusa_nigriventris,Trochilidae,Caprimulgiformes,1,1,-82.73864568,9.318334981,0,0,0,0
Eupherusa_poliocerca,Trochilidae,Caprimulgiformes,1,6,-99.79437996,17.38250854,0,0,0,0
Eupodotis_afra,Otididae,Otidiformes,0,6,20.86621657,-32.8811635,0,0,0,0
Eupodotis_afraoides,Otididae,Otidiformes,0,6,21.82362369,-25.30980658,0,0,0,0
Eupodotis_caerulescens,Otididae,Otidiformes,0,6,27.38387912,-29.09914862,0,0,0,0
Eupodotis_gindiana,Otididae,Otidiformes,0,3,40.97516047,3.062577134,0,0,0,0
Eupodotis_humilis,Otididae,Otidiformes,0,3,46.24723102,8.107855807,0,0,0,0
Eupodotis_rueppelii,Otididae,Otidiformes,0,2,14.89058147,-20.64890265,0,0,0,0
Eupodotis_ruficrista,Otididae,Otidiformes,0,3,23.29167093,-20.95575614,0,0,0,0
Eupodotis_savilei,Otididae,Otidiformes,0,3,10.07341843,13.44121789,0,0,0,0
Eupodotis_senegalensis,Otididae,Otidiformes,0,3,22.09982278,2.101635,0,0,0,0
Eupodotis_vigorsii,Otididae,Otidiformes,0,6,20.72449882,-29.83615473,0,0,0,0
Eupsittula_aurea,Psittacidae,Psittaciformes,1,6,-50.02178162,-12.8622112,1,1,0,1
Eupsittula_cactorum,Psittacidae,Psittaciformes,1,6,-42.06749529,-9.882891293,1,1,0,1
Eupsittula_canicularis,Psittacidae,Psittaciformes,1,6,-96.93282117,17.37521127,1,1,0,1
Eupsittula_nana,Psittacidae,Psittaciformes,1,6,-90.0340435,17.70835355,1,1,0,1
Eupsittula_pertinax,Psittacidae,Psittaciformes,1,6,-66.41506776,6.402088277,1,1,0,1
Euptilotis_neoxenus,Trogonidae,Trogoniformes,1,1,-105.7740644,25.26188842,0,0,0,0
Eurostopodus_archboldi,Caprimulgidae,Caprimulgiformes,0,1,141.6315157,-5.238927567,0,0,0,0
Eurostopodus_argus,Caprimulgidae,Caprimulgiformes,0,6,133.0224057,-25.61615035,0,0,0,0
Eurostopodus_diabolicus,Caprimulgidae,Caprimulgiformes,0,1,120.2869073,-1.297977259,0,0,0,0
Eurostopodus_exul,Caprimulgidae,Caprimulgiformes,0,6,NA,NA,0,0,0,0
Eurostopodus_macrotis,Caprimulgidae,Caprimulgiformes,0,1,103.1528498,16.35022745,0,0,0,0
Eurostopodus_mystacalis,Caprimulgidae,Caprimulgiformes,0,6,148.967618,-26.74096894,0,0,0,0
Eurostopodus_nigripennis,Caprimulgidae,Caprimulgiformes,0,6,NA,NA,0,0,0,0
Eurostopodus_papuensis,Caprimulgidae,Caprimulgiformes,0,1,140.1946462,-5.32394953,0,0,0,0
Eurostopodus_temminckii,Caprimulgidae,Caprimulgiformes,0,6,108.644989,0.746969316,0,0,0,0
Eurynorhynchus_pygmeus,Scolopacidae,Charadriiformes,0,6,178.4965771,64.21505778,0,0,0,0
Eurypyga_helias,Eurypygidae,Eurypygiformes,0,6,-62.83469432,-3.952836376,0,0,0,0
Eurystomus_azureus,Coraciidae,Coraciiformes,1,6,127.9421778,0.69848601,1,0,0,1
Eurystomus_glaucurus,Coraciidae,Coraciiformes,1,6,22.05639894,-0.9815723,1,1,0,1
Eurystomus_gularis,Coraciidae,Coraciiformes,1,6,13.67711915,1.890642426,1,0,0,1
Eurystomus_orientalis,Coraciidae,Coraciiformes,1,6,118.585111,15.47656134,1,1,0,1
Eutoxeres_aquila,Trochilidae,Caprimulgiformes,1,6,-77.91806253,1.701080875,0,0,0,0
Eutoxeres_condamini,Trochilidae,Caprimulgiformes,1,6,-75.16225431,-7.778023393,0,0,0,0
Eutriorchis_astur,Accipitridae,Accipitriformes,0,1,49.4577233,-16.04960527,0,0,0,0
Falco_alopex,Falconidae,Falconiformes,0,3,14.35294452,10.79033808,0,0,0,0
Falco_amurensis,Falconidae,Falconiformes,0,3,124.6653675,48.29007609,0,0,0,0
Falco_araeus,Falconidae,Falconiformes,0,6,55.49322596,-4.583740093,0,0,0,0
Falco_ardosiaceus,Falconidae,Falconiformes,0,6,14.80758533,5.62427403,0,0,0,0
Falco_berigora,Falconidae,Falconiformes,0,6,135.1087765,-24.84493338,0,0,0,0
Falco_biarmicus,Falconidae,Falconiformes,0,6,20.12450977,2.185874296,0,0,0,0
Falco_cenchroides,Falconidae,Falconiformes,0,6,134.5912997,-26.09449992,0,0,0,0
Falco_cherrug,Falconidae,Falconiformes,0,6,76.9973263,47.14594353,0,0,0,0
Falco_chicquera,Falconidae,Falconiformes,0,6,31.55436253,2.979806464,0,0,0,0
Falco_columbarius,Falconidae,Falconiformes,0,6,9.235106557,59.60373011,0,0,0,0
Falco_concolor,Falconidae,Falconiformes,0,6,33.51725537,25.38334728,0,0,0,0
Falco_cuvierii,Falconidae,Falconiformes,0,3,17.7987891,1.38732076,0,0,0,0
Falco_deiroleucus,Falconidae,Falconiformes,0,6,-60.72578028,-8.538546495,0,0,0,0
Falco_dickinsoni,Falconidae,Falconiformes,0,6,28.62112632,-14.276275,0,0,0,0
Falco_eleonorae,Falconidae,Falconiformes,0,6,9.972240779,36.43112651,0,0,0,0
Falco_fasciinucha,Falconidae,Falconiformes,0,6,33.9411429,-14.15566294,0,0,0,0
Falco_femoralis,Falconidae,Falconiformes,0,3,-59.34906155,-19.94238978,0,0,0,0
Falco_hypoleucos,Falconidae,Falconiformes,0,6,135.3719635,-24.49203136,0,0,0,0
Falco_jugger,Falconidae,Falconiformes,0,6,76.54455949,25.22819356,0,0,0,0
Falco_longipennis,Falconidae,Falconiformes,0,6,134.4513608,-26.02390393,0,0,0,0
Falco_mexicanus,Falconidae,Falconiformes,0,3,-111.477156,40.89019381,0,0,0,0
Falco_moluccensis,Falconidae,Falconiformes,0,6,119.057715,-4.890380028,0,0,0,0
Falco_naumanni,Falconidae,Falconiformes,0,6,66.01162703,45.76085919,0,0,0,0
Falco_newtoni,Falconidae,Falconiformes,0,6,46.67916919,-19.47788793,0,0,0,0
Falco_novaeseelandiae,Falconidae,Falconiformes,0,6,171.9446404,-42.3819531,0,0,0,0
Falco_peregrinus,Falconidae,Falconiformes,0,6,44.56938811,39.0100913,0,0,0,0
Falco_punctatus,Falconidae,Falconiformes,0,6,57.47425003,-20.37316131,0,0,0,0
Falco_rufigularis,Falconidae,Falconiformes,0,6,-60.85234062,-5.790376941,0,0,0,0
Falco_rupicoloides,Falconidae,Falconiformes,0,2,25.91300163,-17.36188939,0,0,0,0
Falco_rupicolus,Falconidae,Falconiformes,0,6,58.5602153,33.88629284,0,0,0,0
Falco_rusticolus,Falconidae,Falconiformes,0,6,5.085370949,68.59788036,0,0,0,0
Falco_severus,Falconidae,Falconiformes,0,6,114.0032649,11.98115089,0,0,0,0
Falco_sparverius,Falconidae,Falconiformes,0,6,-87.75977159,19.33831998,0,0,0,0
Falco_subbuteo,Falconidae,Falconiformes,0,6,79.60097087,51.99897696,0,0,0,0
Falco_subniger,Falconidae,Falconiformes,0,6,138.1206378,-25.45769152,0,0,0,0
Falco_tinnunculus,Falconidae,Falconiformes,0,6,58.5602153,33.88629284,0,0,0,0
Falco_vespertinus,Falconidae,Falconiformes,0,6,66.14752869,56.71271072,0,0,0,0
Falco_zoniventris,Falconidae,Falconiformes,0,6,46.38584977,-19.13541137,0,0,0,0
Florisuga_fusca,Trochilidae,Caprimulgiformes,1,6,-47.71489338,-24.58950852,0,0,0,0
Florisuga_mellivora,Trochilidae,Caprimulgiformes,1,6,-64.63861348,-2.064995273,0,0,0,0
Forpus_coelestis,Psittacidae,Psittaciformes,1,1,-79.90004184,-3.78481337,1,1,0,1
Forpus_conspicillatus,Psittacidae,Psittaciformes,1,1,-73.77388458,6.294577566,1,1,0,1
Forpus_crassirostris,Psittacidae,Psittaciformes,1,1,-55.18762271,-12.2230217,1,1,0,1
Forpus_cyanopygius,Psittacidae,Psittaciformes,1,6,-106.4564759,23.73460249,1,1,0,1
Forpus_modestus,Psittacidae,Psittaciformes,1,1,-66.40814922,-4.655701673,1,1,0,1
Forpus_passerinus,Psittacidae,Psittaciformes,1,6,-61.51272027,5.798385478,1,1,0,1
Forpus_spengeli,Psittacidae,Psittaciformes,1,1,-55.18762271,-12.2230217,1,1,0,1
Forpus_xanthops,Psittacidae,Psittaciformes,1,3,-77.84740269,-7.371182961,1,1,0,1
Forpus_xanthopterygius,Psittacidae,Psittaciformes,1,6,-55.18762271,-12.2230217,1,1,0,1
Francolinus_adspersus,Phasianidae,Galliformes,0,3,20.05870355,-20.32434138,0,0,0,0
Francolinus_afer,Phasianidae,Galliformes,0,6,27.70351444,-12.2427485,0,0,0,0
Francolinus_africanus,Phasianidae,Galliformes,0,2,24.53761292,-31.43876305,0,0,0,0
Francolinus_ahantensis,Phasianidae,Galliformes,0,6,-4.827063668,7.324526348,0,0,0,0
Francolinus_bicalcaratus,Phasianidae,Galliformes,0,6,-0.948341449,11.32238682,0,0,0,0
Francolinus_camerunensis,Phasianidae,Galliformes,0,3,9.190398023,4.165784775,0,0,0,0
Francolinus_capensis,Phasianidae,Galliformes,0,2,19.55027167,-31.48923843,0,0,0,0
Francolinus_castaneicollis,Phasianidae,Galliformes,0,3,38.85719041,7.575528572,0,0,0,0
Francolinus_clappertoni,Phasianidae,Galliformes,0,6,26.06495323,11.8044747,0,0,0,0
Francolinus_coqui,Phasianidae,Galliformes,0,6,26.71815808,-12.56082852,0,0,0,0
Francolinus_elgonensis,Phasianidae,Galliformes,0,2,NA,NA,0,0,0,0
Francolinus_erckelii,Phasianidae,Galliformes,0,3,38.32108357,11.7843398,0,0,0,0
Francolinus_finschi,Phasianidae,Galliformes,0,3,16.55405295,-7.790884137,0,0,0,0
Francolinus_francolinus,Phasianidae,Galliformes,0,6,69.49656061,29.17493942,0,0,0,0
Francolinus_griseostriatus,Phasianidae,Galliformes,0,6,14.22517986,-11.0805028,0,0,0,0
Francolinus_gularis,Phasianidae,Galliformes,0,6,88.48552136,26.94062554,0,0,0,0
Francolinus_hartlaubi,Phasianidae,Galliformes,0,3,15.20091114,-18.85918017,0,0,0,0
Francolinus_harwoodi,Phasianidae,Galliformes,0,6,38.564334,10.66852376,0,0,0,0
Francolinus_hildebrandti,Phasianidae,Galliformes,0,3,33.77122333,-6.228370396,0,0,0,0
Francolinus_icterorhynchus,Phasianidae,Galliformes,0,6,24.38601883,5.263248011,0,0,0,0
Francolinus_jacksoni,Phasianidae,Galliformes,0,1,35.99908807,-0.039915655,0,0,0,0
Francolinus_lathami,Phasianidae,Galliformes,0,1,14.07399006,2.162987049,0,0,0,0
Francolinus_leucoscepus,Phasianidae,Galliformes,0,6,39.93730624,4.471218292,0,0,0,0
Francolinus_levaillantii,Phasianidae,Galliformes,0,3,28.24600445,-17.13413497,0,0,0,0
Francolinus_levaillantoides,Phasianidae,Galliformes,0,3,22.02779142,-22.82651489,0,0,0,0
Francolinus_nahani,Phasianidae,Galliformes,0,6,31.19755369,1.24371389,0,0,0,0
Francolinus_natalensis,Phasianidae,Galliformes,0,6,29.57042016,-21.98788225,0,0,0,0
Francolinus_nobilis,Phasianidae,Galliformes,0,6,29.18193095,-2.22056548,0,0,0,0
Francolinus_ochropectus,Phasianidae,Galliformes,0,3,42.70470181,11.81796712,0,0,0,0
Francolinus_pictus,Phasianidae,Galliformes,0,6,77.75882471,19.73609448,0,0,0,0
Francolinus_pintadeanus,Phasianidae,Galliformes,0,6,106.2276991,21.08605978,0,0,0,0
Francolinus_pondicerianus,Phasianidae,Galliformes,0,6,74.54542613,23.74208981,0,0,0,0
Francolinus_psilolaemus,Phasianidae,Galliformes,0,2,38.14759562,4.990419685,0,0,0,0
Francolinus_rufopictus,Phasianidae,Galliformes,0,6,34.23774282,-3.074257626,0,0,0,0
Francolinus_schlegelii,Phasianidae,Galliformes,0,2,20.14954911,8.084343409,0,0,0,0
Francolinus_sephaena,Phasianidae,Galliformes,0,6,33.44173942,-11.21428396,0,0,0,0
Francolinus_shelleyi,Phasianidae,Galliformes,0,3,30.71806916,-16.30666211,0,0,0,0
Francolinus_squamatus,Phasianidae,Galliformes,0,6,24.42151012,2.115288014,0,0,0,0
Francolinus_streptophorus,Phasianidae,Galliformes,0,2,31.47172672,0.172720278,0,0,0,0
Francolinus_swainsonii,Phasianidae,Galliformes,0,6,26.29523397,-20.89178149,0,0,0,0
Francolinus_swierstrai,Phasianidae,Galliformes,0,3,14.75040397,-13.0860845,0,0,0,0
Fratercula_arctica,Alcidae,Charadriiformes,0,5,-14.85905783,67.9901108,0,0,0,0
Fratercula_cirrhata,Alcidae,Charadriiformes,0,5,41.1863096,54.36155809,0,0,0,0
Fratercula_corniculata,Alcidae,Charadriiformes,0,5,-87.69059493,56.34163397,0,0,0,0
Fregata_andrewsi,Fregatidae,Suliformes,1,5,105.6856645,-10.43364854,0,0,0,0
Fregata_aquila,Fregatidae,Suliformes,1,5,-14.30680767,-7.934685968,0,0,0,0
Fregata_ariel,Fregatidae,Suliformes,1,6,163.2298716,-2.109908183,0,0,0,0
Fregata_magnificens,Fregatidae,Suliformes,1,5,-60.11608864,-14.07724282,0,0,0,0
Fregata_minor,Fregatidae,Suliformes,1,5,-143.6909317,-1.393477393,0,0,0,0
Fregetta_grallaria,Fregatidae,Suliformes,0,5,-82.67113464,-35.52785056,0,0,0,0
Fregetta_lineata,Fregatidae,Suliformes,1,5,NA,NA,0,0,0,0
Fregetta_tropica,Fregatidae,Suliformes,0,5,-24.7509539,-53.11915888,0,0,0,0
Fulica_alai,Rallidae,Gruiformes,0,4,-157.1976176,20.87716631,0,0,0,0
Fulica_americana,Rallidae,Gruiformes,0,6,-106.050737,43.23352369,0,0,0,0
Fulica_ardesiaca,Rallidae,Gruiformes,0,4,-69.73139888,-17.07837358,0,0,0,0
Fulica_armillata,Rallidae,Gruiformes,0,6,-65.54357303,-39.70873392,0,0,0,0
Fulica_atra,Rallidae,Gruiformes,0,6,70.72978772,47.01020138,0,0,0,0
Fulica_cornuta,Rallidae,Gruiformes,0,6,-67.60264088,-25.39784097,0,0,0,0
Fulica_cristata,Rallidae,Gruiformes,0,4,26.47335025,-17.46309746,0,0,0,0
Fulica_gigantea,Rallidae,Gruiformes,0,4,-69.26006958,-17.24533516,0,0,0,0
Fulica_leucoptera,Rallidae,Gruiformes,0,4,-63.7813379,-35.68194295,0,0,0,0
Fulica_rufifrons,Rallidae,Gruiformes,0,6,NA,NA,0,0,0,0
Fulmarus_glacialis,Procellariidae,Procellariiformes,0,5,-15.16124737,69.80021567,0,0,0,0
Fulmarus_glacialoides,Procellariidae,Procellariiformes,0,5,111.2709751,-12.60668567,0,0,0,0
Galbalcyrhynchus_leucotis,Galbulidae,Galbuliformes,0,6,-74.65604136,-2.274418136,0,0,0,0
Galbalcyrhynchus_purusianus,Galbulidae,Galbuliformes,0,6,-69.55681424,-8.882530249,0,0,0,0
Galbula_albirostris,Galbulidae,Galbuliformes,1,1,-64.44805623,0.246566178,0,0,0,0
Galbula_chalcothorax,Galbulidae,Galbuliformes,1,6,-74.21509546,-4.646003714,0,0,0,0
Galbula_cyanescens,Galbulidae,Galbuliformes,1,6,-70.43959296,-8.048540551,0,0,0,0
Galbula_cyanicollis,Galbulidae,Galbuliformes,1,1,-59.28377617,-6.711151489,0,0,0,0
Galbula_dea,Galbulidae,Galbuliformes,1,1,-61.90282593,-3.86466185,0,0,0,0
Galbula_galbula,Galbulidae,Galbuliformes,1,6,-59.61315662,2.45809214,0,0,0,0
Galbula_leucogastra,Galbulidae,Galbuliformes,1,6,-59.18576886,-3.722658957,0,0,0,0
Galbula_pastazae,Galbulidae,Galbuliformes,1,1,-77.95947849,-1.71478645,0,0,0,0
Galbula_ruficauda,Galbulidae,Galbuliformes,1,6,-54.98584676,-8.423797794,0,0,0,0
Galbula_tombacea,Galbulidae,Galbuliformes,1,6,-68.85164125,-1.412237624,0,0,0,0
Gallicolumba_beccarii,Columbidae,Columbiformes,1,1,145.2209773,-5.560043148,0,0,0,0
Gallicolumba_canifrons,Columbidae,Columbiformes,1,1,134.5359631,7.447240037,0,0,0,0
Gallicolumba_crinigera,Columbidae,Columbiformes,1,1,124.8077651,8.399272854,0,0,0,0
Gallicolumba_erythroptera,Columbidae,Columbiformes,1,1,-136.3940724,-21.45833641,0,0,0,0
Gallicolumba_hoedtii,Columbidae,Columbiformes,1,6,125.2093205,-9.124646505,0,0,0,0
Gallicolumba_jobiensis,Columbidae,Columbiformes,1,1,142.8700478,-5.515263297,0,0,0,0
Gallicolumba_keayi,Columbidae,Columbiformes,1,1,122.7392285,10.58270858,0,0,0,0
Gallicolumba_kubaryi,Columbidae,Columbiformes,1,6,156.9478408,6.977178116,0,0,0,0
Gallicolumba_luzonica,Columbidae,Columbiformes,1,1,121.4681097,15.90511954,0,0,0,0
Gallicolumba_menagei,Columbidae,Columbiformes,1,1,120.0476641,5.197718538,0,0,0,0
Gallicolumba_platenae,Columbidae,Columbiformes,1,1,121.1318422,13.20852884,0,0,0,0
Gallicolumba_rubescens,Columbidae,Columbiformes,1,3,-140.3345777,-8.141178757,0,0,0,0
Gallicolumba_rufigula,Columbidae,Columbiformes,1,1,140.7406178,-5.357069816,0,0,0,0
Gallicolumba_sanctaecrucis,Columbidae,Columbiformes,1,1,166.7970171,-15.20410279,0,0,0,0
Gallicolumba_stairi,Columbidae,Columbiformes,1,1,178.5533599,-17.45826528,0,0,0,0
Gallicolumba_tristigmata,Columbidae,Columbiformes,1,1,121.1168618,-2.007391217,0,0,0,0
Gallicolumba_xanthonurus,Columbidae,Columbiformes,1,6,144.5594254,14.09435353,0,0,0,0
Gallicrex_cinerea,Rallidae,Gruiformes,0,4,100.4503515,24.82273261,0,0,0,0
Gallinago_andina,Scolopacidae,Charadriiformes,0,6,-69.71952811,-17.70791001,0,0,0,0
Gallinago_delicata,Scolopacidae,Charadriiformes,0,4,10.7019039,59.50336858,0,0,0,0
Gallinago_gallinago,Scolopacidae,Charadriiformes,0,6,10.7019039,59.50336858,0,0,0,0
Gallinago_hardwickii,Scolopacidae,Charadriiformes,0,6,140.2412458,40.23654271,0,0,0,0
Gallinago_imperialis,Scolopacidae,Charadriiformes,0,1,-76.79032186,-6.823287483,0,0,0,0
Gallinago_jamesoni,Scolopacidae,Charadriiformes,0,6,-74.05489952,-5.366392484,0,0,0,0
Gallinago_macrodactyla,Scolopacidae,Charadriiformes,0,4,48.03028469,-19.4684441,0,0,0,0
Gallinago_magellanica,Scolopacidae,Charadriiformes,0,6,54.96848629,59.97128205,0,0,0,0
Gallinago_media,Scolopacidae,Charadriiformes,0,6,54.96848629,59.97128205,0,0,0,0
Gallinago_megala,Scolopacidae,Charadriiformes,0,6,99.27579938,54.0593396,0,0,0,0
Gallinago_nemoricola,Scolopacidae,Charadriiformes,0,6,94.5151398,29.02612663,0,0,0,0
Gallinago_nigripennis,Scolopacidae,Charadriiformes,0,6,29.63712878,-19.80597144,0,0,0,0
Gallinago_nobilis,Scolopacidae,Charadriiformes,0,6,-76.42709835,2.254771553,0,0,0,0
Gallinago_paraguaiae,Scolopacidae,Charadriiformes,0,2,-59.47766232,-18.21126553,0,0,0,0
Gallinago_solitaria,Scolopacidae,Charadriiformes,0,6,110.3122735,45.0695344,0,0,0,0
Gallinago_stenura,Scolopacidae,Charadriiformes,0,6,115.8902188,63.81542839,0,0,0,0
Gallinago_stricklandii,Scolopacidae,Charadriiformes,0,1,-72.0803102,-48.57575891,0,0,0,0
Gallinago_undulata,Scolopacidae,Charadriiformes,0,6,-56.25269781,-10.95121091,0,0,0,0
Gallinula_angulata,Rallidae,Gruiformes,0,6,22.89298476,-4.491639168,0,0,0,0
Gallinula_chloropus,Rallidae,Gruiformes,0,4,22.33688851,19.51827232,0,0,0,0
Gallinula_comeri,Rallidae,Gruiformes,0,6,NA,NA,0,0,0,0
Gallinula_galeata,Rallidae,Gruiformes,0,6,NA,NA,0,0,0,0
Gallinula_melanops,Rallidae,Gruiformes,0,6,-57.30672497,-25.57600358,0,0,0,0
Gallinula_mortierii,Rallidae,Gruiformes,0,6,147.0975395,-41.83022086,0,0,0,0
Gallinula_nesiotis,Rallidae,Gruiformes,0,6,-11.3657669,-38.36219427,0,0,0,0
Gallinula_pacifica,Rallidae,Gruiformes,0,NA,NA,NA,0,0,0,0
Gallinula_silvestris,Rallidae,Gruiformes,0,6,161.9826746,-10.62561652,0,0,0,0
Gallinula_tenebrosa,Rallidae,Gruiformes,0,6,141.2974484,-25.00676452,0,0,0,0
Gallinula_ventralis,Rallidae,Gruiformes,0,6,134.4545767,-27.61760959,0,0,0,0
Gallirallus_australis,Rallidae,Gruiformes,0,6,170.6982449,-43.3102784,0,0,0,0
Gallirallus_calayanensis,Rallidae,Gruiformes,1,1,121.4684411,19.32068537,0,0,0,0
Gallirallus_dieffenbachii,Rallidae,Gruiformes,0,NA,NA,NA,0,0,0,0
Gallirallus_insignis,Rallidae,Gruiformes,0,6,150.6068421,-5.477622702,0,0,0,0
Gallirallus_lafresnayanus,Rallidae,Gruiformes,0,6,NA,NA,0,0,0,0
Gallirallus_modestus,Rallidae,Gruiformes,0,NA,NA,NA,0,0,0,0
Gallirallus_okinawae,Rallidae,Gruiformes,0,1,128.1280949,26.67351007,0,0,0,0
Gallirallus_owstoni,Rallidae,Gruiformes,0,6,NA,NA,0,0,0,0
Gallirallus_pacificus,Rallidae,Gruiformes,0,NA,NA,NA,0,0,0,0
Gallirallus_philippensis,Rallidae,Gruiformes,0,6,140.2335587,-15.19630355,0,0,0,0
Gallirallus_poecilopterus,Rallidae,Gruiformes,0,NA,157.4095148,-8.236195555,0,0,0,0
Gallirallus_rovianae,Rallidae,Gruiformes,0,6,157.4095148,-8.236195555,0,0,0,0
Gallirallus_sylvestris,Rallidae,Gruiformes,0,6,159.0816929,-31.57510162,0,0,0,0
Gallirallus_torquatus,Rallidae,Gruiformes,0,6,122.593588,6.238273774,0,0,0,0
Gallirallus_wakensis,Rallidae,Gruiformes,0,NA,NA,NA,0,0,0,0
Gallirallus_woodfordi,Rallidae,Gruiformes,0,6,NA,NA,0,0,0,0
Galloperdix_bicalcarata,Phasianidae,Galliformes,0,1,80.66751821,7.283122943,0,0,0,0
Galloperdix_lunulata,Phasianidae,Galliformes,0,1,79.00304594,19.82166415,0,0,0,0
Galloperdix_spadicea,Phasianidae,Galliformes,0,1,78.60478853,19.74975791,0,0,0,0
Gallus_gallus,Phasianidae,Galliformes,1,3,100.087961,16.49511753,0,0,0,0
Gallus_lafayettii,Phasianidae,Galliformes,1,6,80.75220087,7.55411251,0,0,0,0
Gallus_sonneratii,Phasianidae,Galliformes,1,6,76.77282836,18.11244853,0,0,0,0
Gallus_varius,Phasianidae,Galliformes,1,6,113.0003929,-7.737579284,0,0,0,0
Gampsonyx_swainsonii,Accipitridae,Accipitriformes,0,3,-56.0620855,-9.138380425,0,0,0,0
Garrodia_nereis,Oceanitidae,Procellariiformes,0,5,53.32554195,-51.10361065,0,0,0,0
Gavia_adamsii,Gaviidae,Gaviiformes,0,6,164.2275237,69.92091233,0,0,0,0
Gavia_arctica,Gaviidae,Gaviiformes,0,6,95.88664951,63.92277476,0,0,0,0
Gavia_immer,Gaviidae,Gaviiformes,0,6,-107.0694037,58.77329769,0,0,0,0
Gavia_pacifica,Gaviidae,Gaviiformes,0,6,-95.11692605,65.79489704,0,0,0,0
Gavia_stellata,Gaviidae,Gaviiformes,0,6,46.88172888,64.84270569,0,0,0,0
Gecinulus_grantia,Picidae,Piciformes,0,1,102.0556458,20.67526304,0,0,0,0
Gecinulus_viridis,Picidae,Piciformes,0,1,99.00121772,15.15444136,0,0,0,0
Geococcyx_californianus,Cuculidae,Cuculiformes,0,3,-104.4249241,31.08497776,0,0,0,0
Geococcyx_velox,Cuculidae,Cuculiformes,0,3,-97.07759498,18.43786068,0,0,0,0
Geocolaptes_olivaceus,Picidae,Piciformes,0,6,25.39590343,-30.13868581,0,0,0,0
Geoffroyus_geoffroyi,Psittaculidae,Psittaciformes,1,6,138.4039181,-5.510597462,1,1,1,1
Geoffroyus_heteroclitus,Psittaculidae,Psittaciformes,1,6,154.2454391,-6.489969941,1,1,0,1
Geoffroyus_simplex,Psittaculidae,Psittaciformes,1,1,142.7864336,-5.784593373,1,1,0,1
Geopelia_cuneata,Columbidae,Columbiformes,1,6,135.2341761,-23.92364858,1,0,0,1
Geopelia_humeralis,Columbidae,Columbiformes,0,6,140.6626364,-21.49593538,0,0,0,0
Geopelia_maugeus,Columbidae,Columbiformes,0,6,122.5985097,-8.856350505,0,0,0,0
Geopelia_placida,Columbidae,Columbiformes,0,6,137.9844478,-24.88740015,0,0,0,0
Geopelia_striata,Columbidae,Columbiformes,0,6,108.4573798,4.657693082,0,0,0,0
Geophaps_plumifera,Columbidae,Columbiformes,0,6,130.7244395,-21.88511358,0,0,0,0
Geophaps_scripta,Columbidae,Columbiformes,0,3,146.9243736,-22.44245849,0,0,0,0
Geophaps_smithii,Columbidae,Columbiformes,1,3,130.5487784,-13.54082081,0,0,0,0
Geotrygon_albifacies,Columbidae,Columbiformes,1,6,-91.79280793,16.08115154,0,0,0,0
Geotrygon_caniceps,Columbidae,Columbiformes,1,6,-76.34553538,20.60475272,0,0,0,0
Geotrygon_carrikeri,Columbidae,Columbiformes,1,1,-94.93954072,18.38135972,0,0,0,0
Geotrygon_chiriquensis,Columbidae,Columbiformes,1,1,-83.1283711,9.386406782,0,0,0,0
Geotrygon_chrysia,Columbidae,Columbiformes,1,1,-75.55887779,20.67747872,0,0,0,0
Geotrygon_costaricensis,Columbidae,Columbiformes,0,1,-83.17716446,9.383133644,0,0,0,0
Geotrygon_frenata,Columbidae,Columbiformes,0,1,-74.10023084,-8.284736484,0,0,0,0
Geotrygon_goldmani,Columbidae,Columbiformes,0,1,-77.64201778,7.82682315,0,0,0,0
Geotrygon_lawrencii,Columbidae,Columbiformes,0,1,-82.34377732,9.366801662,0,0,0,0
Geotrygon_leucometopia,Columbidae,Columbiformes,1,6,-76.34553538,20.60475272,0,0,0,0
Geotrygon_linearis,Columbidae,Columbiformes,1,1,-71.16035524,7.853957055,0,0,0,0
Geotrygon_montana,Columbidae,Columbiformes,1,6,-59.71369252,-8.097547395,0,0,0,0
Geotrygon_mystacea,Columbidae,Columbiformes,1,1,-64.67434242,17.30433201,0,0,0,0
Geotrygon_purpurata,Columbidae,Columbiformes,1,1,-75.49797027,-1.950512277,0,0,0,0
Geotrygon_saphirina,Columbidae,Columbiformes,1,6,-75.49797027,-1.950512277,0,0,0,0
Geotrygon_veraguensis,Columbidae,Columbiformes,1,6,-78.01633751,6.508816219,0,0,0,0
Geotrygon_versicolor,Columbidae,Columbiformes,1,1,-77.31089921,18.15643155,0,0,0,0
Geotrygon_violacea,Columbidae,Columbiformes,1,6,-55.96897517,-14.76671114,0,0,0,0
Geranoaetus_melanoleucus,Accipitridae,Accipitriformes,0,3,-61.5471532,-29.47528241,0,0,0,0
Geranospiza_caerulescens,Accipitridae,Accipitriformes,0,6,-60.64379229,-7.252455449,0,0,0,0
Geronticus_calvus,Threskiornithidae,Pelecaniformes,1,6,29.59454569,-27.72420013,0,0,0,0
Geronticus_eremita,Threskiornithidae,Pelecaniformes,1,6,-9.331245535,30.59514917,0,0,0,0
Glareola_cinerea,Glareolidae,Charadriiformes,0,6,13.20446077,3.877858112,0,0,0,0
Glareola_lactea,Glareolidae,Charadriiformes,0,6,85.20458311,22.27277819,0,0,0,0
Glareola_maldivarum,Glareolidae,Charadriiformes,0,6,112.8732185,36.3766838,0,0,0,0
Glareola_nordmanni,Glareolidae,Charadriiformes,0,6,61.34643907,50.71266264,0,0,0,0
Glareola_nuchalis,Glareolidae,Charadriiformes,0,6,19.12953314,-2.58673095,0,0,0,0
Glareola_ocularis,Glareolidae,Charadriiformes,0,6,46.68134212,-19.47458459,0,0,0,0
Glareola_pratincola,Glareolidae,Charadriiformes,0,6,46.60991734,29.74092587,0,0,0,0
Glaucidium_albertinum,Strigidae,Strigiformes,0,1,28.8150258,-2.235305808,0,0,0,0
Glaucidium_bolivianum,Strigidae,Strigiformes,0,1,-66.36474167,-19.11503538,0,0,0,0
Glaucidium_brasilianum,Strigidae,Strigiformes,0,6,-61.20198979,-8.560573766,0,0,0,0
Glaucidium_capense,Strigidae,Strigiformes,0,1,29.72015362,-14.66560816,0,0,0,0
Glaucidium_castanonotum,Strigidae,Strigiformes,0,6,80.79462081,7.624824617,0,0,0,0
Glaucidium_castanopterum,Strigidae,Strigiformes,0,3,112.3855123,-7.850625273,0,0,0,0
Glaucidium_costaricanum,Strigidae,Strigiformes,0,1,-83.50489026,9.586556751,0,0,0,0
Glaucidium_cuculoides,Strigidae,Strigiformes,0,6,104.3877984,24.25871102,0,0,0,0
Glaucidium_gnoma,Strigidae,Strigiformes,0,1,-120.4753841,49.46698579,0,0,0,0
Glaucidium_griseiceps,Strigidae,Strigiformes,0,6,-87.55885398,14.47656672,0,0,0,0
Glaucidium_hardyi,Strigidae,Strigiformes,0,1,-61.64075457,-4.473688063,0,0,0,0
Glaucidium_jardinii,Strigidae,Strigiformes,0,6,-75.880964,0.573049721,0,0,0,0
Glaucidium_minutissimum,Strigidae,Strigiformes,0,1,-46.25339422,-21.76569548,0,0,0,0
Glaucidium_mooreorum,Strigidae,Strigiformes,0,1,-35.16941765,-8.728396516,0,0,0,0
Glaucidium_nana,Strigidae,Strigiformes,0,6,-71.87472871,-45.67263648,0,0,0,0
Glaucidium_nubicola,Strigidae,Strigiformes,0,1,-77.42709437,2.39992272,0,0,0,0
Glaucidium_palmarum,Strigidae,Strigiformes,0,6,-104.0101404,21.73788888,0,0,0,0
Glaucidium_parkeri,Strigidae,Strigiformes,0,1,-76.66424198,-7.341473392,0,0,0,0
Glaucidium_passerinum,Strigidae,Strigiformes,0,1,77.49868195,57.60802271,0,0,0,0
Glaucidium_perlatum,Strigidae,Strigiformes,0,3,22.13375809,-2.543821374,0,0,0,0
Glaucidium_peruanum,Strigidae,Strigiformes,0,6,-76.80645865,-9.789186153,0,0,0,0
Glaucidium_radiatum,Strigidae,Strigiformes,0,6,80.33034791,20.69098815,0,0,0,0
Glaucidium_sanchezi,Strigidae,Strigiformes,0,1,-98.90354101,22.8800018,0,0,0,0
Glaucidium_siju,Strigidae,Strigiformes,0,6,-79.02032187,21.62338614,0,0,0,0
Glaucidium_sjostedti,Strigidae,Strigiformes,0,1,16.50071048,0.613792982,0,0,0,0
Glaucidium_tephronotum,Strigidae,Strigiformes,0,6,16.01414079,2.163955849,0,0,0,0
Glaucis_aeneus,Trochilidae,Caprimulgiformes,1,6,-80.95866569,6.764893823,0,0,0,0
Glaucis_dohrnii,Trochilidae,Caprimulgiformes,1,6,-39.56352451,-17.84388728,0,0,0,0
Glaucis_hirsutus,Trochilidae,Caprimulgiformes,1,6,-62.78165524,-4.179369378,0,0,0,0
Glossopsitta_concinna,Psittaculidae,Psittaciformes,1,6,146.1648771,-34.97049753,1,1,0,1
Glossopsitta_porphyrocephala,Psittaculidae,Psittaciformes,1,6,130.5319025,-33.47544372,1,1,1,1
Glossopsitta_pusilla,Psittaculidae,Psittaciformes,1,1,148.4293772,-31.64134851,0,1,0,1
Glossoptilus_goldiei,Psittaculidae,Psittaciformes,1,1,NA,NA,0,1,0,1
Goethalsia_bella,Trochilidae,Caprimulgiformes,1,1,-77.835422,7.756699323,0,0,0,0
Goldmania_violiceps,Trochilidae,Caprimulgiformes,1,1,-77.93968507,8.595453802,0,0,0,0
Gorsachius_goisagi,Ardeidae,Pelecaniformes,0,4,140.1150433,37.78192112,0,0,0,0
Gorsachius_leuconotus,Ardeidae,Pelecaniformes,0,6,16.96205167,-2.446903315,0,0,0,0
Gorsachius_magnificus,Ardeidae,Pelecaniformes,0,6,111.277653,26.93296688,0,0,0,0
Gorsachius_melanolophus,Ardeidae,Pelecaniformes,0,6,106.5920851,16.80950111,0,0,0,0
Goura_cristata,Columbidae,Columbiformes,0,6,133.1247932,-2.230442658,0,0,0,0
Goura_scheepmakeri,Columbidae,Columbiformes,0,1,140.8134436,-6.704722611,0,0,0,0
Goura_sclaterii,Columbidae,Columbiformes,0,1,NA,NA,0,0,0,0
Goura_victoria,Columbidae,Columbiformes,0,6,140.7158931,-3.287323319,0,0,0,0
Graydidascalus_brachyurus,Psittacidae,Psittaciformes,1,6,-64.72237783,-3.161836819,0,1,0,1
Grus_americana,Gruidae,Gruiformes,0,4,-104.1351924,49.89785923,0,0,0,0
Grus_antigone,Gruidae,Gruiformes,0,4,94.30387931,15.27288556,0,0,0,0
Grus_canadensis,Gruidae,Gruiformes,0,6,-102.1026594,61.44741871,0,0,0,0
Grus_carunculatus,Gruidae,Gruiformes,0,4,28.93370891,-14.5006582,0,0,0,0
Grus_grus,Gruidae,Gruiformes,0,6,74.9940124,58.62309623,0,0,0,0
Grus_japonensis,Gruidae,Gruiformes,0,6,128.1798072,48.09228415,0,0,0,0
Grus_leucogeranus,Gruidae,Gruiformes,0,4,144.2205787,70.14410873,0,0,0,0
Grus_monacha,Gruidae,Gruiformes,0,6,122.7844062,55.22590143,0,0,0,0
Grus_nigricollis,Gruidae,Gruiformes,0,4,89.57972252,33.43782963,0,0,0,0
Grus_paradisea,Gruidae,Gruiformes,0,6,25.37980802,-29.50814906,0,0,0,0
Grus_rubicunda,Gruidae,Gruiformes,0,6,140.5170182,-22.65611391,0,0,0,0
Grus_vipio,Gruidae,Gruiformes,0,6,121.4704468,48.35692588,0,0,0,0
Grus_virgo,Gruidae,Gruiformes,0,6,80.8790656,47.38474146,0,0,0,0
Guaruba_guarouba,Psittacidae,Psittaciformes,1,1,-53.95923584,-5.167162053,0,1,0,1
Guira_guira,Cuculidae,Cuculiformes,0,6,-54.07709959,-21.40119452,0,0,0,0
Guttera_edouardi,Numididae,Galliformes,1,1,NA,NA,1,0,0,1
Guttera_plumifera,Numididae,Galliformes,1,1,17.80357172,1.200166133,1,0,0,1
Guttera_pucherani,Numididae,Galliformes,1,3,23.32918522,-4.35729309,1,0,0,1
Guttera_verreauxi,Numididae,Galliformes,1,3,NA,NA,1,0,0,1
Gygis_alba,Laridae,Charadriiformes,0,3,-156.1711662,21.07609515,0,0,0,0
Gymnasio_nudipes,Strigidae,Strigiformes,0,1,NA,NA,0,0,0,0
Gymnobucco_bonapartei,Lybiidae,Piciformes,0,6,22.1525018,0.114307093,0,0,0,0
Gymnobucco_calvus,Lybiidae,Piciformes,0,6,6.694263279,1.776063408,0,0,0,0
Gymnobucco_peli,Lybiidae,Piciformes,0,6,6.726697894,2.857711712,0,0,0,0
Gymnobucco_sladeni,Lybiidae,Piciformes,0,1,23.63526226,-0.378148494,0,0,0,0
Gymnocrex_plumbeiventris,Rallidae,Gruiformes,0,6,140.480027,-5.181437251,0,0,0,0
Gymnocrex_rosenbergii,Rallidae,Gruiformes,0,1,121.356879,-1.574239384,0,0,0,0
Gymnocrex_talaudensis,Rallidae,Gruiformes,0,6,126.7863448,4.284437906,0,0,0,0
Gymnogyps_californianus,Cathartidae,Cathartiformes,0,3,-117.3341671,35.94976717,0,0,0,0
Gymnophaps_albertisii,Columbidae,Columbiformes,1,1,141.6334138,-4.900248249,0,0,0,0
Gymnophaps_mada,Columbidae,Columbiformes,1,1,128.439242,-3.277144566,0,0,0,0
Gymnophaps_solomonensis,Columbidae,Columbiformes,1,1,157.9112966,-7.864261292,0,0,0,0
Gymnophaps_stalkeri,Columbidae,Columbiformes,1,1,128.439242,-3.277144566,0,0,0,0
Gypaetus_barbatus,Accipitridae,Accipitriformes,0,3,73.37651007,34.36418883,0,0,0,0
Gypohierax_angolensis,Accipitridae,Accipitriformes,0,6,19.84842165,-3.316840052,0,0,0,0
Gyps_africanus,Accipitridae,Accipitriformes,0,3,23.58156318,-1.39484718,0,0,0,0
Gyps_bengalensis,Accipitridae,Accipitriformes,0,3,79.90956011,24.19084069,0,0,0,0
Gyps_coprotheres,Accipitridae,Accipitriformes,0,2,26.90777792,-27.72454177,0,0,0,0
Gyps_fulvus,Accipitridae,Accipitriformes,0,3,52.21850585,36.73616681,0,0,0,0
Gyps_himalayensis,Accipitridae,Accipitriformes,0,3,87.05129436,36.99024105,0,0,0,0
Gyps_indicus,Accipitridae,Accipitriformes,0,6,75.54013003,21.69328921,0,0,0,0
Gyps_rueppelli,Accipitridae,Accipitriformes,0,3,19.06574366,11.01379183,0,0,0,0
Gyps_tenuirostris,Accipitridae,Accipitriformes,0,2,91.24848686,24.13609453,0,0,0,0
Habroptila_wallacii,Rallidae,Gruiformes,0,6,128.0132879,0.872687196,0,0,0,0
Haematopus_ater,Haematopodidae,Charadriiformes,0,5,-69.85296823,-42.41127309,0,0,0,0
Haematopus_bachmani,Haematopodidae,Charadriiformes,0,5,-137.4812528,52.31432826,0,0,0,0
Haematopus_chathamensis,Haematopodidae,Charadriiformes,0,5,-176.4854655,-43.97965824,0,0,0,0
Haematopus_finschi,Haematopodidae,Charadriiformes,0,6,170.0351507,-44.41911829,0,0,0,0
Haematopus_fuliginosus,Haematopodidae,Charadriiformes,0,5,136.2847469,-29.83969757,0,0,0,0
Haematopus_leucopodus,Haematopodidae,Charadriiformes,0,6,-69.18464733,-49.67350529,0,0,0,0
Haematopus_longirostris,Haematopodidae,Charadriiformes,0,5,137.3435708,-27.7138192,0,0,0,0
Haematopus_meadewaldoi,Haematopodidae,Charadriiformes,0,5,NA,NA,0,0,0,0
Haematopus_moquini,Haematopodidae,Charadriiformes,0,5,21.1927273,-30.2874095,0,0,0,0
Haematopus_ostralegus,Haematopodidae,Charadriiformes,0,5,64.34961937,53.25316463,0,0,0,0
Haematopus_palliatus,Haematopodidae,Charadriiformes,0,5,-78.09958766,-0.935659846,0,0,0,0
Haematopus_unicolor,Haematopodidae,Charadriiformes,0,5,172.9129396,-40.66267782,0,0,0,0
Haematortyx_sanguiniceps,Phasianidae,Galliformes,0,1,115.1102725,2.81757007,0,0,0,0
Halcyon_albiventris,Alcedinidae,Coraciiformes,1,6,29.76167478,-14.60846832,1,1,0,1
Halcyon_badia,Alcedinidae,Coraciiformes,1,6,16.34976132,1.092238755,1,0,0,1
Halcyon_chelicuti,Alcedinidae,Coraciiformes,1,6,21.26798405,-2.756890972,1,0,0,1
Halcyon_coromanda,Alcedinidae,Coraciiformes,1,6,107.2420901,15.49492047,1,0,1,1
Halcyon_cyanoventris,Alcedinidae,Coraciiformes,1,6,110.1635633,-7.347245443,1,1,0,1
Halcyon_gularis,Alcedinidae,Coraciiformes,1,6,84.38461904,21.5914931,1,1,0,1
Halcyon_leucocephala,Alcedinidae,Coraciiformes,1,6,20.3363987,0.309566634,1,0,0,1
Halcyon_malimbica,Alcedinidae,Coraciiformes,1,6,12.93481528,3.927931429,1,0,0,1
Halcyon_pileata,Alcedinidae,Coraciiformes,1,6,98.64703319,26.59815227,1,0,1,1
Halcyon_senegalensis,Alcedinidae,Coraciiformes,1,6,17.23857372,1.091266997,1,0,0,1
Halcyon_senegaloides,Alcedinidae,Coraciiformes,1,6,37.30043482,-15.18183566,1,0,0,1
Halcyon_smyrnensis,Alcedinidae,Coraciiformes,1,6,84.38461904,21.5914931,1,0,0,1
Haliaeetus_albicilla,Accipitridae,Accipitriformes,0,6,44.64550887,54.69724763,0,0,0,0
Haliaeetus_leucocephalus,Accipitridae,Accipitriformes,0,6,-113.8366576,54.45058155,0,0,0,0
Haliaeetus_leucogaster,Accipitridae,Accipitriformes,0,6,124.9012264,-9.949115431,0,0,0,0
Haliaeetus_leucoryphus,Accipitridae,Accipitriformes,0,6,88.89879122,40.14066076,0,0,0,0
Haliaeetus_pelagicus,Accipitridae,Accipitriformes,0,5,150.3954619,58.23737598,0,0,0,0
Haliaeetus_sanfordi,Accipitridae,Accipitriformes,0,1,158.3023674,-8.089666447,0,0,0,0
Haliaeetus_vocifer,Accipitridae,Accipitriformes,0,6,20.87616406,-1.445609967,0,0,0,0
Haliaeetus_vociferoides,Accipitridae,Accipitriformes,0,6,45.61521677,-18.15904793,0,0,0,0
Haliastur_indus,Accipitridae,Accipitriformes,0,6,105.1850861,9.7791068,0,0,0,0
Haliastur_sphenurus,Accipitridae,Accipitriformes,0,6,137.3167553,-24.43857615,0,0,0,0
Halobaena_caerulea,Procellariidae,Procellariiformes,0,5,-127.6568873,-67.16705585,0,0,0,0
Hamirostra_melanosternon,Accipitridae,Accipitriformes,0,3,133.4150334,-23.70343133,0,0,0,0
Hapalopsittaca_amazonina,Psittacidae,Psittaciformes,1,1,-74.04174274,4.826437693,1,1,1,1
Hapalopsittaca_fuertesi,Psittacidae,Psittaciformes,1,1,-75.73395657,4.112996253,1,1,1,1
Hapalopsittaca_melanotis,Psittacidae,Psittaciformes,1,1,-69.49098426,-14.63226253,1,1,0,1
Hapalopsittaca_pyrrhops,Psittacidae,Psittaciformes,1,1,-78.86779813,-3.175945521,1,1,0,1
Hapaloptila_castanea,Bucconidae,Galbuliformes,0,3,-77.91101218,-3.731030765,0,0,0,0
Haplophaedia_assimilis,Trochilidae,Caprimulgiformes,1,1,-73.63627496,-11.25651147,0,0,0,0
Haplophaedia_aureliae,Trochilidae,Caprimulgiformes,1,1,-74.8548838,-5.699270504,0,0,0,0
Haplophaedia_lugens,Trochilidae,Caprimulgiformes,1,1,-78.20119946,0.588962737,0,0,0,0
Harpactes_ardens,Trogonidae,Trogoniformes,0,1,123.401982,11.60016828,0,0,0,0
Harpactes_diardii,Trogonidae,Trogoniformes,0,6,109.2644389,1.153664096,0,0,0,0
Harpactes_duvaucelii,Trogonidae,Trogoniformes,0,6,108.0670161,1.318448567,0,0,0,0
Harpactes_erythrocephalus,Trogonidae,Trogoniformes,0,1,103.7564983,22.35886951,0,0,0,0
Harpactes_fasciatus,Trogonidae,Trogoniformes,0,6,79.50137809,15.72223241,0,0,0,0
Harpactes_kasumba,Trogonidae,Trogoniformes,0,6,110.1252782,0.931007282,0,0,0,0
Harpactes_oreskios,Trogonidae,Trogoniformes,0,1,103.0898089,14.85104007,0,0,0,0
Harpactes_orrhophaeus,Trogonidae,Trogoniformes,0,6,108.5207434,2.193241673,0,0,0,0
Harpactes_wardi,Trogonidae,Trogoniformes,0,1,96.13074188,27.71308328,0,0,0,0
Harpactes_whiteheadi,Trogonidae,Trogoniformes,0,1,115.6188245,3.958092784,0,0,0,0
Harpagus_bidentatus,Accipitridae,Accipitriformes,0,1,-63.17310114,-2.850609825,0,0,0,0
Harpagus_diodon,Accipitridae,Accipitriformes,0,1,-55.06427562,-16.12908576,0,0,0,0
Harpia_harpyja,Accipitridae,Accipitriformes,0,1,-61.48360074,-5.748298791,0,0,0,0
Harpyhaliaetus_coronatus,Accipitridae,Accipitriformes,0,3,-57.74720994,-23.82415403,0,0,0,0
Harpyhaliaetus_solitarius,Accipitridae,Accipitriformes,0,1,-86.42482186,7.014127516,0,0,0,0
Harpyopsis_novaeguineae,Accipitridae,Accipitriformes,0,3,140.8940696,-5.292667161,0,0,0,0
Heliactin_bilophus,Trochilidae,Caprimulgiformes,1,6,-48.58631567,-14.86459731,0,0,0,0
Heliangelus_amethysticollis,Trochilidae,Caprimulgiformes,1,1,-73.32445885,-6.662084092,0,0,0,0
Heliangelus_clarisse,Trochilidae,Caprimulgiformes,1,1,-73.32445885,-6.662084092,0,0,0,0
Heliangelus_exortis,Trochilidae,Caprimulgiformes,1,1,-76.06032052,3.295086018,0,0,0,0
Heliangelus_mavors,Trochilidae,Caprimulgiformes,1,1,-70.85881171,8.914786248,0,0,0,0
Heliangelus_micraster,Trochilidae,Caprimulgiformes,1,1,-79.0246158,-4.609900434,0,0,0,0
Heliangelus_regalis,Trochilidae,Caprimulgiformes,1,3,-78.0315928,-5.599407492,0,0,0,0
Heliangelus_spencei,Trochilidae,Caprimulgiformes,1,1,-73.32445885,-6.662084092,0,0,0,0
Heliangelus_strophianus,Trochilidae,Caprimulgiformes,1,1,-78.76429754,-0.722704711,0,0,0,0
Heliangelus_viola,Trochilidae,Caprimulgiformes,1,1,-78.91103022,-5.247136887,0,0,0,0
Helicolestes_hamatus,Accipitridae,Accipitriformes,0,6,-64.87729214,-3.836625242,0,0,0,0
Heliodoxa_aurescens,Trochilidae,Caprimulgiformes,1,1,-66.78280365,-5.064921195,0,0,0,0
Heliodoxa_branickii,Trochilidae,Caprimulgiformes,1,1,-74.10688421,-10.99138772,0,0,0,0
Heliodoxa_gularis,Trochilidae,Caprimulgiformes,1,1,-77.08408695,0.084499972,0,0,0,0
Heliodoxa_imperatrix,Trochilidae,Caprimulgiformes,1,1,-77.3887965,2.505231584,0,0,0,0
Heliodoxa_jacula,Trochilidae,Caprimulgiformes,1,6,-79.36275252,3.527596332,0,0,0,0
Heliodoxa_leadbeateri,Trochilidae,Caprimulgiformes,1,6,-73.41052427,-1.615737663,0,0,0,0
Heliodoxa_rubinoides,Trochilidae,Caprimulgiformes,1,1,-76.08562208,-1.846440727,0,0,0,0
Heliodoxa_schreibersii,Trochilidae,Caprimulgiformes,1,1,-73.95343082,-3.596271105,0,0,0,0
Heliodoxa_xanthogonys,Trochilidae,Caprimulgiformes,1,1,-63.438786,5.208604015,0,0,0,0
Heliomaster_constantii,Trochilidae,Caprimulgiformes,1,1,-100.5326381,20.18933941,0,0,0,0
Heliomaster_furcifer,Trochilidae,Caprimulgiformes,1,1,-59.61924175,-23.33129952,0,0,0,0
Heliomaster_longirostris,Trochilidae,Caprimulgiformes,1,1,-64.86477923,-2.389811258,0,0,0,0
Heliomaster_squamosus,Trochilidae,Caprimulgiformes,1,3,-44.92705964,-15.80204105,0,0,0,0
Heliopais_personatus,Heliornithidae,Gruiformes,0,4,105.9283684,13.9079831,0,0,0,0
Heliornis_fulica,Heliornithidae,Gruiformes,0,6,-63.3661277,-4.612125526,0,0,0,0
Heliothryx_auritus,Trochilidae,Caprimulgiformes,1,1,-61.53479822,-4.653440099,0,0,0,0
Heliothryx_barroti,Trochilidae,Caprimulgiformes,1,6,-81.78680449,9.679278134,0,0,0,0
Hemicircus_canente,Picidae,Piciformes,0,6,96.91362544,16.52987512,0,0,0,0
Hemicircus_concretus,Picidae,Piciformes,0,6,108.229989,0.353782378,0,0,0,0
Hemiphaga_chathamensis,Columbidae,Columbiformes,1,1,173.0456434,-41.16066193,0,0,0,0
Hemiphaga_novaeseelandiae,Columbidae,Columbiformes,1,6,173.0456434,-41.16066193,0,0,0,0
Hemiprocne_comata,Hemiprocnidae,Caprimulgiformes,1,6,110.6296604,2.958192517,0,0,0,0
Hemiprocne_coronata,Hemiprocnidae,Caprimulgiformes,1,1,90.44887047,20.4174611,0,0,0,0
Hemiprocne_longipennis,Hemiprocnidae,Caprimulgiformes,1,6,110.4030284,0.103455793,0,0,0,0
Hemiprocne_mystacea,Hemiprocnidae,Caprimulgiformes,1,6,141.2143642,-5.202817107,0,0,0,0
Henicopernis_infuscatus,Accipitridae,Accipitriformes,0,1,150.5029845,-5.56270956,0,0,0,0
Henicopernis_longicauda,Accipitridae,Accipitriformes,0,1,140.7484235,-5.36495865,0,0,0,0
Henicophaps_albifrons,Columbidae,Columbiformes,1,6,140.7411985,-5.352681629,0,0,0,0
Henicophaps_foersteri,Columbidae,Columbiformes,1,1,150.5466306,-5.481194868,0,0,0,0
Herpetotheres_cachinnans,Falconidae,Falconiformes,0,3,-60.73128744,-5.817535346,0,0,0,0
Heteroglaux_blewitti,Strigidae,Strigiformes,0,6,76.33274336,21.61809739,0,0,0,0
Heteronetta_atricapilla,Anatidae,Anseriformes,0,4,-63.44154082,-32.43259349,0,0,0,0
Heteroscelus_brevipes,Scolopacidae,Charadriiformes,0,6,142.5004463,63.02378769,0,0,0,0
Heteroscelus_incanus,Scolopacidae,Charadriiformes,0,6,-146.295122,64.02832999,0,0,0,0
Hieraaetus_ayresii,Accipitridae,Accipitriformes,0,6,25.65289951,-4.834330868,0,0,0,0
Hieraaetus_morphnoides,Accipitridae,Accipitriformes,0,3,134.7503796,-25.79686317,0,0,0,0
Hieraaetus_pennatus,Accipitridae,Accipitriformes,0,6,49.35972923,42.95985972,0,0,0,0
Hieraaetus_spilogaster,Accipitridae,Accipitriformes,0,6,24.24948565,-3.123850122,0,0,0,0
Hieraaetus_weiskei,Accipitridae,Accipitriformes,0,1,140.9541764,-5.359045437,0,0,0,0
Hierococcyx_bocki,Cuculidae,Cuculiformes,0,6,NA,NA,0,0,0,0
Hierococcyx_hyperythrus,Cuculidae,Cuculiformes,0,6,NA,NA,0,0,0,0
Hierococcyx_nisicolor,Cuculidae,Cuculiformes,0,3,NA,NA,0,0,0,0
Hierococcyx_pectoralis,Cuculidae,Cuculiformes,0,1,NA,NA,0,0,0,0
Himantopus_himantopus,Recurvirostridae,Charadriiformes,0,6,33.29467858,19.24304785,0,0,0,0
Himantopus_leucocephalus,Recurvirostridae,Charadriiformes,0,6,135.4912423,-25.59413252,0,0,0,0
Himantopus_mexicanus,Recurvirostridae,Charadriiformes,0,6,-70.4711465,-7.286251192,0,0,0,0
Himantopus_novaezelandiae,Recurvirostridae,Charadriiformes,1,6,170.1118949,-44.18549681,0,0,0,0
Himantornis_haematopus,Rallidae,Gruiformes,0,6,14.47635251,1.65685944,0,0,0,0
Hirundapus_caudacutus,Apodidae,Caprimulgiformes,0,3,111.45518,46.12339836,0,0,0,0
Hirundapus_celebensis,Apodidae,Caprimulgiformes,1,3,122.915867,10.52085794,0,0,0,0
Hirundapus_cochinchinensis,Apodidae,Caprimulgiformes,0,6,94.6875455,25.62110609,0,0,0,0
Hirundapus_giganteus,Apodidae,Caprimulgiformes,0,6,102.5208859,8.003928775,0,0,0,0
Histrionicus_histrionicus,Anatidae,Anseriformes,1,5,40.69360317,60.82612472,1,0,0,1
Houbaropsis_bengalensis,Otididae,Otidiformes,0,2,92.40630073,23.97222768,0,0,0,0
Hydrobates_cheimomnestes,Hydrobatidae,Procellariiformes,0,5,NA,NA,0,0,0,0
Hydrobates_jabejabe,Hydrobatidae,Procellariiformes,0,5,NA,NA,0,0,0,0
Hydrobates_macrodactylus,Hydrobatidae,Procellariiformes,0,6,22.54920808,48.21141087,0,0,0,0
Hydrobates_microsoma,Hydrobatidae,Procellariiformes,0,5,NA,NA,0,0,0,0
Hydrobates_pelagicus,Hydrobatidae,Procellariiformes,0,5,-4.00175884,48.67104036,0,0,0,0
Hydrochous_gigas,Apodidae,Caprimulgiformes,0,1,101.7528269,0.053659173,0,0,0,0
Hydrophasianus_chirurgus,Jacanidae,Charadriiformes,0,4,95.39970723,23.60389842,0,0,0,0
Hydropsalis_climacocerca,Caprimulgidae,Caprimulgiformes,0,6,-63.39552189,-4.617493573,0,0,0,0
Hydropsalis_torquata,Caprimulgidae,Caprimulgiformes,0,3,-54.55524086,-19.25776992,0,0,0,0
Hylocharis_chrysura,Trochilidae,Caprimulgiformes,1,6,-57.82451161,-23.5223953,0,0,0,0
Hylocharis_cyanus,Trochilidae,Caprimulgiformes,1,6,-60.18429928,-5.726020434,0,0,0,0
Hylocharis_eliciae,Trochilidae,Caprimulgiformes,1,6,-86.23871294,13.17219275,0,0,0,0
Hylocharis_grayi,Trochilidae,Caprimulgiformes,1,6,-76.95706782,2.514283792,0,0,0,0
Hylocharis_humboldtii,Trochilidae,Caprimulgiformes,1,6,-77.84759416,3.974898599,0,0,0,0
Hylocharis_leucotis,Trochilidae,Caprimulgiformes,1,3,-101.1744774,21.75093014,0,0,0,0
Hylocharis_sapphirina,Trochilidae,Caprimulgiformes,1,6,-59.4693206,-5.489223932,0,0,0,0
Hylocharis_xantusii,Trochilidae,Caprimulgiformes,1,3,-111.3178897,25.38003516,0,0,0,0
Hylomanes_momotula,Momotidae,Coraciiformes,1,1,-88.23164354,15.30419508,1,1,0,1
Hylonympha_macrocerca,Trochilidae,Caprimulgiformes,1,1,-62.32098695,10.67716836,0,0,0,0
Hymenolaimus_malacorhynchos,Anatidae,Anseriformes,1,4,172.6459801,-41.67465192,0,0,0,0
Hypnelus_bicinctus,Bucconidae,Galbuliformes,0,3,-69.02346896,8.253119524,0,0,0,0
Hypnelus_ruficollis,Bucconidae,Galbuliformes,0,3,-69.02346896,8.253119524,0,0,0,0
Ibidorhyncha_struthersii,Ibidorhynchidae,Charadriiformes,0,6,92.36108526,35.88554033,0,0,0,0
Ibycter_americanus,Falconidae,Falconiformes,1,1,-61.50835272,-4.448634347,0,0,0,0
Ichthyophaga_humilis,Accipitridae,Accipitriformes,0,6,103.9375801,10.7096723,0,0,0,0
Ichthyophaga_ichthyaetus,Accipitridae,Accipitriformes,0,6,96.21971462,13.46920845,0,0,0,0
Ictinaetus_malayensis,Accipitridae,Accipitriformes,0,6,101.1464233,9.215987794,0,0,0,0
Ictinia_mississippiensis,Accipitridae,Accipitriformes,0,6,-92.92250378,33.62521654,0,0,0,0
Ictinia_plumbea,Accipitridae,Accipitriformes,0,1,-60.17124101,-8.107422469,0,0,0,0
Indicator_archipelagicus,Indicatoridae,Piciformes,0,6,108.4334345,1.132621326,0,0,0,0
Indicator_exilis,Indicatoridae,Piciformes,0,6,16.24363219,1.232650381,0,0,0,0
Indicator_indicator,Indicatoridae,Piciformes,0,6,23.28759288,-4.199322113,0,0,0,0
Indicator_maculatus,Indicatoridae,Piciformes,0,6,11.31449125,4.098351587,0,0,0,0
Indicator_meliphilus,Indicatoridae,Piciformes,0,3,30.6618984,-10.84378814,0,0,0,0
Indicator_minor,Indicatoridae,Piciformes,0,6,20.75045624,-3.562461773,0,0,0,0
Indicator_pumilio,Indicatoridae,Piciformes,0,1,29.27372533,-2.149695105,0,0,0,0
Indicator_variegatus,Indicatoridae,Piciformes,0,1,31.44850544,-10.82081215,0,0,0,0
Indicator_willcocksi,Indicatoridae,Piciformes,0,6,15.82333603,3.557913845,0,0,0,0
Indicator_xanthonotus,Indicatoridae,Piciformes,0,3,85.87971056,29.60484244,0,0,0,0
Irediparra_gallinacea,Jacanidae,Charadriiformes,0,4,136.2187825,-13.16547844,0,0,0,0
Ithaginis_cruentus,Phasianidae,Galliformes,0,1,100.5414168,31.27434014,0,0,0,0
Ixobrychus_cinnamomeus,Ardeidae,Pelecaniformes,0,4,105.4459212,19.78692169,0,0,0,0
Ixobrychus_dubius,Ardeidae,Pelecaniformes,0,6,40.46758392,15.56611841,0,0,0,0
Ixobrychus_eurhythmus,Ardeidae,Pelecaniformes,0,6,124.2014749,43.8378168,0,0,0,0
Ixobrychus_exilis,Ardeidae,Pelecaniformes,0,4,-79.03671416,19.83359985,0,0,0,0
Ixobrychus_flavicollis,Ardeidae,Pelecaniformes,1,6,105.8418271,13.02501606,1,0,0,1
Ixobrychus_involucris,Ardeidae,Pelecaniformes,0,6,-61.09852008,-24.67852714,0,0,0,0
Ixobrychus_minutus,Ardeidae,Pelecaniformes,0,6,40.46758392,15.56611841,0,0,0,0
Ixobrychus_novaezelandiae,Ardeidae,Pelecaniformes,0,NA,NA,NA,0,0,0,0
Ixobrychus_sinensis,Ardeidae,Pelecaniformes,0,4,108.8585408,24.81118461,0,0,0,0
Ixobrychus_sturmii,Ardeidae,Pelecaniformes,0,6,20.38256747,-2.855341975,0,0,0,0
Jabiru_mycteria,Ciconiidae,Ciconiiformes,0,6,-61.27338717,-9.01745155,0,0,0,0
Jacamaralcyon_tridactyla,Galbulidae,Galbuliformes,1,6,-42.81624633,-20.42419072,0,0,0,0
Jacamerops_aureus,Galbulidae,Galbuliformes,1,6,-63.77093642,-2.466403412,0,0,0,0
Jacana_jacana,Jacanidae,Charadriiformes,0,6,-57.91579,-10.97774861,0,0,0,0
Jacana_spinosa,Jacanidae,Charadriiformes,0,6,-89.52459035,17.63102854,0,0,0,0
Jubula_lettii,Strigidae,Strigiformes,0,1,16.83253417,0.768480634,0,0,0,0
Jynx_ruficollis,Picidae,Piciformes,0,6,25.84387895,-8.501688143,0,0,0,0
Jynx_torquilla,Picidae,Piciformes,0,6,69.34072947,54.88165334,0,0,0,0
Kaupifalco_monogrammicus,Accipitridae,Accipitriformes,0,6,19.29653239,-1.053751249,0,0,0,0
Ketupa_blakistoni,Strigidae,Strigiformes,0,6,133.2314109,50.68980444,0,0,0,0
Ketupa_flavipes,Strigidae,Strigiformes,0,6,109.6167306,27.31549798,0,0,0,0
Ketupa_ketupu,Strigidae,Strigiformes,0,6,104.9630892,7.467914484,0,0,0,0
Ketupa_zeylonensis,Strigidae,Strigiformes,0,6,89.15535242,20.940891,0,0,0,0
Klais_guimeti,Trochilidae,Caprimulgiformes,1,6,-76.57187766,-0.969427797,0,0,0,0
Lacedo_pulchella,Alcedinidae,Coraciiformes,1,6,105.891078,6.958147331,1,0,1,1
Lafresnaya_lafresnayi,Trochilidae,Caprimulgiformes,1,1,-75.91076706,-3.183831245,0,0,0,0
Lagopus_lagopus,Phasianidae,Galliformes,0,3,39.22051162,62.59838879,0,0,0,0
Lagopus_leucura,Phasianidae,Galliformes,0,2,-130.9737338,58.69839898,0,0,0,0
Lagopus_muta,Phasianidae,Galliformes,0,3,29.99143074,66.93427604,0,0,0,0
Lampornis_amethystinus,Trochilidae,Caprimulgiformes,1,1,-96.40390318,17.84552547,0,0,0,0
Lampornis_calolaemus,Trochilidae,Caprimulgiformes,1,1,-83.49075466,9.775648415,0,0,0,0
Lampornis_castaneoventris,Trochilidae,Caprimulgiformes,1,3,-83.29080543,9.310532297,0,0,0,0
Lampornis_clemenciae,Trochilidae,Caprimulgiformes,1,6,-103.9861193,24.21417427,0,0,0,0
Lampornis_hemileucus,Trochilidae,Caprimulgiformes,1,3,-83.02469163,9.492899159,0,0,0,0
Lampornis_sybillae,Trochilidae,Caprimulgiformes,1,1,-86.69617026,14.53918924,0,0,0,0
Lampornis_viridipallens,Trochilidae,Caprimulgiformes,1,1,-90.56639001,15.38182517,0,0,0,0
Lamprolaima_rhami,Trochilidae,Caprimulgiformes,1,1,-92.44581574,16.04201875,0,0,0,0
Larosterna_inca,Laridae,Charadriiformes,0,5,-74.54994162,-19.87453721,0,0,0,0
Larus_argentatus,Laridae,Charadriiformes,0,6,19.02574904,61.2527965,0,0,0,0
Larus_armenicus,Laridae,Charadriiformes,0,6,50.76056917,47.68963619,0,0,0,0
Larus_atlanticus,Laridae,Charadriiformes,0,6,-63.78070678,-41.97102458,0,0,0,0
Larus_atricilla,Laridae,Charadriiformes,0,6,-79.90077993,30.00277665,0,0,0,0
Larus_audouinii,Laridae,Charadriiformes,0,6,5.501797789,37.53150704,0,0,0,0
Larus_belcheri,Laridae,Charadriiformes,0,5,-74.95312143,-15.49716369,0,0,0,0
Larus_brachyrhynchus,Laridae,Charadriiformes,0,6,NA,NA,0,0,0,0
Larus_brunnicephalus,Laridae,Charadriiformes,0,6,88.96703845,18.89115827,0,0,0,0
Larus_bulleri,Laridae,Charadriiformes,0,6,172.5952042,-42.40477428,0,0,0,0
Larus_cachinnans,Laridae,Charadriiformes,0,6,50.76056917,47.68963619,0,0,0,0
Larus_californicus,Laridae,Charadriiformes,0,6,-110.2615791,53.4399376,0,0,0,0
Larus_canus,Laridae,Charadriiformes,0,6,43.18077509,61.61613796,0,0,0,0
Larus_cirrocephalus,Laridae,Charadriiformes,0,6,10.52197634,-17.26402079,0,0,0,0
Larus_crassirostris,Laridae,Charadriiformes,0,5,133.2285254,42.06960333,0,0,0,0
Larus_delawarensis,Laridae,Charadriiformes,0,6,-101.2616854,50.63810352,0,0,0,0
Larus_dominicanus,Laridae,Charadriiformes,0,6,-18.77108535,-39.91449744,0,0,0,0
Larus_fuliginosus,Laridae,Charadriiformes,0,5,-90.87153337,-0.557440015,0,0,0,0
Larus_fuscus,Laridae,Charadriiformes,0,6,13.98826393,61.03605058,0,0,0,0
Larus_genei,Laridae,Charadriiformes,0,6,55.41636501,42.41967037,0,0,0,0
Larus_glaucescens,Laridae,Charadriiformes,0,6,-154.9579763,56.64698054,0,0,0,0
Larus_glaucoides,Laridae,Charadriiformes,0,5,-79.10264729,70.83562286,0,0,0,0
Larus_hartlaubii,Laridae,Charadriiformes,0,6,17.20318933,-29.87554842,0,0,0,0
Larus_heermanni,Laridae,Charadriiformes,0,5,-113.9618521,27.87839564,0,0,0,0
Larus_hemprichii,Laridae,Charadriiformes,0,5,47.61828845,18.33767416,0,0,0,0
Larus_hyperboreus,Laridae,Charadriiformes,0,6,-150.5288938,75.39435503,0,0,0,0
Larus_ichthyaetus,Laridae,Charadriiformes,0,6,67.39738182,49.11197049,0,0,0,0
Larus_leucophthalmus,Laridae,Charadriiformes,0,5,40.52845009,16.88932938,0,0,0,0
Larus_livens,Laridae,Charadriiformes,0,5,-112.6485467,28.54893061,0,0,0,0
Larus_maculipennis,Laridae,Charadriiformes,0,6,-66.44012173,-41.16004642,0,0,0,0
Larus_marinus,Laridae,Charadriiformes,0,6,-28.82675457,55.30758273,0,0,0,0
Larus_melanocephalus,Laridae,Charadriiformes,0,6,27.1042868,45.6227254,0,0,0,0
Larus_michahellis,Laridae,Charadriiformes,0,6,11.34835105,41.5248287,0,0,0,0
Larus_minutus,Laridae,Charadriiformes,0,6,72.25570845,58.3933999,0,0,0,0
Larus_modestus,Laridae,Charadriiformes,0,6,-69.87621808,-22.99680404,0,0,0,0
Larus_novaehollandiae,Laridae,Charadriiformes,0,6,136.7967588,-29.34718234,0,0,0,0
Larus_occidentalis,Laridae,Charadriiformes,0,6,-120.2404691,36.26738142,0,0,0,0
Larus_pacificus,Laridae,Charadriiformes,0,6,134.0145388,-35.02693466,0,0,0,0
Larus_philadelphia,Laridae,Charadriiformes,0,6,-121.0582141,60.00314677,0,0,0,0
Larus_pipixcan,Laridae,Charadriiformes,0,6,-107.5276911,52.58795222,0,0,0,0
Larus_relictus,Laridae,Charadriiformes,0,6,99.16972592,47.18407498,0,0,0,0
Larus_ridibundus,Laridae,Charadriiformes,0,6,74.49784644,56.62666203,0,0,0,0
Larus_saundersi,Laridae,Charadriiformes,0,5,126.719288,38.88390734,0,0,0,0
Larus_schistisagus,Laridae,Charadriiformes,0,5,126.7760762,53.3391678,0,0,0,0
Larus_serranus,Laridae,Charadriiformes,0,4,-70.20985051,-20.17553332,0,0,0,0
Laterallus_albigularis,Rallidae,Gruiformes,0,6,-78.91833507,7.885739109,0,0,0,0
Laterallus_exilis,Rallidae,Gruiformes,0,6,-65.23196987,-5.762740045,0,0,0,0
Laterallus_jamaicensis,Rallidae,Gruiformes,0,6,-78.09985729,1.889091454,0,0,0,0
Laterallus_leucopyrrhus,Rallidae,Gruiformes,0,6,-54.66968045,-29.31109466,0,0,0,0
Laterallus_levraudi,Rallidae,Gruiformes,0,6,-67.73317937,10.33207469,0,0,0,0
Laterallus_melanophaius,Rallidae,Gruiformes,0,6,-55.26270091,-14.1786862,0,0,0,0
Laterallus_ruber,Rallidae,Gruiformes,0,6,-91.35273655,17.49373223,0,0,0,0
Laterallus_spilonotus,Rallidae,Gruiformes,0,6,-90.83761778,-0.625358791,0,0,0,0
Laterallus_xenopterus,Rallidae,Gruiformes,0,6,-56.5017125,-23.34564624,0,0,0,0
Lathamus_discolor,Psittaculidae,Psittaciformes,1,6,147.5078319,-41.68398097,1,1,0,1
Leipoa_ocellata,Megapodiidae,Galliformes,0,6,133.0207308,-32.14457891,0,0,0,0
Lepidopyga_lilliae,Trochilidae,Caprimulgiformes,1,6,-74.48216827,10.80492194,0,0,0,0
Leptodon_cayanensis,Accipitridae,Accipitriformes,0,6,-60.20711155,-6.702723851,0,0,0,0
Leptodon_forbesi,Accipitridae,Accipitriformes,0,6,-35.71800775,-8.948060715,0,0,0,0
Leptoptilos_crumenifer,Ciconiidae,Ciconiiformes,0,6,25.51950953,-1.627042763,0,0,0,0
Leptoptilos_dubius,Ciconiidae,Ciconiiformes,0,6,95.28858774,23.90727546,0,0,0,0
Leptoptilos_javanicus,Ciconiidae,Ciconiiformes,0,6,103.4244205,7.335534563,0,0,0,0
Leptosittaca_branickii,Psittacidae,Psittaciformes,1,1,-75.35074461,-3.876597133,0,1,0,1
Leptosomus_discolor,Leptosomidae,Leptosomiformes,1,6,46.67016036,-19.45585153,0,0,0,0
Leptotila_cassinii,Columbidae,Columbiformes,1,1,-83.15343824,11.88159922,0,0,0,0
Leptotila_conoveri,Columbidae,Columbiformes,1,6,-76.01870801,2.369235848,0,0,0,0
Leptotila_jamaicensis,Columbidae,Columbiformes,1,6,-87.44643561,19.35457517,0,0,0,0
Leptotila_megalura,Columbidae,Columbiformes,1,6,-65.2652876,-21.83659669,0,0,0,0
Leptotila_ochraceiventris,Columbidae,Columbiformes,1,1,-79.90358241,-3.790822734,0,0,0,0
Leptotila_pallida,Columbidae,Columbiformes,1,1,-78.76076522,0.960908871,0,0,0,0
Leptotila_plumbeiceps,Columbidae,Columbiformes,0,6,-90.34778365,16.70760062,0,0,0,0
Leptotila_rufaxilla,Columbidae,Columbiformes,1,6,-56.763803,-9.402848287,0,0,0,0
Leptotila_verreauxi,Columbidae,Columbiformes,1,6,-61.64520092,-8.077489262,0,0,0,0
Leptotila_wellsi,Columbidae,Columbiformes,0,1,-61.74053188,12.06150223,0,0,0,0
Lerwa_lerwa,Phasianidae,Galliformes,0,3,90.54070717,31.3403612,0,0,0,0
Lesbia_nuna,Trochilidae,Caprimulgiformes,1,1,-76.74219209,-6.596444394,0,0,0,0
Lesbia_victoriae,Trochilidae,Caprimulgiformes,1,1,-75.88876828,-6.541598371,0,0,0,0
Leucippus_baeri,Trochilidae,Caprimulgiformes,1,1,-80.51763607,-4.984904432,0,0,0,0
Leucippus_chlorocercus,Trochilidae,Caprimulgiformes,1,1,-70.16096888,-3.621336178,0,0,0,0
Leucippus_fallax,Trochilidae,Caprimulgiformes,1,6,-70.30447566,10.85467272,0,0,0,0
Leucippus_taczanowskii,Trochilidae,Caprimulgiformes,1,1,-78.09827692,-7.253524022,0,0,0,0
Leucocarbo_bransfieldensis,Phalacrocoracidae,Suliformes,1,5,-68.71066509,-52.24150779,0,0,0,0
Leucocarbo_georgianus,Phalacrocoracidae,Suliformes,1,5,-68.71066509,-52.24150779,0,0,0,0
Leucocarbo_melanogenis,Phalacrocoracidae,Suliformes,1,5,-68.71066509,-52.24150779,0,0,0,0
Leucocarbo_nivalis,Phalacrocoracidae,Suliformes,1,5,-68.71066509,-52.24150779,0,0,0,0
Leucocarbo_onslowi,Phalacrocoracidae,Suliformes,1,5,-176.3491383,-44.01142795,0,0,0,0
Leucocarbo_purpurascens,Phalacrocoracidae,Suliformes,1,5,-68.71066509,-52.24150779,0,0,0,0
Leucocarbo_verrucosus,Phalacrocoracidae,Suliformes,1,5,NA,NA,0,0,0,0
Leucochloris_albicollis,Trochilidae,Caprimulgiformes,1,6,-52.59418265,-25.62442761,0,0,0,0
Leucophaeus_scoresbii,Laridae,Charadriiformes,0,6,-69.20385485,-51.59143871,0,0,0,0
Leucopternis_albicollis,Accipitridae,Accipitriformes,0,1,-63.67311481,-4.067081722,0,0,0,0
Leucopternis_kuhli,Accipitridae,Accipitriformes,0,1,-63.49927414,-7.410716245,0,0,0,0
Leucopternis_lacernulatus,Accipitridae,Accipitriformes,0,1,-44.71096371,-22.24204015,0,0,0,0
Leucopternis_melanops,Accipitridae,Accipitriformes,0,6,-62.88244937,1.407788513,0,0,0,0
Leucopternis_occidentalis,Accipitridae,Accipitriformes,0,1,-79.85848921,-3.578214175,0,0,0,0
Leucopternis_plumbeus,Accipitridae,Accipitriformes,0,1,-77.67566087,4.360034725,0,0,0,0
Leucopternis_polionotus,Accipitridae,Accipitriformes,0,1,-46.54493999,-22.5858089,0,0,0,0
Leucopternis_princeps,Accipitridae,Accipitriformes,0,6,-78.7481497,3.022046871,0,0,0,0
Leucopternis_schistaceus,Accipitridae,Accipitriformes,0,6,-66.24256045,-5.03395006,0,0,0,0
Leucopternis_semiplumbeus,Accipitridae,Accipitriformes,0,1,-79.80545934,8.430901208,0,0,0,0
Leucosarcia_melanoleuca,Columbidae,Columbiformes,0,6,150.0198471,-30.83055187,0,0,0,0
Lewinia_mirifica,Rallidae,Gruiformes,0,3,121.8024068,15.54330537,0,0,0,0
Lewinia_muelleri,Rallidae,Gruiformes,0,3,166.0391357,-50.84982656,0,0,0,0
Lewinia_pectoralis,Rallidae,Gruiformes,0,6,146.0063652,-27.62140573,0,0,0,0
Lewinia_striata,Rallidae,Gruiformes,0,6,NA,NA,0,0,0,0
Limicola_falcinellus,Scolopacidae,Charadriiformes,0,6,65.12312295,68.36014329,0,0,0,0
Limnodromus_griseus,Scolopacidae,Charadriiformes,0,6,-103.3615513,55.57831948,0,0,0,0
Limnodromus_scolopaceus,Scolopacidae,Charadriiformes,0,6,56.12773898,68.42550579,0,0,0,0
Limnodromus_semipalmatus,Scolopacidae,Charadriiformes,0,6,97.09179006,52.53508449,0,0,0,0
Limosa_fedoa,Scolopacidae,Charadriiformes,0,6,-104.7536063,49.97368552,0,0,0,0
Limosa_haemastica,Scolopacidae,Charadriiformes,0,6,-133.2518359,63.21590724,0,0,0,0
Limosa_lapponica,Scolopacidae,Charadriiformes,0,6,69.49048209,69.26510202,0,0,0,0
Limosa_limosa,Scolopacidae,Charadriiformes,0,6,65.08455951,55.94375984,0,0,0,0
Lissotis_hartlaubii,Otididae,Otidiformes,0,2,NA,NA,0,0,0,0
Lissotis_melanogaster,Otididae,Otidiformes,0,6,NA,NA,0,0,0,0
Loddigesia_mirabilis,Trochilidae,Caprimulgiformes,1,3,-77.8647107,-5.860374663,0,0,0,0
Lophaetus_occipitalis,Accipitridae,Accipitriformes,0,6,20.87545136,-0.34882065,0,0,0,0
Lophodytes_cucullatus,Anatidae,Anseriformes,0,6,-92.81073816,44.60653641,0,0,0,0
Lophoictinia_isura,Accipitridae,Accipitriformes,0,6,146.7342572,-29.32682958,0,0,0,0
Lopholaimus_antarcticus,Columbidae,Columbiformes,0,6,150.4822541,-27.76044879,0,0,0,0
Lophonetta_specularioides,Anatidae,Anseriformes,1,6,-69.38974192,-36.72301451,0,0,0,0
Lophophorus_impejanus,Phasianidae,Galliformes,1,1,82.87416846,30.9813204,0,0,0,0
Lophophorus_lhuysii,Phasianidae,Galliformes,1,3,101.2071199,32.07394589,0,0,0,0
Lophophorus_sclateri,Phasianidae,Galliformes,1,1,96.83898954,27.92455615,0,0,0,0
Lophornis_adorabilis,Trochilidae,Caprimulgiformes,1,1,-83.52254564,9.126349251,0,0,0,0
Lophornis_brachylophus,Trochilidae,Caprimulgiformes,1,6,-100.2529342,17.33585557,0,0,0,0
Lophornis_chalybeus,Trochilidae,Caprimulgiformes,1,1,-66.72414498,-5.734177535,0,0,0,0
Lophornis_delattrei,Trochilidae,Caprimulgiformes,1,6,-72.63581609,-8.313927003,0,0,0,0
Lophornis_gouldii,Trochilidae,Caprimulgiformes,1,3,-52.10670025,-8.335593106,0,0,0,0
Lophornis_helenae,Trochilidae,Caprimulgiformes,1,1,-89.09611894,15.52947597,0,0,0,0
Lophornis_magnificus,Trochilidae,Caprimulgiformes,1,6,-47.77620995,-18.5772738,0,0,0,0
Lophornis_ornatus,Trochilidae,Caprimulgiformes,1,6,-58.52391498,4.401014776,0,0,0,0
Lophornis_pavoninus,Trochilidae,Caprimulgiformes,1,1,-63.6534021,5.316447809,0,0,0,0
Lophornis_stictolophus,Trochilidae,Caprimulgiformes,1,1,-76.33191135,-1.203319899,0,0,0,0
Lophornis_verreauxii,Trochilidae,Caprimulgiformes,1,6,NA,NA,0,0,0,0
Lophostrix_cristata,Strigidae,Strigiformes,0,6,-64.46571581,-3.506160731,0,0,0,0
Lophotibis_cristata,Threskiornithidae,Pelecaniformes,1,6,46.67925018,-19.48048741,0,0,0,0
Lophotriorchis_kienerii,Accipitridae,Accipitriformes,0,6,102.6772292,10.26510942,0,0,0,0
Lophura_bulweri,Phasianidae,Galliformes,1,1,114.9055965,1.68406832,0,0,0,0
Lophura_diardi,Phasianidae,Galliformes,1,1,104.056576,16.26272836,1,0,0,1
Lophura_edwardsi,Phasianidae,Galliformes,1,1,107.1487434,16.63771424,0,0,0,0
Lophura_erythrophthalma,Phasianidae,Galliformes,1,6,108.2628241,0.564227692,0,0,0,0
Lophura_ignita,Phasianidae,Galliformes,1,1,108.8433412,1.499166201,0,0,0,0
Lophura_inornata,Phasianidae,Galliformes,1,6,101.7655139,-2.163873019,0,0,0,0
Lophura_leucomelanos,Phasianidae,Galliformes,1,1,NA,NA,0,0,0,0
Lophura_nycthemera,Phasianidae,Galliformes,1,1,103.9828628,19.86986687,0,0,0,0
Lophura_pyronota,Phasianidae,Galliformes,1,6,NA,NA,0,0,0,0
Lophura_rufa,Phasianidae,Galliformes,1,1,108.8433412,1.499166201,0,0,0,0
Lophura_swinhoii,Phasianidae,Galliformes,1,1,121.0909729,23.79209357,0,0,0,0
Loriculus_amabilis,Psittaculidae,Psittaciformes,1,6,127.9948743,0.853163769,0,1,0,1
Loriculus_aurantiifrons,Psittaculidae,Psittaciformes,1,1,140.9459517,-4.915644809,1,1,0,1
Loriculus_beryllinus,Psittaculidae,Psittaciformes,1,6,80.62526364,6.832868737,1,1,0,1
Loriculus_camiguinensis,Psittaculidae,Psittaciformes,1,1,NA,NA,1,1,0,1
Loriculus_catamene,Psittaculidae,Psittaciformes,1,6,125.5379667,3.562463417,0,1,0,1
Loriculus_exilis,Psittaculidae,Psittaciformes,1,6,121.3504647,-1.654037724,1,1,0,1
Loriculus_flosculus,Psittaculidae,Psittaciformes,1,1,121.1277871,-8.614439661,0,1,0,1
Loriculus_galgulus,Psittaculidae,Psittaciformes,1,6,108.1722545,1.047945241,1,1,0,1
Loriculus_philippensis,Psittaculidae,Psittaciformes,1,6,123.1025162,11.87198729,1,1,0,1
Loriculus_pusillus,Psittaculidae,Psittaciformes,1,6,109.6527779,-7.440458841,0,1,0,1
Loriculus_sclateri,Psittaculidae,Psittaciformes,1,1,124.4333021,-1.707395767,0,1,0,1
Loriculus_stigmatus,Psittaculidae,Psittaciformes,1,6,121.2126788,-2.123448756,0,1,0,1
Loriculus_tener,Psittaculidae,Psittaciformes,1,6,150.9671071,-5.094953409,1,1,0,1
Loriculus_vernalis,Psittaculidae,Psittaciformes,1,1,97.06018785,18.96417373,1,1,0,1
Lorius_albidinucha,Psittaculidae,Psittaciformes,1,1,152.6883796,-4.112934113,0,1,0,1
Lorius_chlorocercus,Psittaculidae,Psittaciformes,1,6,160.8347734,-9.751211005,1,1,1,1
Lorius_domicella,Psittaculidae,Psittaciformes,1,1,129.2190024,-3.184173261,1,1,1,1
Lorius_garrulus,Psittaculidae,Psittaciformes,1,6,127.9938559,0.643464044,0,1,0,1
Lorius_hypoinochrous,Psittaculidae,Psittaciformes,1,6,150.6275055,-6.310226526,1,1,1,1
Lorius_lory,Psittaculidae,Psittaciformes,1,6,140.7731322,-5.326457825,1,1,1,1
Lugensa_brevirostris,Procellariidae,Procellariiformes,0,5,-164.2044994,-83.39051342,0,0,0,0
Lurocalis_rufiventris,Caprimulgidae,Caprimulgiformes,0,1,-74.21371437,-1.909463695,0,0,0,0
Lurocalis_semitorquatus,Caprimulgidae,Caprimulgiformes,0,6,-59.36415394,-7.477532449,0,0,0,0
Lybius_bidentatus,Lybiidae,Piciformes,0,6,14.92366264,4.315655957,0,0,0,0
Lybius_chaplini,Lybiidae,Piciformes,0,3,27.20574002,-15.52965613,0,0,0,0
Lybius_dubius,Lybiidae,Piciformes,0,6,1.131665583,10.61961809,0,0,0,0
Lybius_guifsobalito,Lybiidae,Piciformes,0,6,35.46687299,7.850580268,0,0,0,0
Lybius_leucocephalus,Lybiidae,Piciformes,0,6,24.343176,4.769565569,0,0,0,0
Lybius_melanopterus,Lybiidae,Piciformes,0,6,37.78833964,-10.43968318,0,0,0,0
Lybius_minor,Lybiidae,Piciformes,0,6,22.62656669,-8.770736111,0,0,0,0
Lybius_rolleti,Lybiidae,Piciformes,0,6,25.16208188,9.429553191,0,0,0,0
Lybius_rubrifacies,Lybiidae,Piciformes,0,6,30.82066072,-1.721491568,0,0,0,0
Lybius_torquatus,Lybiidae,Piciformes,0,6,28.62790082,-15.06226484,0,0,0,0
Lybius_undatus,Lybiidae,Piciformes,0,1,38.22106161,9.30620157,0,0,0,0
Lybius_vieilloti,Lybiidae,Piciformes,0,6,10.58899727,11.21345755,0,0,0,0
Lymnocryptes_minimus,Scolopacidae,Charadriiformes,1,6,82.81764028,64.32934386,0,0,0,0
Macheiramphus_alcinus,Megapodiidae,Galliformes,0,6,31.89178695,-3.42255365,0,0,0,0
Macrocephalon_maleo,Megapodiidae,Galliformes,0,6,121.1615393,-2.090755935,0,0,0,0
Macrodipteryx_vexillarius,Caprimulgidae,Caprimulgiformes,0,6,27.02076155,-12.75217462,0,0,0,0
Macronectes_giganteus,Procellariidae,Procellariiformes,0,5,-170.9420881,-16.51932353,0,0,0,0
Macronectes_halli,Procellariidae,Procellariiformes,0,5,17.44807473,-85.1690844,0,0,0,0
Macropsalis_forcipata,Caprimulgidae,Caprimulgiformes,0,1,-48.23913098,-24.83568506,0,0,0,0
Macropygia_amboinensis,Columbidae,Columbiformes,1,3,141.6663378,-12.0776713,0,0,0,0
Macropygia_cinnamomea,Columbidae,Columbiformes,0,6,NA,NA,0,0,0,0
Macropygia_doreya,Columbidae,Columbiformes,1,6,NA,NA,0,0,0,0
Macropygia_emiliana,Columbidae,Columbiformes,0,6,111.1230735,-1.689274066,0,0,0,0
Macropygia_macassariensis,Columbidae,Columbiformes,0,1,NA,NA,0,0,0,0
Macropygia_mackinlayi,Columbidae,Columbiformes,0,6,159.7465284,-9.671064722,0,0,0,0
Macropygia_magna,Columbidae,Columbiformes,0,1,125.7334226,-8.845697751,0,0,0,0
Macropygia_modiglianii,Columbidae,Columbiformes,0,6,NA,NA,0,0,0,0
Macropygia_nigrirostris,Columbidae,Columbiformes,0,1,141.5964501,-4.79768909,0,0,0,0
Macropygia_phasianella,Columbidae,Columbiformes,1,6,NA,NA,0,0,0,0
Macropygia_ruficeps,Columbidae,Columbiformes,1,6,107.7062701,5.956476248,0,0,0,0
Macropygia_rufipennis,Columbidae,Columbiformes,0,1,92.9633115,11.21678675,0,0,0,0
Macropygia_tenuirostris,Columbidae,Columbiformes,0,1,122.8552804,11.79522211,0,0,0,0
Macropygia_timorlaoensis,Columbidae,Columbiformes,0,1,NA,NA,0,0,0,0
Macropygia_unchall,Columbidae,Columbiformes,1,6,103.3226005,22.77710312,0,0,0,0
Malacoptila_fulvogularis,Bucconidae,Galbuliformes,0,1,-72.9122215,-7.710363155,0,0,0,0
Malacoptila_fusca,Bucconidae,Galbuliformes,0,1,-64.78894738,-0.065697067,0,0,0,0
Malacoptila_mystacalis,Bucconidae,Galbuliformes,0,3,-74.14017815,6.725565865,0,0,0,0
Malacoptila_panamensis,Bucconidae,Galbuliformes,0,1,-82.00041599,9.560487831,0,0,0,0
Malacoptila_rufa,Bucconidae,Galbuliformes,0,1,-60.18138932,-7.188738468,0,0,0,0
Malacoptila_semicincta,Bucconidae,Galbuliformes,0,1,-68.76091384,-8.92656212,0,0,0,0
Malacoptila_striata,Bucconidae,Galbuliformes,0,1,-46.01289443,-20.6173267,0,0,0,0
Malacorhynchus_membranaceus,Anatidae,Anseriformes,0,4,136.1409744,-31.72374769,0,0,0,0
Margarobyas_lawrencii,Strigidae,Strigiformes,0,6,NA,NA,0,0,0,0
Margaroperdix_madagarensis,Phasianidae,Galliformes,1,3,46.87930052,-19.04553543,1,0,0,1
Marmaronetta_angustirostris,Anatidae,Anseriformes,0,4,47.91680472,37.81221913,0,0,0,0
Mascarinus_mascarin,Psittaculidae,Psittaciformes,0,NA,NA,NA,0,0,0,0
Mearnsia_novaeguineae,Apodidae,Caprimulgiformes,0,6,141.2858604,-5.860068756,0,0,0,0
Mearnsia_picina,Apodidae,Caprimulgiformes,0,6,124.6329468,8.578868396,0,0,0,0
Megaceryle_alcyon,Alcedinidae,Coraciiformes,0,6,-108.4295221,50.32317537,0,0,0,0
Megaceryle_lugubris,Alcedinidae,Coraciiformes,0,6,110.7225871,30.46312344,0,0,0,0
Megaceryle_maxima,Alcedinidae,Coraciiformes,0,6,20.29990909,-4.010434385,0,0,0,0
Megaceryle_torquata,Alcedinidae,Coraciiformes,1,6,-61.56891097,-14.5069347,1,0,0,1
Megacrex_inepta,Rallidae,Gruiformes,0,6,141.1693376,-5.597599258,0,0,0,0
Megadyptes_antipodes,Spheniscidae,Sphenisciformes,0,5,170.5069113,-45.97657995,0,0,0,0
Megapodius_bernsteinii,Megapodiidae,Galliformes,0,6,124.4776549,-1.702939158,0,0,0,0
Megapodius_cumingii,Megapodiidae,Galliformes,0,6,121.9037238,7.09352215,0,0,0,0
Megapodius_decollatus,Megapodiidae,Galliformes,0,6,NA,NA,0,0,0,0
Megapodius_eremita,Megapodiidae,Galliformes,0,1,153.9192131,-6.287308814,0,0,0,0
Megapodius_freycinet,Megapodiidae,Galliformes,0,6,128.6048373,0.267941976,0,0,0,0
Megapodius_geelvinkianus,Megapodiidae,Galliformes,0,6,135.7583918,-0.96512486,0,0,0,0
Megapodius_laperouse,Megapodiidae,Galliformes,0,1,139.703188,11.48026929,0,0,0,0
Megapodius_layardi,Megapodiidae,Galliformes,0,1,167.4598617,-15.74749355,0,0,0,0
Megapodius_nicobariensis,Megapodiidae,Galliformes,0,1,93.67856316,7.362069061,0,0,0,0
Megapodius_pritchardii,Megapodiidae,Galliformes,0,1,-175.3825703,-16.34423261,0,0,0,0
Megapodius_reinwardt,Megapodiidae,Galliformes,0,6,139.4444022,-9.845786325,0,0,0,0
Megapodius_tenimberensis,Megapodiidae,Galliformes,0,1,131.4093747,-7.585756732,0,0,0,0
Megascops_albogularis,Strigidae,Strigiformes,0,3,-75.43551963,-3.007007691,0,0,0,0
Megascops_asio,Strigidae,Strigiformes,0,3,-91.56528577,38.99962934,0,0,0,0
Megascops_atricapilla,Strigidae,Strigiformes,0,1,-49.19755667,-21.90581986,0,0,0,0
Megascops_barbarus,Strigidae,Strigiformes,0,1,NA,NA,0,0,0,0
Megascops_centralis,Strigidae,Strigiformes,0,1,-85.80139421,11.83785643,0,0,0,0
Megascops_choliba,Strigidae,Strigiformes,0,6,-57.6891529,-10.94301824,0,0,0,0
Megascops_clarkii,Strigidae,Strigiformes,0,1,-82.81089278,9.372947203,0,0,0,0
Megascops_cooperi,Strigidae,Strigiformes,0,6,-88.97970232,13.3234236,0,0,0,0
Megascops_gilesi,Strigidae,Strigiformes,0,1,NA,NA,0,0,0,0
Megascops_guatemalae,Strigidae,Strigiformes,0,6,-85.80139421,11.83785643,0,0,0,0
Megascops_hoyi,Strigidae,Strigiformes,0,1,-64.6224988,-22.47161242,0,0,0,0
Megascops_ingens,Strigidae,Strigiformes,0,1,-73.08154791,-8.271984289,0,0,0,0
Megascops_kennicottii,Strigidae,Strigiformes,0,6,-114.9343323,39.91076957,0,0,0,0
Megascops_koepckeae,Strigidae,Strigiformes,0,1,-76.97539041,-10.47908769,0,0,0,0
Megascops_marshalli,Strigidae,Strigiformes,0,1,NA,NA,0,0,0,0
Megascops_petersoni,Strigidae,Strigiformes,0,1,-78.82924813,-4.137234412,0,0,0,0
Megascops_roboratus,Strigidae,Strigiformes,0,3,-80.08345175,-4.555969919,0,0,0,0
Megascops_roraimae,Strigidae,Strigiformes,0,1,-85.80139421,11.83785643,0,0,0,0
Megascops_sanctaecatarinae,Strigidae,Strigiformes,0,6,-53.00808566,-28.70556166,0,0,0,0
Megascops_seductus,Strigidae,Strigiformes,0,6,NA,NA,0,0,0,0
Megascops_trichopsis,Strigidae,Strigiformes,0,3,-101.6791286,22.29211048,0,0,0,0
Megascops_watsonii,Strigidae,Strigiformes,0,6,-63.15013654,-4.685642764,0,0,0,0
Megatriorchis_doriae,Accipitridae,Accipitriformes,0,6,140.9444624,-5.353382326,0,0,0,0
Meiglyptes_jugularis,Picidae,Piciformes,0,1,102.561165,16.60079569,0,0,0,0
Meiglyptes_tristis,Picidae,Piciformes,0,6,108.0810304,1.079705554,0,0,0,0
Meiglyptes_tukki,Picidae,Piciformes,0,6,108.1589572,1.193272589,0,0,0,0
Melanerpes_aurifrons,Picidae,Piciformes,0,6,-97.14315013,23.67299613,0,0,0,0
Melanerpes_cactorum,Picidae,Piciformes,0,3,-62.06356749,-25.99160386,0,0,0,0
Melanerpes_candidus,Picidae,Piciformes,0,6,-54.54023072,-19.87483122,0,0,0,0
Melanerpes_carolinus,Picidae,Piciformes,0,6,-87.80139038,37.06572017,0,0,0,0
Melanerpes_chrysauchen,Picidae,Piciformes,0,3,-83.26709887,8.900602654,0,0,0,0
Melanerpes_chrysogenys,Picidae,Piciformes,0,6,-102.4221565,19.48913885,0,0,0,0
Melanerpes_cruentatus,Picidae,Piciformes,0,1,-62.43572661,-4.441765479,0,0,0,0
Melanerpes_erythrocephalus,Picidae,Piciformes,1,6,-92.87143792,40.33673804,0,0,0,0
Melanerpes_flavifrons,Picidae,Piciformes,1,6,-48.82251069,-22.20992127,0,0,0,0
Melanerpes_formicivorus,Picidae,Piciformes,1,3,-104.4008186,26.17647564,0,0,0,0
Melanerpes_herminieri,Picidae,Piciformes,1,6,-61.57327724,16.23029703,0,0,0,0
Melanerpes_hoffmannii,Picidae,Piciformes,0,6,-85.70179353,11.55313769,0,0,0,0
Melanerpes_hypopolius,Picidae,Piciformes,0,6,-98.00593356,17.53110608,0,0,0,0
Melanerpes_lewis,Picidae,Piciformes,1,3,-113.7933138,42.67287967,0,0,0,0
Melanerpes_portoricensis,Picidae,Piciformes,1,6,-66.45866801,18.22606513,0,0,0,0
Melanerpes_pucherani,Picidae,Piciformes,0,6,-84.23819495,10.91192154,0,0,0,0
Melanerpes_pulcher,Picidae,Piciformes,1,6,-74.15556172,7.034783124,0,0,0,0
Melanerpes_pygmaeus,Picidae,Piciformes,0,1,-88.9106157,19.77819778,0,0,0,0
Melanerpes_radiolatus,Picidae,Piciformes,0,6,-77.31089921,18.15643155,0,0,0,0
Melanerpes_rubricapillus,Picidae,Piciformes,0,6,-69.90708558,8.541033735,0,0,0,0
Melanerpes_striatus,Picidae,Piciformes,0,6,-71.26253354,18.91204693,0,0,0,0
Melanerpes_superciliaris,Picidae,Piciformes,0,6,126.3002704,-7.77746598,0,0,0,0
Melanerpes_uropygialis,Picidae,Piciformes,0,6,-110.7320438,29.15210048,0,0,0,0
Melanitta_americana,Anatidae,Anseriformes,0,6,-31.13415839,65.57936069,0,0,0,0
Melanitta_deglandi,Anatidae,Anseriformes,0,6,102.3370403,63.08462394,0,0,0,0
Melanitta_fusca,Anatidae,Anseriformes,0,6,102.3370403,63.08462394,0,0,0,0
Melanitta_nigra,Anatidae,Anseriformes,0,6,-31.13415839,65.57936069,0,0,0,0
Melanitta_perspicillata,Anatidae,Anseriformes,0,6,-126.0723922,62.13813823,0,0,0,0
Melanitta_stejnegeri,Anatidae,Anseriformes,0,6,NA,NA,0,0,0,0
Melanoperdix_niger,Phasianidae,Galliformes,0,6,108.2290286,0.516041248,0,0,0,0
Meleagris_gallopavo,Phasianidae,Galliformes,0,6,-98.15312125,38.74298907,0,0,0,0
Meleagris_ocellata,Phasianidae,Galliformes,1,6,-89.1364578,19.18537798,1,1,0,1
Melichneutes_robustus,Indicatoridae,Piciformes,0,6,17.01243874,0.407414139,0,0,0,0
Melidora_macrorrhina,Alcedinidae,Coraciiformes,1,6,140.7246486,-5.31652843,1,1,0,1
Melierax_canorus,Accipitridae,Accipitriformes,0,2,21.55163513,-25.56825328,0,0,0,0
Melierax_gabar,Accipitridae,Accipitriformes,0,6,22.6572776,-3.189476204,0,0,0,0
Melierax_metabates,Accipitridae,Accipitriformes,0,6,20.86884106,2.420119887,0,0,0,0
Melierax_poliopterus,Accipitridae,Accipitriformes,0,3,41.03552177,2.894820325,0,0,0,0
Melignomon_eisentrauti,Indicatoridae,Piciformes,0,3,-4.270286255,6.93561074,0,0,0,0
Melignomon_zenkeri,Indicatoridae,Piciformes,0,6,20.6235871,2.211451301,0,0,0,0
Mellisuga_helenae,Trochilidae,Caprimulgiformes,1,6,-79.02358162,21.62062377,0,0,0,0
Mellisuga_minima,Trochilidae,Caprimulgiformes,1,3,-72.04823919,18.81675776,0,0,0,0
Melopsittacus_undulatus,Psittaculidae,Psittaciformes,1,6,133.0143714,-26.17523286,1,1,0,1
Mentocrex_beankaensis,Sarothruridae,Gruiformes,0,1,NA,NA,0,0,0,0
Merganetta_armata,Anatidae,Anseriformes,1,4,-71.85297996,-24.72118284,0,0,0,0
Mergellus_albellus,Anatidae,Anseriformes,0,6,89.98881684,61.82244066,0,0,0,0
Mergus_australis,Anatidae,Anseriformes,0,NA,NA,NA,0,0,0,0
Mergus_merganser,Anatidae,Anseriformes,1,5,42.99285423,57.50961671,0,0,0,0
Mergus_octosetaceus,Anatidae,Anseriformes,1,4,-45.54270563,-14.26804135,0,0,0,0
Mergus_serrator,Anatidae,Anseriformes,1,5,31.013352,62.51594094,0,0,0,0
Mergus_squamatus,Anatidae,Anseriformes,1,6,131.1728887,46.77940702,0,0,0,0
Meropogon_forsteni,Meropidae,Coraciiformes,1,6,121.1058336,-1.465223384,1,1,0,1
Merops_albicollis,Meropidae,Coraciiformes,1,6,14.97432283,15.49951902,1,1,0,1
Merops_americanus,Meropidae,Coraciiformes,1,3,109.8332952,11.01717687,1,1,0,1
Merops_apiaster,Meropidae,Coraciiformes,1,6,44.18353193,40.67028698,1,1,0,1
Merops_boehmi,Meropidae,Coraciiformes,1,6,32.61352238,-10.33520538,1,1,0,1
Merops_breweri,Meropidae,Coraciiformes,1,6,18.23638817,0.698576619,0,1,0,1
Merops_bullockoides,Meropidae,Coraciiformes,1,6,25.88379623,-13.78916691,1,1,0,1
Merops_bulocki,Meropidae,Coraciiformes,1,6,9.029555252,9.971940007,1,1,0,1
Merops_cyanophrys,Meropidae,Coraciiformes,1,6,NA,NA,1,1,0,1
Merops_gularis,Meropidae,Coraciiformes,1,6,15.18711051,1.158861068,1,1,0,1
Merops_hirundineus,Meropidae,Coraciiformes,1,6,21.10482528,-8.161181515,1,1,0,1
Merops_lafresnayii,Meropidae,Coraciiformes,1,3,NA,NA,1,1,1,1
Merops_leschenaulti,Meropidae,Coraciiformes,1,6,96.8969278,16.69956162,1,1,0,1
Merops_malimbicus,Meropidae,Coraciiformes,0,6,13.40944276,0.501535206,0,0,0,0
Merops_mentalis,Meropidae,Coraciiformes,1,6,NA,NA,1,0,1,1
Merops_muelleri,Meropidae,Coraciiformes,1,1,16.1097231,1.634386885,1,0,1,1
Merops_nubicoides,Meropidae,Coraciiformes,1,6,26.40935562,-16.48957514,1,1,0,1
Merops_nubicus,Meropidae,Coraciiformes,1,6,18.47681337,10.73380418,1,1,0,1
Merops_oreobates,Meropidae,Coraciiformes,1,6,32.94814904,-0.676589982,1,1,1,1
Merops_orientalis,Meropidae,Coraciiformes,1,3,52.91216766,18.98333276,1,1,0,1
Merops_ornatus,Meropidae,Coraciiformes,1,6,135.5078157,-25.35750975,1,1,0,1
Merops_persicus,Meropidae,Coraciiformes,1,6,50.47729094,34.29660619,1,1,0,1
Merops_philippinus,Meropidae,Coraciiformes,1,6,100.2041532,18.79007102,1,1,0,1
Merops_pusillus,Meropidae,Coraciiformes,1,6,22.32068952,-1.293052049,1,1,1,1
Merops_revoilii,Meropidae,Coraciiformes,1,6,43.55140484,4.82523966,1,1,0,1
Merops_superciliosus,Meropidae,Coraciiformes,1,6,34.61263772,-8.90572753,0,1,0,1
Merops_variegatus,Meropidae,Coraciiformes,1,2,24.34069823,-0.938215509,1,1,1,1
Merops_viridis,Meropidae,Coraciiformes,1,6,109.8332952,11.01717687,1,1,0,1
Merops_viridissimus,Meropidae,Coraciiformes,1,6,NA,NA,1,1,0,1
Mesembrinibis_cayennensis,Threskiornithidae,Pelecaniformes,1,6,-58.97402676,-8.231351055,0,0,0,0
Mesitornis_unicolor,Mesitornithidae,Mesitornithiformes,0,1,48.71873343,-18.07637656,0,0,0,0
Mesitornis_variegatus,Mesitornithidae,Mesitornithiformes,0,1,46.23868685,-18.08283246,0,0,0,0
Mesophoyx_intermedia,Ardeidae,Pelecaniformes,0,6,66.90029447,0.807209301,0,0,0,0
Metallura_aeneocauda,Trochilidae,Caprimulgiformes,1,1,-69.21982706,-14.92800292,0,0,0,0
Metallura_baroni,Trochilidae,Caprimulgiformes,1,1,-79.15936381,-2.853926571,0,0,0,0
Metallura_eupogon,Trochilidae,Caprimulgiformes,1,3,-74.95472516,-11.5907587,0,0,0,0
Metallura_iracunda,Trochilidae,Caprimulgiformes,1,3,-72.91252899,10.18713378,0,0,0,0
Metallura_odomae,Trochilidae,Caprimulgiformes,1,1,-79.32415406,-4.973247663,0,0,0,0
Metallura_phoebe,Trochilidae,Caprimulgiformes,1,1,-74.92687276,-12.63808869,0,0,0,0
Metallura_theresiae,Trochilidae,Caprimulgiformes,1,1,-77.24360587,-7.658424081,0,0,0,0
Metallura_tyrianthina,Trochilidae,Caprimulgiformes,1,1,-74.28571241,-5.278846277,0,0,0,0
Metallura_williami,Trochilidae,Caprimulgiformes,1,3,-77.61878402,0.035814592,0,0,0,0
Metopidius_indicus,Jacanidae,Charadriiformes,1,6,88.82091215,19.33101205,0,0,0,0
Metriopelia_aymara,Columbidae,Columbiformes,0,6,-68.25409504,-22.33155987,0,0,0,0
Metriopelia_ceciliae,Columbidae,Columbiformes,0,3,-71.98103821,-14.59244304,0,0,0,0
Metriopelia_melanoptera,Columbidae,Columbiformes,0,3,-69.79408436,-27.0744794,0,0,0,0
Metriopelia_morenoi,Columbidae,Columbiformes,0,3,-66.73301203,-26.56692223,0,0,0,0
Micrastur_buckleyi,Falconidae,Falconiformes,0,1,-74.57985546,-5.510327282,0,0,0,0
Micrastur_gilvicollis,Falconidae,Falconiformes,0,1,-65.54663275,-2.12703798,0,0,0,0
Micrastur_mintoni,Falconidae,Falconiformes,0,1,-55.39594814,-7.28938129,0,0,0,0
Micrastur_mirandollei,Falconidae,Falconiformes,0,6,-63.87886159,-2.797848062,0,0,0,0
Micrastur_plumbeus,Falconidae,Falconiformes,0,1,-77.59445842,2.875280969,0,0,0,0
Micrastur_ruficollis,Falconidae,Falconiformes,0,6,-58.80923248,-7.718711395,0,0,0,0
Micrastur_semitorquatus,Falconidae,Falconiformes,0,6,-59.65561823,-7.195215054,0,0,0,0
Micrathene_whitneyi,Strigidae,Strigiformes,0,3,-108.0002954,30.17916137,0,0,0,0
Microchera_albocoronata,Trochilidae,Caprimulgiformes,1,6,-84.03946598,12.41957396,0,0,0,0
Microchera_chionura,Trochilidae,Caprimulgiformes,1,6,NA,NA,0,0,0,0
Microchera_cupreiceps,Trochilidae,Caprimulgiformes,1,1,NA,NA,0,0,0,0
Microdynamis_parva,Cuculidae,Cuculiformes,1,3,140.9872308,-5.372145647,0,0,0,0
Microhierax_caerulescens,Falconidae,Falconiformes,1,6,98.70805913,18.76301472,0,0,0,0
Microhierax_erythrogenys,Falconidae,Falconiformes,1,6,123.1211991,11.96211319,0,0,0,0
Microhierax_fringillarius,Falconidae,Falconiformes,1,6,107.6318702,0.421877639,0,0,0,0
Microhierax_latifrons,Falconidae,Falconiformes,1,3,117.1284285,5.531687429,0,0,0,0
Microhierax_melanoleucos,Falconidae,Falconiformes,1,6,108.5571767,25.78109364,0,0,0,0
Micromonacha_lanceolata,Bucconidae,Galbuliformes,0,6,-72.34583475,-4.805904907,0,0,0,0
Microparra_capensis,Jacanidae,Charadriiformes,0,4,25.55867576,-10.50194163,0,0,0,0
Micropsitta_bruijnii,Psittaculidae,Psittaciformes,1,6,141.9916435,-5.38315638,1,1,0,1
Micropsitta_finschii,Psittaculidae,Psittaciformes,1,6,157.1177233,-7.261889754,1,1,0,1
Micropsitta_geelvinkiana,Psittaculidae,Psittaciformes,1,3,135.7647648,-0.943260988,1,1,0,1
Micropsitta_keiensis,Psittaculidae,Psittaciformes,1,6,138.2104038,-5.708213541,1,1,0,1
Micropsitta_meeki,Psittaculidae,Psittaciformes,1,1,147.4089878,-1.99939637,0,1,0,1
Micropsitta_pusio,Psittaculidae,Psittaciformes,1,6,143.8088723,-4.903460674,1,1,0,1
Micropygia_schomburgkii,Rallidae,Gruiformes,0,2,-52.33509124,-14.91496767,0,0,0,0
Microstilbon_burmeisteri,Trochilidae,Caprimulgiformes,1,1,-64.35931755,-21.82739148,0,0,0,0
Milvago_chimachima,Falconidae,Falconiformes,0,6,-57.9487026,-9.909812253,0,0,0,0
Milvago_chimango,Falconidae,Falconiformes,0,6,-65.11460327,-37.41912209,0,0,0,0
Milvus_migrans,Accipitridae,Accipitriformes,0,6,68.93286336,24.2078611,0,0,0,0
Milvus_milvus,Accipitridae,Accipitriformes,0,6,10.93469356,47.10470794,0,0,0,0
Mimizuku_gurneyi,Strigidae,Strigiformes,0,3,124.8732802,8.189198185,0,0,0,0
Mitu_mitu,Cracidae,Galliformes,1,1,NA,NA,0,0,0,0
Mitu_salvini,Cracidae,Galliformes,0,1,-74.58535951,-1.551570464,0,0,0,0
Mitu_tomentosum,Cracidae,Galliformes,0,6,-66.50475601,2.657357435,0,0,0,0
Mitu_tuberosum,Cracidae,Galliformes,1,6,-62.01259329,-8.41736821,0,0,0,0
Momotus_aequatorialis,Momotidae,Coraciiformes,1,6,NA,NA,1,1,0,1
Momotus_bahamensis,Momotidae,Coraciiformes,1,6,NA,NA,1,1,0,1
Momotus_coeruliceps,Momotidae,Coraciiformes,1,6,NA,NA,1,1,0,1
Momotus_lessonii,Momotidae,Coraciiformes,1,6,NA,NA,1,1,0,1
Momotus_mexicanus,Momotidae,Coraciiformes,1,3,-101.728307,20.02872026,1,1,1,1
Momotus_momota,Momotidae,Coraciiformes,1,1,-64.07202718,-3.234695469,1,1,0,1
Momotus_subrufescens,Momotidae,Coraciiformes,1,1,NA,NA,1,1,0,1
Monasa_atra,Bucconidae,Galbuliformes,1,6,-59.40081698,2.806920589,0,0,0,0
Monasa_flavirostris,Bucconidae,Galbuliformes,1,1,-73.21540195,-5.72006251,0,0,0,0
Monasa_morphoeus,Bucconidae,Galbuliformes,1,6,-64.13907857,-5.89516088,0,0,0,0
Monasa_nigrifrons,Bucconidae,Galbuliformes,1,6,-57.42054766,-9.055834916,0,0,0,0
Monias_benschi,Mesitornithidae,Mesitornithiformes,0,2,43.67012497,-22.42025927,0,0,0,0
Morococcyx_erythropygus,Cuculidae,Cuculiformes,0,3,-95.9869369,16.89762065,0,0,0,0
Morphnus_guianensis,Accipitridae,Accipitriformes,0,6,-60.31161638,-5.458892879,0,0,0,0
Morus_bassanus,Sulidae,Suliformes,0,5,-20.26660275,54.88880623,0,0,0,0
Morus_capensis,Sulidae,Suliformes,0,5,22.27061905,-33.30066854,0,0,0,0
Morus_serrator,Sulidae,Suliformes,0,5,152.6357892,-39.7285752,0,0,0,0
Mulleripicus_fuliginosus,Picidae,Piciformes,0,6,152.6357892,-39.7285752,0,0,0,0
Mulleripicus_fulvus,Picidae,Piciformes,0,3,121.7042143,-1.782660164,0,0,0,0
Mulleripicus_funebris,Picidae,Piciformes,0,6,123.1928266,12.06296839,0,0,0,0
Mulleripicus_pulverulentus,Picidae,Piciformes,0,6,103.5117116,12.92022158,0,0,0,0
Musophaga_gigantea,Musophagidae,Musophagiformes,1,NA,NA,NA,1,0,0,1
Musophaga_rossae,Musophagidae,Musophagiformes,1,6,24.84423188,-6.146282314,0,0,0,0
Musophaga_violacea,Musophagidae,Musophagiformes,1,6,-1.052028103,10.05926798,0,0,0,0
Mycteria_americana,Ciconiidae,Ciconiiformes,0,6,-58.46067796,-9.955785198,0,0,0,0
Mycteria_cinerea,Ciconiidae,Ciconiiformes,0,6,104.1705115,3.208766559,0,0,0,0
Mycteria_ibis,Ciconiidae,Ciconiiformes,0,6,21.40582969,-0.701869542,0,0,0,0
Mycteria_leucocephala,Ciconiidae,Ciconiiformes,0,6,81.99810181,18.60927848,0,0,0,0
Myiopsitta_monachus,Psittacidae,Psittaciformes,1,6,-60.98819955,-30.185305,1,1,0,1
Myrmia_micrura,Trochilidae,Caprimulgiformes,1,3,-80.23487867,-4.722862033,0,0,0,0
Myrtis_fanny,Trochilidae,Caprimulgiformes,1,3,-76.47092763,-10.2404468,0,0,0,0
Nandayus_nenday,Psittacidae,Psittaciformes,1,6,-58.48795292,-22.47800262,1,1,0,1
Nannopsittaca_dachilleae,Psittacidae,Psittaciformes,1,1,-69.75298443,-12.34022483,1,1,0,1
Nannopsittaca_panychlora,Psittacidae,Psittaciformes,1,1,-62.47786503,4.996572706,1,1,0,1
Neafrapus_boehmi,Apodidae,Caprimulgiformes,0,3,32.29992171,-12.00268167,0,0,0,0
Neafrapus_cassini,Apodidae,Caprimulgiformes,0,6,15.31799848,1.73912027,0,0,0,0
Necrosyrtes_monachus,Accipitridae,Accipitriformes,0,3,22.01690616,-1.426737419,0,0,0,0
Neochen_jubata,Anatidae,Anseriformes,1,6,-62.08987283,-5.750394694,0,0,0,0
Neocrex_colombiana,Rallidae,Gruiformes,0,6,-77.18390486,3.906652179,0,0,0,0
Neocrex_erythrops,Rallidae,Gruiformes,0,6,-61.17113935,-10.81357094,0,0,0,0
Neomorphus_geoffroyi,Cuculidae,Cuculiformes,1,1,-59.60866138,-7.568007208,0,0,0,0
Neomorphus_pucheranii,Cuculidae,Cuculiformes,1,1,-69.8535038,-4.075169062,0,0,0,0
Neomorphus_radiolosus,Cuculidae,Cuculiformes,1,1,-78.03763957,1.467059334,0,0,0,0
Neomorphus_rufipennis,Cuculidae,Cuculiformes,1,1,-63.22053762,4.88650997,0,0,0,0
Neomorphus_squamiger,Cuculidae,Cuculiformes,1,1,-53.94804522,-4.740203814,0,0,0,0
Neophema_chrysogaster,Psittaculidae,Psittaciformes,1,6,145.8324602,-42.80808753,1,1,1,1
Neophema_chrysostoma,Psittaculidae,Psittaciformes,1,6,142.8600618,-32.8583833,1,1,0,1
Neophema_elegans,Psittaculidae,Psittaciformes,1,3,127.7844508,-32.10800695,1,1,0,1
Neophema_petrophila,Psittaculidae,Psittaciformes,1,2,126.1086057,-33.44531566,1,1,0,1
Neophema_pulchella,Psittaculidae,Psittaciformes,1,6,148.776573,-32.53032614,1,1,0,1
Neophema_splendida,Psittaculidae,Psittaciformes,1,3,132.7828443,-30.20111202,1,1,0,1
Neophron_percnopterus,Accipitridae,Accipitriformes,0,6,37.31789235,25.25656615,0,0,0,0
Neopsephotus_bourkii,Psittaculidae,Psittaciformes,1,2,129.2306103,-26.96955285,1,0,0,1
Neopsittacus_musschenbroekii,Psittaculidae,Psittaciformes,1,3,142.0954436,-5.424822385,0,1,0,1
Neopsittacus_pullicauda,Psittaculidae,Psittaciformes,1,1,140.9215655,-4.993022423,0,1,0,1
Neotis_denhami,Otididae,Otidiformes,0,3,18.03192053,2.833854199,0,0,0,0
Neotis_heuglinii,Otididae,Otidiformes,0,3,43.59546975,6.25517913,0,0,0,0
Neotis_ludwigii,Otididae,Otidiformes,0,3,19.6029566,-27.32249734,0,0,0,0
Neotis_nuba,Otididae,Otidiformes,0,2,7.742910529,17.46528922,0,0,0,0
Nesasio_solomonensis,Strigidae,Strigiformes,0,1,156.5820887,-6.82815785,0,0,0,0
Nesoctites_micromegas,Picidae,Piciformes,0,6,-71.27860544,18.91220156,0,0,0,0
Nesoenas_mayeri,Columbidae,Columbiformes,0,1,57.45334307,-20.43167955,0,0,0,0
Nesoenas_picturatus,Columbidae,Columbiformes,1,1,46.67220909,-19.44981827,0,0,0,0
Nesofregetta_fuliginosa,Oceanitidae,Procellariiformes,0,5,-156.3635392,-0.97040449,0,0,0,0
Nestor_meridionalis,Strigopidae,Psittaciformes,0,1,172.0201352,-41.88871527,0,0,0,0
Nestor_notabilis,Strigopidae,Psittaciformes,1,3,170.2669778,-43.42295614,1,1,0,1
Nestor_productus,Strigopidae,Psittaciformes,1,NA,NA,NA,0,0,0,0
Netta_erythrophthalma,Anatidae,Anseriformes,0,4,11.78915118,-12.98351895,0,0,0,0
Netta_peposaca,Anatidae,Anseriformes,1,4,-65.23041426,-39.05911003,0,0,0,0
Netta_rufina,Anatidae,Anseriformes,1,4,71.80982762,47.12481289,0,0,0,0
Nettapus_auritus,Anatidae,Anseriformes,0,4,22.11784545,0.127281205,0,0,0,0
Nettapus_coromandelianus,Anatidae,Anseriformes,1,6,100.4637925,16.89386309,0,0,0,0
Nettapus_pulchellus,Anatidae,Anseriformes,1,6,139.405363,-18.07851375,0,0,0,0
Ninox_affinis,Strigidae,Strigiformes,0,1,92.96951416,11.1905423,0,0,0,0
Ninox_albifacies,Strigidae,Strigiformes,0,3,NA,NA,0,0,0,0
Ninox_boobook,Strigidae,Strigiformes,0,6,NA,NA,0,0,0,0
Ninox_burhani,Strigidae,Strigiformes,0,6,121.9733675,-0.387529374,0,0,0,0
Ninox_connivens,Strigidae,Strigiformes,0,6,139.6413683,-23.49997339,0,0,0,0
Ninox_forbesi,Strigidae,Strigiformes,0,1,NA,NA,0,0,0,0
Ninox_fusca,Strigidae,Strigiformes,0,6,NA,NA,0,0,0,0
Ninox_hantu,Strigidae,Strigiformes,0,1,NA,NA,0,0,0,0
Ninox_hypogramma,Strigidae,Strigiformes,0,1,NA,NA,0,0,0,0
Ninox_ios,Strigidae,Strigiformes,0,6,121.6230528,-0.660563456,0,0,0,0
Ninox_jacquinoti,Strigidae,Strigiformes,0,3,158.467185,-8.068178772,0,0,0,0
Ninox_japonica,Strigidae,Strigiformes,0,3,109.8925781,26.16821319,0,0,0,0
Ninox_leucopsis,Strigidae,Strigiformes,0,3,NA,NA,0,0,0,0
Ninox_leventisi,Strigidae,Strigiformes,0,1,NA,NA,0,0,0,0
Ninox_meeki,Strigidae,Strigiformes,0,6,146.9129477,-2.090079839,0,0,0,0
Ninox_mindorensis,Strigidae,Strigiformes,0,1,NA,NA,0,0,0,0
Ninox_natalis,Strigidae,Strigiformes,0,1,105.642605,-10.48825251,0,0,0,0
Ninox_novaeseelandiae,Strigidae,Strigiformes,0,6,136.0784525,-26.61817296,0,0,0,0
Ninox_obscura,Strigidae,Strigiformes,0,6,NA,NA,0,0,0,0
Ninox_ochracea,Strigidae,Strigiformes,0,6,121.5757868,-1.827132544,0,0,0,0
Ninox_odiosa,Strigidae,Strigiformes,0,6,150.5029845,-5.56270956,0,0,0,0
Ninox_philippensis,Strigidae,Strigiformes,0,1,123.0780273,11.86740591,0,0,0,0
Ninox_plesseni,Strigidae,Strigiformes,0,6,NA,NA,0,0,0,0
Ninox_punctulata,Strigidae,Strigiformes,0,6,121.1972994,-2.158886766,0,0,0,0
Ninox_randi,Strigidae,Strigiformes,0,6,109.8925781,26.16821319,0,0,0,0
Ninox_reyi,Strigidae,Strigiformes,0,6,NA,NA,0,0,0,0
Ninox_rotiensis,Strigidae,Strigiformes,0,6,NA,NA,0,0,0,0
Ninox_rudolfi,Strigidae,Strigiformes,0,6,119.953779,-9.762454807,0,0,0,0
Ninox_rufa,Strigidae,Strigiformes,0,6,140.4240955,-6.839148055,0,0,0,0
Ninox_rumseyi,Strigidae,Strigiformes,0,6,NA,NA,0,0,0,0
Ninox_scutulata,Strigidae,Strigiformes,0,6,109.8925781,26.16821319,0,0,0,0
Ninox_spilocephala,Strigidae,Strigiformes,0,1,NA,NA,0,0,0,0
Ninox_spilonotus,Strigidae,Strigiformes,0,1,NA,NA,0,0,0,0
Ninox_squamipila,Strigidae,Strigiformes,0,1,128.484306,-1.864589099,0,0,0,0
Ninox_strenua,Strigidae,Strigiformes,0,6,148.5657854,-32.59332969,0,0,0,0
Ninox_sumbaensis,Strigidae,Strigiformes,0,1,119.7559591,-9.803670451,0,0,0,0
Ninox_superciliaris,Strigidae,Strigiformes,0,3,46.67932164,-19.48026759,0,0,0,0
Ninox_theomacha,Strigidae,Strigiformes,0,3,140.8400571,-4.865518271,0,0,0,0
Ninox_variegata,Strigidae,Strigiformes,0,1,150.87328,-5.11997374,0,0,0,0
Nipponia_nippon,Threskiornithidae,Pelecaniformes,0,6,110.4376157,32.45724089,0,0,0,0
Nisaetus_alboniger,Accipitridae,Accipitriformes,0,1,104.8866995,3.939797295,0,0,0,0
Nisaetus_bartelsi,Accipitridae,Accipitriformes,0,6,110.0204947,-7.437998087,0,0,0,0
Nisaetus_cirrhatus,Accipitridae,Accipitriformes,0,6,94.68452613,12.66993694,0,0,0,0
Nisaetus_floris,Accipitridae,Accipitriformes,0,6,118.8262799,-8.627831338,0,0,0,0
Nisaetus_kelaarti,Accipitridae,Accipitriformes,0,1,105.8979274,27.40601323,0,0,0,0
Nisaetus_lanceolatus,Accipitridae,Accipitriformes,0,1,121.32071,-1.562073402,0,0,0,0
Nisaetus_nanus,Accipitridae,Accipitriformes,0,6,108.2987156,0.5406454,0,0,0,0
Nisaetus_nipalensis,Accipitridae,Accipitriformes,0,1,105.8979274,27.40601323,0,0,0,0
Nisaetus_philippensis,Accipitridae,Accipitriformes,0,1,122.9166919,11.8061524,0,0,0,0
Nisaetus_pinskeri,Accipitridae,Accipitriformes,0,1,NA,NA,0,0,0,0
Nomonyx_dominicus,Anatidae,Anseriformes,0,4,-57.43662234,-11.19874681,0,0,0,0
Nonnula_amaurocephala,Bucconidae,Galbuliformes,0,1,-61.50529785,-2.733489781,0,0,0,0
Nonnula_brunnea,Bucconidae,Galbuliformes,0,1,-76.10003243,-2.102364318,0,0,0,0
Nonnula_frontalis,Bucconidae,Galbuliformes,0,6,-75.64351731,8.54905749,0,0,0,0
Nonnula_rubecula,Bucconidae,Galbuliformes,0,6,-57.80681222,-7.621019619,0,0,0,0
Nonnula_ruficapilla,Bucconidae,Galbuliformes,0,6,-62.11532283,-8.604225275,0,0,0,0
Nonnula_sclateri,Bucconidae,Galbuliformes,0,1,-67.77889322,-8.149824833,0,0,0,0
Northiella_haematogaster,Psittaculidae,Psittaciformes,1,6,141.9163526,-30.71405571,1,1,1,1
Northiella_narethae,Psittaculidae,Psittaciformes,1,6,NA,NA,1,1,1,1
Notharchus_hyperrhynchus,Bucconidae,Galbuliformes,0,6,-67.03725688,-2.909913994,0,0,0,0
Notharchus_macrorhynchos,Bucconidae,Galbuliformes,0,1,-55.93901983,2.867097935,0,0,0,0
Notharchus_ordii,Bucconidae,Galbuliformes,1,1,-65.81156016,0.043600036,0,0,0,0
Notharchus_pectoralis,Bucconidae,Galbuliformes,1,1,-76.14130081,6.621621259,0,0,0,0
Notharchus_swainsoni,Bucconidae,Galbuliformes,1,1,-48.71096081,-22.41865849,0,0,0,0
Notharchus_tectus,Bucconidae,Galbuliformes,0,6,-60.33259796,-2.468275783,0,0,0,0
Nothocercus_bonapartei,Tinamidae,Tinamiformes,0,1,-74.93274538,5.346525907,0,0,0,0
Nothocercus_julius,Tinamidae,Tinamiformes,0,1,-76.51954184,1.546314478,0,0,0,0
Nothocercus_nigrocapillus,Tinamidae,Tinamiformes,0,1,-72.19365838,-12.36096357,0,0,0,0
Nothocrax_urumutum,Cracidae,Galliformes,0,6,-66.64290972,-2.855866331,0,0,0,0
Nothoprocta_cinerascens,Tinamidae,Tinamiformes,0,3,-63.4312853,-29.80974933,0,0,0,0
Nothoprocta_curvirostris,Tinamidae,Tinamiformes,0,3,-78.47591676,-2.284388593,0,0,0,0
Nothoprocta_ornata,Tinamidae,Tinamiformes,0,2,-68.77920263,-19.04104823,0,0,0,0
Nothoprocta_pentlandii,Tinamidae,Tinamiformes,0,6,-69.27873351,-22.41703942,0,0,0,0
Nothoprocta_perdicaria,Tinamidae,Tinamiformes,0,6,-72.16511089,-35.6862066,0,0,0,0
Nothoprocta_taczanowskii,Tinamidae,Tinamiformes,0,3,-72.34975178,-13.78041378,0,0,0,0
Nothura_boraquira,Tinamidae,Tinamiformes,0,3,-45.92744992,-12.58021442,0,0,0,0
Nothura_darwinii,Tinamidae,Tinamiformes,0,2,-65.67155256,-32.23637202,0,0,0,0
Nothura_maculosa,Tinamidae,Tinamiformes,0,6,-55.27841082,-27.21387062,0,0,0,0
Nothura_minor,Tinamidae,Tinamiformes,0,3,-49.21842231,-18.85835474,0,0,0,0
Numenius_americanus,Scolopacidae,Charadriiformes,0,6,-111.5809003,44.71014437,0,0,0,0
Numenius_arquata,Scolopacidae,Charadriiformes,0,6,58.25593341,57.68839325,0,0,0,0
Numenius_borealis,Scolopacidae,Charadriiformes,0,6,-116.7481064,66.06689794,0,0,0,0
Numenius_madagascariensis,Scolopacidae,Charadriiformes,0,6,143.7481309,50.53962775,0,0,0,0
Numenius_minutus,Scolopacidae,Charadriiformes,0,6,134.835028,68.0896512,0,0,0,0
Numenius_phaeopus,Scolopacidae,Charadriiformes,0,6,-10.56107956,64.33305312,0,0,0,0
Numenius_tahitiensis,Scolopacidae,Charadriiformes,0,6,-162.5834276,63.5724536,0,0,0,0
Numenius_tenuirostris,Scolopacidae,Charadriiformes,0,6,NA,NA,0,0,0,0
Numida_meleagris,Numididae,Galliformes,0,6,23.92167859,-4.688965072,0,0,0,0
Nyctanassa_violacea,Ardeidae,Pelecaniformes,0,6,-81.87057223,19.84000521,0,0,0,0
Nyctibius_aethereus,Nyctibiidae,Caprimulgiformes,0,1,-61.91137732,-6.615590249,0,0,0,0
Nyctibius_bracteatus,Nyctibiidae,Caprimulgiformes,0,6,-74.72317748,-3.773328125,0,0,0,0
Nyctibius_grandis,Nyctibiidae,Caprimulgiformes,0,1,-62.22037085,-3.973309494,0,0,0,0
Nyctibius_griseus,Nyctibiidae,Caprimulgiformes,0,6,-58.33237123,-9.719526013,0,0,0,0
Nyctibius_jamaicensis,Nyctibiidae,Caprimulgiformes,0,6,-90.91204696,18.09294091,0,0,0,0
Nyctibius_leucopterus,Nyctibiidae,Caprimulgiformes,0,1,-60.92059614,-1.430712917,0,0,0,0
Nyctibius_maculosus,Nyctibiidae,Caprimulgiformes,0,1,-77.89505185,-0.655793385,0,0,0,0
Nycticorax_caledonicus,Ardeidae,Pelecaniformes,0,6,136.1037434,-20.93424604,0,0,0,0
Nycticorax_nycticorax,Ardeidae,Pelecaniformes,0,6,0.365356653,10.98744879,0,0,0,0
Nyctidromus_albicollis,Caprimulgidae,Caprimulgiformes,0,6,-60.76623147,-6.093079842,0,0,0,0
Nyctiphrynus_mcleodii,Caprimulgidae,Caprimulgiformes,0,1,-105.0184057,23.26881639,0,0,0,0
Nyctiphrynus_ocellatus,Caprimulgidae,Caprimulgiformes,0,1,-56.35497005,-13.06273466,0,0,0,0
Nyctiphrynus_rosenbergi,Caprimulgidae,Caprimulgiformes,0,6,-77.73442147,3.631863469,0,0,0,0
Nyctiphrynus_yucatanicus,Caprimulgidae,Caprimulgiformes,0,1,-89.09754986,19.20784308,0,0,0,0
Nyctiprogne_leucopyga,Caprimulgidae,Caprimulgiformes,0,6,-60.38431816,-5.433336581,0,0,0,0
Nyctiprogne_vielliardi,Caprimulgidae,Caprimulgiformes,0,6,-43.17306996,-12.21812622,0,0,0,0
Nyctyornis_amictus,Meropidae,Coraciiformes,1,6,107.6099775,1.995537022,1,1,1,1
Nyctyornis_athertoni,Meropidae,Coraciiformes,1,6,97.16775186,20.15043549,1,1,0,1
Nymphicus_hollandicus,Cacatuidae,Psittaciformes,0,6,134.7227126,-25.5725044,0,0,0,0
Nystalus_chacuru,Bucconidae,Galbuliformes,0,6,-50.64367446,-16.85055011,0,0,0,0
Nystalus_maculatus,Bucconidae,Galbuliformes,0,6,-50.74229553,-15.90331274,0,0,0,0
Nystalus_obamai,Bucconidae,Galbuliformes,0,6,NA,NA,0,0,0,0
Nystalus_radiatus,Bucconidae,Galbuliformes,0,6,-76.7828287,5.101248811,0,0,0,0
Nystalus_striolatus,Bucconidae,Galbuliformes,0,6,-63.64385798,-9.92116252,0,0,0,0
Oceanites_gracilis,Oceanitidae,Procellariiformes,0,5,-80.54079772,-11.27653915,0,0,0,0
Oceanites_maorianus,Oceanitidae,Procellariiformes,0,6,175.0787318,-36.25246406,0,0,0,0
Oceanites_oceanicus,Oceanitidae,Procellariiformes,0,5,-22.45121286,-54.06805526,0,0,0,0
Oceanites_pincoyae,Oceanitidae,Procellariiformes,0,5,NA,NA,0,0,0,0
Oceanodroma_castro,Hydrobatidae,Procellariiformes,0,5,-94.03403863,10.33538984,0,0,0,0
Oceanodroma_furcata,Hydrobatidae,Procellariiformes,0,5,-151.7721111,52.68713268,0,0,0,0
Oceanodroma_homochroa,Hydrobatidae,Procellariiformes,0,5,-118.709584,32.80692226,0,0,0,0
Oceanodroma_hornbyi,Hydrobatidae,Procellariiformes,0,6,-76.31549725,-13.76534565,0,0,0,0
Oceanodroma_leucorhoa,Hydrobatidae,Procellariiformes,0,5,22.54920808,48.21141087,0,0,0,0
Oceanodroma_markhami,Hydrobatidae,Procellariiformes,0,6,-77.7760173,-12.25716022,0,0,0,0
Oceanodroma_matsudairae,Hydrobatidae,Procellariiformes,0,5,141.3545866,24.98834594,0,0,0,0
Oceanodroma_melania,Hydrobatidae,Procellariiformes,0,5,NA,NA,0,0,0,0
Oceanodroma_monorhis,Hydrobatidae,Procellariiformes,0,6,126.8425357,33.3595412,0,0,0,0
Oceanodroma_monteiroi,Hydrobatidae,Procellariiformes,0,5,-28.25797057,39.39040099,0,0,0,0
Oceanodroma_socorroensis,Hydrobatidae,Procellariiformes,0,5,NA,NA,0,0,0,0
Oceanodroma_tethys,Hydrobatidae,Procellariiformes,0,5,NA,NA,0,0,0,0
Oceanodroma_tristrami,Hydrobatidae,Procellariiformes,0,6,-172.2097229,26.17266133,0,0,0,0
Ocreatus_addae,Trochilidae,Caprimulgiformes,1,1,-74.07356927,-2.774338132,0,0,0,0
Ocreatus_peruanus,Trochilidae,Caprimulgiformes,1,1,NA,NA,0,0,0,0
Ocreatus_underwoodii,Trochilidae,Caprimulgiformes,1,1,-74.07356927,-2.774338132,0,0,0,0
Ocyceros_birostris,Bucerotidae,Bucerotiformes,0,6,79.21428589,21.63569884,0,0,0,0
Ocyceros_gingalensis,Bucerotidae,Bucerotiformes,0,6,80.70867322,7.608414674,0,0,0,0
Ocyceros_griseus,Bucerotidae,Bucerotiformes,0,6,75.27839434,14.66417323,0,0,0,0
Ocyphaps_lophotes,Columbidae,Columbiformes,1,6,134.3347586,-26.32093862,0,0,0,0
Odontophorus_atrifrons,Odontophoridae,Galliformes,0,1,-73.40196813,10.64415174,0,0,0,0
Odontophorus_balliviani,Odontophoridae,Galliformes,0,6,-69.45326531,-14.62162664,0,0,0,0
Odontophorus_capueira,Odontophoridae,Galliformes,0,1,-48.86636544,-23.00938498,0,0,0,0
Odontophorus_columbianus,Odontophoridae,Galliformes,0,1,-67.45859045,10.36670963,0,0,0,0
Odontophorus_dialeucos,Odontophoridae,Galliformes,0,1,-77.26868891,8.106727129,0,0,0,0
Odontophorus_erythrops,Odontophoridae,Galliformes,0,1,-77.48253257,3.756998577,0,0,0,0
Odontophorus_gujanensis,Odontophoridae,Galliformes,0,6,-62.49935392,-3.128484396,0,0,0,0
Odontophorus_guttatus,Odontophoridae,Galliformes,0,1,-90.63454281,16.5479494,0,0,0,0
Odontophorus_hyperythrus,Odontophoridae,Galliformes,0,6,NA,NA,0,0,0,0
Odontophorus_leucolaemus,Odontophoridae,Galliformes,0,1,-83.14469458,9.534169766,0,0,0,0
Odontophorus_melanonotus,Odontophoridae,Galliformes,0,1,-78.55113592,0.434160939,0,0,0,0
Odontophorus_melanotis,Odontophoridae,Galliformes,0,1,-83.89933735,12.52096838,0,0,0,0
Odontophorus_speciosus,Odontophoridae,Galliformes,0,1,-72.70724513,-11.00372276,0,0,0,0
Odontophorus_stellatus,Odontophoridae,Galliformes,0,1,-68.18292478,-8.340999592,0,0,0,0
Odontophorus_strophium,Odontophoridae,Galliformes,0,1,-73.21503482,6.363016111,0,0,0,0
Oena_capensis,Columbidae,Columbiformes,1,6,23.84196229,0.787459929,0,0,0,0
Ognorhynchus_icterotis,Psittacidae,Psittaciformes,1,1,-75.46450782,4.200320651,0,1,0,1
Ophrysia_superciliosa,Phasianidae,Galliformes,0,3,NA,NA,0,0,0,0
Opisthocomus_hoazin,Opisthocomidae,Opisthocomiformes,0,6,-62.0255412,-3.840014392,0,0,0,0
Opisthoprora_euryptera,Trochilidae,Caprimulgiformes,1,1,-77.9139017,-0.939724055,0,0,0,0
Oreonympha_nobilis,Trochilidae,Caprimulgiformes,1,6,-72.94360352,-13.57161017,0,0,0,0
Oreophasis_derbianus,Cracidae,Galliformes,1,1,-91.62283878,15.13150628,0,0,0,0
Oreopholus_ruficollis,Charadriidae,Charadriiformes,0,3,-70.42019205,-29.80569703,0,0,0,0
Oreopsittacus_arfaki,Psittaculidae,Psittaciformes,1,1,140.7097763,-4.852827025,1,1,1,1
Oreortyx_pictus,Odontophoridae,Galliformes,1,3,-120.6269895,40.66529162,1,0,0,1
Oreotrochilus_adela,Trochilidae,Caprimulgiformes,1,3,-65.69306425,-19.07434361,0,0,0,0
Oreotrochilus_chimborazo,Trochilidae,Caprimulgiformes,1,3,-78.46716753,-0.900474546,0,0,0,0
Oreotrochilus_cyanolaemus,Trochilidae,Caprimulgiformes,1,3,NA,NA,0,0,0,0
Oreotrochilus_estella,Trochilidae,Caprimulgiformes,1,3,-69.57734872,-17.74927042,0,0,0,0
Oreotrochilus_leucopleurus,Trochilidae,Caprimulgiformes,1,3,-69.1717216,-33.97003223,0,0,0,0
Oreotrochilus_melanogaster,Trochilidae,Caprimulgiformes,1,3,-75.56540346,-11.88214851,0,0,0,0
Oreotrochilus_stolzmanni,Trochilidae,Caprimulgiformes,1,3,-69.57734872,-17.74927042,0,0,0,0
Ortalis_araucuan,Cracidae,Galliformes,0,6,NA,NA,0,0,0,0
Ortalis_canicollis,Cracidae,Galliformes,0,1,-60.57000653,-23.49284828,0,0,0,0
Ortalis_cinereiceps,Cracidae,Galliformes,0,1,-82.09060864,10.31470968,0,0,0,0
Ortalis_columbiana,Cracidae,Galliformes,0,1,NA,NA,0,0,0,0
Ortalis_erythroptera,Cracidae,Galliformes,0,6,-79.86709033,-3.259693478,0,0,0,0
Ortalis_garrula,Cracidae,Galliformes,0,6,-74.9052036,8.910918927,0,0,0,0
Ortalis_guttata,Cracidae,Galliformes,0,3,-65.32250501,-7.71139923,0,0,0,0
Ortalis_leucogastra,Cracidae,Galliformes,0,6,-89.02649364,13.64198928,0,0,0,0
Ortalis_motmot,Cracidae,Galliformes,0,6,-58.51152662,1.461115637,0,0,0,0
Ortalis_poliocephala,Cracidae,Galliformes,0,6,-100.6954629,18.40728103,0,0,0,0
Ortalis_ruficauda,Cracidae,Galliformes,0,6,-68.3539536,9.151713458,0,0,0,0
Ortalis_ruficeps,Cracidae,Galliformes,0,6,-58.51152662,1.461115637,0,0,0,0
Ortalis_squamata,Cracidae,Galliformes,0,6,NA,NA,0,0,0,0
Ortalis_superciliaris,Cracidae,Galliformes,0,1,-46.33189618,-3.860132739,0,0,0,0
Ortalis_vetula,Cracidae,Galliformes,0,1,-92.88534135,19.29861805,0,0,0,0
Ortalis_wagleri,Cracidae,Galliformes,0,6,-107.1757136,25.27116806,0,0,0,0
Orthopsittaca_manilatus,Psittacidae,Psittaciformes,1,6,-58.77340637,-6.329200029,1,1,0,1
Orthorhyncus_cristatus,Trochilidae,Caprimulgiformes,1,6,-62.01594365,15.70295736,0,0,0,0
Ortyxelos_meiffrenii,Turnicidae,Charadriiformes,0,2,17.37495678,12.01650013,0,0,0,0
Otidiphaps_nobilis,Columbidae,Columbiformes,1,1,140.7082232,-4.884855537,0,0,0,0
Otis_tarda,Otididae,Otidiformes,0,6,65.24760625,49.08882233,0,0,0,0
Otus_alfredi,Strigidae,Strigiformes,0,1,120.48296,-8.632204741,0,0,0,0
Otus_alius,Strigidae,Strigiformes,0,1,93.81062804,7.021034685,0,0,0,0
Otus_angelinae,Strigidae,Strigiformes,0,1,109.7010367,-7.408736109,0,0,0,0
Otus_bakkamoena,Strigidae,Strigiformes,0,6,105.2972079,26.8505277,0,0,0,0
Otus_balli,Strigidae,Strigiformes,0,6,92.78040317,12.28428396,0,0,0,0
Otus_beccarii,Strigidae,Strigiformes,0,1,135.8921141,-0.937328318,0,0,0,0
Otus_brookii,Strigidae,Strigiformes,0,1,99.1308456,1.481477441,0,0,0,0
Otus_brucei,Strigidae,Strigiformes,0,6,60.84888341,36.59994726,0,0,0,0
Otus_capnodes,Strigidae,Strigiformes,0,6,44.45778782,-12.2286456,0,0,0,0
Otus_collari,Strigidae,Strigiformes,0,6,125.5379667,3.562463417,0,0,0,0
Otus_cyprius,Strigidae,Strigiformes,0,6,46.76090186,47.37130081,0,0,0,0
Otus_elegans,Strigidae,Strigiformes,0,1,126.8945117,25.79786125,0,0,0,0
Otus_enganensis,Strigidae,Strigiformes,0,1,102.2565709,-5.395396593,0,0,0,0
Otus_everetti,Strigidae,Strigiformes,0,1,NA,NA,0,0,0,0
Otus_fuliginosus,Strigidae,Strigiformes,0,6,118.6392963,9.860198999,0,0,0,0
Otus_hartlaubi,Strigidae,Strigiformes,0,6,6.569149298,0.213834863,0,0,0,0
Otus_icterorhynchus,Strigidae,Strigiformes,0,3,13.81788226,1.678640783,0,0,0,0
Otus_insularis,Strigidae,Strigiformes,0,6,55.44412315,-4.655805539,0,0,0,0
Otus_ireneae,Strigidae,Strigiformes,0,1,39.18854315,-4.269189598,0,0,0,0
Otus_jolandae,Strigidae,Strigiformes,0,6,NA,NA,0,0,0,0
Otus_lempiji,Strigidae,Strigiformes,0,6,NA,NA,0,0,0,0
Otus_lettia,Strigidae,Strigiformes,0,6,NA,NA,0,0,0,0
Otus_leucotis,Strigidae,Strigiformes,0,6,22.22949501,-2.267474984,0,0,0,0
Otus_longicornis,Strigidae,Strigiformes,0,1,121.2988713,16.60233729,0,0,0,0
Otus_magicus,Strigidae,Strigiformes,0,6,124.7054265,-5.700363863,0,0,0,0
Otus_manadensis,Strigidae,Strigiformes,0,6,121.3055617,-2.157960927,0,0,0,0
Otus_mantananensis,Strigidae,Strigiformes,0,6,121.4677177,11.72315751,0,0,0,0
Otus_mayottensis,Strigidae,Strigiformes,0,1,45.14015363,-12.82221996,0,0,0,0
Otus_megalotis,Strigidae,Strigiformes,0,1,123.1953383,11.89344797,0,0,0,0
Otus_mendeni,Strigidae,Strigiformes,0,1,99.33466805,-1.863296736,0,0,0,0
Otus_mentawi,Strigidae,Strigiformes,0,6,99.33466805,-1.863296736,0,0,0,0
Otus_mindorensis,Strigidae,Strigiformes,0,1,121.0367124,13.10974439,0,0,0,0
Otus_mirus,Strigidae,Strigiformes,0,1,125.2424483,8.09218954,0,0,0,0
Otus_moheliensis,Strigidae,Strigiformes,0,1,43.71255596,-12.3169827,0,0,0,0
Otus_nigrorum,Strigidae,Strigiformes,0,1,NA,NA,0,0,0,0
Otus_pamelae,Strigidae,Strigiformes,0,3,NA,NA,0,0,0,0
Otus_pauliani,Strigidae,Strigiformes,0,1,43.35396596,-11.74600797,0,0,0,0
Otus_pembaensis,Strigidae,Strigiformes,0,6,39.75858092,-5.170050425,0,0,0,0
Otus_podarginus,Strigidae,Strigiformes,0,6,134.5417348,7.453733007,0,0,0,0
Otus_rufescens,Strigidae,Strigiformes,0,6,109.1437668,0.521943909,0,0,0,0
Otus_rutilus,Strigidae,Strigiformes,0,3,46.67924963,-19.48048806,0,0,0,0
Otus_sagittatus,Strigidae,Strigiformes,0,6,99.95231199,9.467193019,0,0,0,0
Otus_scops,Strigidae,Strigiformes,0,6,46.76090186,47.37130081,0,0,0,0
Otus_semitorques,Strigidae,Strigiformes,0,3,NA,NA,0,0,0,0
Otus_senegalensis,Strigidae,Strigiformes,0,6,22.00747043,-0.523449372,0,0,0,0
Otus_siaoensis,Strigidae,Strigiformes,0,1,125.3949378,2.743855482,0,0,0,0
Otus_silvicola,Strigidae,Strigiformes,0,1,119.4821422,-8.61904971,0,0,0,0
Otus_socotranus,Strigidae,Strigiformes,0,3,NA,NA,0,0,0,0
Otus_spilocephalus,Strigidae,Strigiformes,0,3,102.1458776,20.59715838,0,0,0,0
Otus_sulaensis,Strigidae,Strigiformes,0,6,124.7054265,-5.700363863,0,0,0,0
Otus_sunia,Strigidae,Strigiformes,0,6,110.8808427,31.02367361,0,0,0,0
Otus_tempestatis,Strigidae,Strigiformes,0,6,124.7054265,-5.700363863,0,0,0,0
Otus_thilohoffmanni,Strigidae,Strigiformes,0,1,80.40563159,6.483148811,0,0,0,0
Otus_umbra,Strigidae,Strigiformes,0,6,96.07501975,2.633322543,0,0,0,0
Oxypogon_cyanolaemus,Trochilidae,Caprimulgiformes,1,2,NA,NA,0,0,0,0
Oxypogon_guerinii,Trochilidae,Caprimulgiformes,1,3,-73.23240341,6.738893807,0,0,0,0
Oxypogon_lindenii,Trochilidae,Caprimulgiformes,1,3,NA,NA,0,0,0,0
Oxypogon_stuebelii,Trochilidae,Caprimulgiformes,1,2,NA,NA,0,0,0,0
Oxyura_australis,Anatidae,Anseriformes,0,6,143.5547427,-33.92738637,0,0,0,0
Oxyura_ferruginea,Anatidae,Anseriformes,0,4,-98.24942904,25.4678567,0,0,0,0
Oxyura_jamaicensis,Anatidae,Anseriformes,0,6,-98.24942904,25.4678567,0,0,0,0
Oxyura_leucocephala,Anatidae,Anseriformes,0,6,64.21356973,48.6638784,0,0,0,0
Oxyura_maccoa,Anatidae,Anseriformes,0,4,24.58407208,-23.9116379,0,0,0,0
Oxyura_vittata,Anatidae,Anseriformes,0,4,-65.85342646,-39.05907294,0,0,0,0
Pachycoccyx_audeberti,Cuculidae,Cuculiformes,0,6,27.1821384,-10.30413108,0,0,0,0
Pachyptila_belcheri,Procellariidae,Procellariiformes,0,5,20.18696387,-46.85270239,0,0,0,0
Pachyptila_crassirostris,Procellariidae,Procellariiformes,0,5,152.2636623,-49.60493708,0,0,0,0
Pachyptila_desolata,Procellariidae,Procellariiformes,0,6,15.60316809,-52.62634176,0,0,0,0
Pachyptila_macgillivrayi,Procellariidae,Procellariiformes,0,5,NA,NA,0,0,0,0
Pachyptila_salvini,Procellariidae,Procellariiformes,0,6,104.1282583,-47.11461968,0,0,0,0
Pachyptila_turtur,Procellariidae,Procellariiformes,0,6,135.9047604,-44.8375843,0,0,0,0
Pachyptila_vittata,Procellariidae,Procellariiformes,0,5,81.5986897,-41.78107848,0,0,0,0
Pagodroma_nivea,Procellariidae,Procellariiformes,0,5,-29.39762431,-64.96299489,0,0,0,0
Pagophila_eburnea,Laridae,Charadriiformes,0,6,-62.09794571,77.42927179,0,0,0,0
Pandion_haliaetus,Pandionidae,Accipitriformes,0,6,26.35336918,49.38919356,0,0,0,0
Panterpe_insignis,Trochilidae,Caprimulgiformes,1,3,-83.55383038,9.579895435,0,0,0,0
Panyptila_cayennensis,Apodidae,Caprimulgiformes,0,6,-63.48169543,-2.845175586,0,0,0,0
Panyptila_sanctihieronymi,Apodidae,Caprimulgiformes,0,1,-96.97004802,17.25806544,0,0,0,0
Papasula_abbotti,Sulidae,Suliformes,0,6,105.6154491,-10.48658925,0,0,0,0
Parabuteo_unicinctus,Accipitridae,Accipitriformes,0,6,-67.47957216,-7.016665548,0,0,0,0
Pardirallus_maculatus,Rallidae,Gruiformes,0,6,-65.81300082,-12.50685176,0,0,0,0
Pardirallus_nigricans,Rallidae,Gruiformes,0,6,-52.72963538,-17.96827137,0,0,0,0
Pardirallus_sanguinolentus,Rallidae,Gruiformes,0,6,-64.49175361,-34.36196651,0,0,0,0
Patagioenas_araucana,Columbidae,Columbiformes,0,6,-72.26681906,-39.95536406,0,0,0,0
Patagioenas_caribaea,Columbidae,Columbiformes,1,1,-77.21509251,18.18808087,0,0,0,0
Patagioenas_cayennensis,Columbidae,Columbiformes,0,6,-58.93553463,-8.018107049,0,0,0,0
Patagioenas_corensis,Columbidae,Columbiformes,0,6,-69.53376917,10.6029784,0,0,0,0
Patagioenas_fasciata,Columbidae,Columbiformes,0,6,-100.8732943,24.03314881,0,0,0,0
Patagioenas_flavirostris,Columbidae,Columbiformes,0,1,-95.3610792,19.37305138,0,0,0,0
Patagioenas_goodsoni,Columbidae,Columbiformes,0,1,-77.97750213,2.974207746,0,0,0,0
Patagioenas_inornata,Columbidae,Columbiformes,0,6,-73.38749926,19.07066029,0,0,0,0
Patagioenas_leucocephala,Columbidae,Columbiformes,1,6,-76.36880257,20.42661923,0,0,0,0
Patagioenas_maculosa,Columbidae,Columbiformes,0,6,-63.26009078,-29.04135243,0,0,0,0
Patagioenas_nigrirostris,Columbidae,Columbiformes,0,1,-87.37815267,14.4017258,0,0,0,0
Patagioenas_oenops,Columbidae,Columbiformes,0,1,-78.27856731,-6.093059269,0,0,0,0
Patagioenas_picazuro,Columbidae,Columbiformes,0,6,-53.1700345,-21.73005846,0,0,0,0
Patagioenas_plumbea,Columbidae,Columbiformes,0,1,-61.30500743,-7.22374391,0,0,0,0
Patagioenas_speciosa,Columbidae,Columbiformes,0,3,-62.90973139,-4.175656482,0,0,0,0
Patagioenas_squamosa,Columbidae,Columbiformes,0,1,-75.02209961,20.24666763,0,0,0,0
Patagioenas_subvinacea,Columbidae,Columbiformes,0,1,-64.40103464,-2.596714058,0,0,0,0
Patagona_gigas,Trochilidae,Caprimulgiformes,1,3,-69.89700408,-21.93898092,0,0,0,0
Pauxi_koepckeae,Cracidae,Galliformes,1,1,-68.7331485,-14.33104285,0,0,0,0
Pauxi_pauxi,Cracidae,Galliformes,1,1,-70.15264191,9.092859739,0,0,0,0
Pauxi_unicornis,Cracidae,Galliformes,1,6,-68.7331485,-14.33104285,0,0,0,0
Pavo_cristatus,Phasianidae,Galliformes,1,6,79.27429337,21.91161178,0,0,0,0
Pavo_muticus,Phasianidae,Galliformes,1,6,101.0816552,16.25818119,0,0,0,0
Pedionomus_torquatus,Pedionomidae,Charadriiformes,0,3,142.7706027,-29.41226993,0,0,0,0
Pelagodroma_marina,Oceanitidae,Procellariiformes,0,5,142.1163535,-32.79982341,0,0,0,0
Pelargopsis_amauroptera,Alcedinidae,Coraciiformes,1,6,93.12835777,18.73105758,1,1,0,1
Pelargopsis_capensis,Alcedinidae,Coraciiformes,1,6,95.8329729,11.26671614,1,1,0,1
Pelargopsis_melanorhyncha,Alcedinidae,Coraciiformes,1,6,121.3266919,-2.149164258,1,1,0,1
Pelecanoides_garnotii,Procellariidae,Procellariiformes,0,5,-75.15181816,-17.49369655,0,0,0,0
Pelecanoides_georgicus,Procellariidae,Procellariiformes,0,5,33.67771112,-50.94875185,0,0,0,0
Pelecanoides_magellani,Procellariidae,Procellariiformes,0,5,-71.17630948,-51.95496005,0,0,0,0
Pelecanoides_urinatrix,Procellariidae,Procellariiformes,0,5,65.07852165,-46.80134758,0,0,0,0
Pelecanus_conspicillatus,Pelecanidae,Pelecaniformes,0,6,137.4939342,-26.19574315,0,0,0,0
Pelecanus_crispus,Pelecanidae,Pelecaniformes,0,6,73.02957744,49.37565458,0,0,0,0
Pelecanus_erythrorhynchos,Pelecanidae,Pelecaniformes,0,6,-107.0252495,49.80551224,0,0,0,0
Pelecanus_occidentalis,Pelecanidae,Pelecaniformes,0,6,-84.6739633,17.47275593,0,0,0,0
Pelecanus_onocrotalus,Pelecanidae,Pelecaniformes,0,6,37.22971667,24.57563522,0,0,0,0
Pelecanus_philippensis,Pelecanidae,Pelecaniformes,0,6,84.62417138,18.53512976,0,0,0,0
Pelecanus_rufescens,Pelecanidae,Pelecaniformes,0,6,26.3043436,0.253856857,0,0,0,0
Pelecanus_thagus,Pelecanidae,Pelecaniformes,0,5,-76.49610382,-12.70599585,0,0,0,0
Penelope_albipennis,Cracidae,Galliformes,1,1,-79.62399149,-6.073331613,0,0,0,0
Penelope_argyrotis,Cracidae,Galliformes,0,6,-70.83183945,8.940448369,0,0,0,0
Penelope_barbata,Cracidae,Galliformes,0,1,-79.2232363,-5.383989961,0,0,0,0
Penelope_bridgesi,Cracidae,Galliformes,0,1,NA,NA,0,0,0,0
Penelope_dabbenei,Cracidae,Galliformes,0,1,-64.35251165,-21.06467602,0,0,0,0
Penelope_jacquacu,Cracidae,Galliformes,0,1,-66.34684746,-4.52620499,0,0,0,0
Penelope_jacucaca,Cracidae,Galliformes,0,6,-40.41320903,-9.57757487,0,0,0,0
Penelope_marail,Cracidae,Galliformes,0,6,-57.26993462,2.623408698,0,0,0,0
Penelope_montagnii,Cracidae,Galliformes,0,3,-73.4899125,-3.207294385,0,0,0,0
Penelope_obscura,Cracidae,Galliformes,0,6,-53.33101161,-27.32393119,0,0,0,0
Penelope_ochrogaster,Cracidae,Galliformes,0,6,-50.76642777,-13.80802393,0,0,0,0
Penelope_ortoni,Cracidae,Galliformes,0,1,-77.71746095,2.702598709,0,0,0,0
Penelope_perspicax,Cracidae,Galliformes,0,1,-75.97598038,3.922315549,0,0,0,0
Penelope_pileata,Cracidae,Galliformes,0,6,-54.52706362,-5.274069446,0,0,0,0
Penelope_purpurascens,Cracidae,Galliformes,1,1,-85.84508557,13.39770826,0,0,0,0
Penelope_superciliaris,Cracidae,Galliformes,0,6,-48.63148458,-14.0082298,0,0,0,0
Penelopides_affinis,Bucerotidae,Bucerotiformes,1,1,124.8053389,7.684782691,0,0,0,0
Penelopides_exarhatus,Bucerotidae,Bucerotiformes,1,3,121.1308141,-1.894102872,0,0,0,0
Penelopides_manillae,Bucerotidae,Bucerotiformes,1,3,121.4701981,15.91483805,0,0,0,0
Penelopides_mindorensis,Bucerotidae,Bucerotiformes,1,1,121.1399975,13.12240685,0,0,0,0
Penelopides_panini,Bucerotidae,Bucerotiformes,1,1,122.8543386,10.76434744,0,0,0,0
Penelopides_samarensis,Bucerotidae,Bucerotiformes,1,1,124.8410798,11.27033667,0,0,0,0
Penelopina_nigra,Cracidae,Galliformes,1,6,-90.19616137,15.23759536,0,0,0,0
Perdicula_argoondah,Phasianidae,Galliformes,0,2,75.96623721,21.64950738,0,0,0,0
Perdicula_asiatica,Phasianidae,Galliformes,0,2,77.59181772,19.52344359,0,0,0,0
Perdicula_erythrorhyncha,Phasianidae,Galliformes,0,6,79.66201248,18.27694072,0,0,0,0
Perdicula_manipurensis,Phasianidae,Galliformes,0,6,93.60263439,24.9666378,0,0,0,0
Perdix_dauurica,Phasianidae,Galliformes,0,3,103.0695339,48.24265082,0,0,0,0
Perdix_hodgsoniae,Phasianidae,Galliformes,0,3,93.32355524,31.87408784,0,0,0,0
Perdix_perdix,Phasianidae,Galliformes,0,6,41.83305654,53.18940659,0,0,0,0
Pernis_apivorus,Accipitridae,Accipitriformes,0,6,38.71873733,55.37852923,0,0,0,0
Pernis_celebensis,Accipitridae,Accipitriformes,0,6,122.3078447,6.634208677,0,0,0,0
Pernis_ptilorhynchus,Accipitridae,Accipitriformes,0,6,102.6512646,29.63662578,0,0,0,0
Pernis_steerei,Accipitridae,Accipitriformes,0,1,NA,NA,0,0,0,0
Petrophassa_albipennis,Columbidae,Columbiformes,0,6,127.4184481,-16.01955115,0,0,0,0
Petrophassa_rufipennis,Columbidae,Columbiformes,1,3,133.4755645,-12.72354742,0,0,0,0
Pezophaps_solitaria,Columbidae,Columbiformes,0,NA,NA,NA,0,0,0,0
Pezoporus_occidentalis,Psittaculidae,Psittaciformes,1,2,131.5515643,-23.34177999,0,1,0,1
Pezoporus_wallicus,Psittaculidae,Psittaciformes,1,6,142.5078418,-36.15666827,0,1,0,1
Phaenicophaeus_chlorophaeus,Cuculidae,Cuculiformes,0,6,108.0478291,1.368833422,0,0,0,0
Phaenicophaeus_cumingi,Cuculidae,Cuculiformes,1,6,121.8476069,15.68199713,0,0,0,0
Phaenicophaeus_curvirostris,Cuculidae,Cuculiformes,1,6,108.2737373,0.701626087,0,0,0,0
Phaenicophaeus_diardi,Cuculidae,Cuculiformes,1,6,108.2266797,1.215186443,0,0,0,0
Phaenicophaeus_javanicus,Cuculidae,Cuculiformes,1,6,108.2196058,0.692348513,0,0,0,0
Phaenicophaeus_leschenaultii,Cuculidae,Cuculiformes,0,3,78.27288514,21.57446914,0,0,0,0
Phaenicophaeus_pyrrhocephalus,Cuculidae,Cuculiformes,1,6,80.79362313,6.979784998,0,0,0,0
Phaenicophaeus_sumatranus,Cuculidae,Cuculiformes,1,6,108.1834275,1.173096565,0,0,0,0
Phaenicophaeus_superciliosus,Cuculidae,Cuculiformes,1,3,122.0466987,15.48771829,0,0,0,0
Phaenicophaeus_tristis,Cuculidae,Cuculiformes,1,6,98.2702412,18.87945718,0,0,0,0
Phaenicophaeus_viridirostris,Cuculidae,Cuculiformes,1,3,78.74048848,14.77119625,0,0,0,0
Phaeochroa_cuvierii,Trochilidae,Caprimulgiformes,1,6,-83.5656548,12.5471944,0,0,0,0
Phaethon_aethereus,Phaethontidae,Phaethontiformes,0,5,23.25795928,14.82160253,0,0,0,0
Phaethon_lepturus,Phaethontidae,Phaethontiformes,0,5,93.1538875,-9.307083314,0,0,0,0
Phaethon_rubricauda,Phaethontidae,Phaethontiformes,0,5,NA,NA,0,0,0,0
Phaethornis_aethopygus,Trochilidae,Caprimulgiformes,1,1,NA,NA,0,0,0,0
Phaethornis_anthophilus,Trochilidae,Caprimulgiformes,1,6,-72.22734815,8.598963954,0,0,0,0
Phaethornis_atrimentalis,Trochilidae,Caprimulgiformes,1,6,-74.54159913,-2.179177575,0,0,0,0
Phaethornis_augusti,Trochilidae,Caprimulgiformes,1,6,-65.98631734,7.401078115,0,0,0,0
Phaethornis_bourcieri,Trochilidae,Caprimulgiformes,1,6,-64.08712174,0.635215303,0,0,0,0
Phaethornis_eurynome,Trochilidae,Caprimulgiformes,1,3,-49.4054776,-23.93553039,0,0,0,0
Phaethornis_griseogularis,Trochilidae,Caprimulgiformes,1,1,-74.90347343,0.127998694,0,0,0,0
Phaethornis_guy,Trochilidae,Caprimulgiformes,1,1,-75.28707451,-2.319160534,0,0,0,0
Phaethornis_hispidus,Trochilidae,Caprimulgiformes,1,6,-67.3149868,-5.539018432,0,0,0,0
Phaethornis_idaliae,Trochilidae,Caprimulgiformes,1,6,-41.25461927,-19.79027168,0,0,0,0
Phaethornis_koepckeae,Trochilidae,Caprimulgiformes,1,1,-74.35785835,-10.16741402,0,0,0,0
Phaethornis_longirostris,Trochilidae,Caprimulgiformes,1,1,-84.40700091,12.70218074,0,0,0,0
Phaethornis_longuemareus,Trochilidae,Caprimulgiformes,1,1,-57.61788802,6.309935894,0,0,0,0
Phaethornis_malaris,Trochilidae,Caprimulgiformes,1,1,-66.93452965,-4.705396802,0,0,0,0
Phaethornis_mexicanus,Trochilidae,Caprimulgiformes,1,1,NA,NA,0,0,0,0
Phaethornis_nattereri,Trochilidae,Caprimulgiformes,1,1,-50.88295892,-10.20433268,0,0,0,0
Phaethornis_philippii,Trochilidae,Caprimulgiformes,1,6,-66.30227292,-7.482623016,0,0,0,0
Phaethornis_pretrei,Trochilidae,Caprimulgiformes,1,3,-50.62179607,-16.79240595,0,0,0,0
Phaethornis_ruber,Trochilidae,Caprimulgiformes,1,3,-56.30197729,-7.336056615,0,0,0,0
Phaethornis_rupurumii,Trochilidae,Caprimulgiformes,1,1,-61.99509191,3.196407495,0,0,0,0
Phaethornis_squalidus,Trochilidae,Caprimulgiformes,1,1,-44.1502471,-21.95616048,0,0,0,0
Phaethornis_striigularis,Trochilidae,Caprimulgiformes,1,3,-82.40903011,10.74973882,0,0,0,0
Phaethornis_stuarti,Trochilidae,Caprimulgiformes,1,1,-69.99773975,-13.917021,0,0,0,0
Phaethornis_subochraceus,Trochilidae,Caprimulgiformes,1,3,-61.93417269,-16.56890595,0,0,0,0
Phaethornis_superciliosus,Trochilidae,Caprimulgiformes,1,1,-57.00652543,0.345784588,0,0,0,0
Phaethornis_syrmatophorus,Trochilidae,Caprimulgiformes,1,6,-76.98642736,0.972725496,0,0,0,0
Phaethornis_yaruqui,Trochilidae,Caprimulgiformes,1,6,-78.00158668,2.903348526,0,0,0,0
Phaetusa_simplex,Laridae,Charadriiformes,0,6,-57.24242067,-11.35222432,0,0,0,0
Phalacrocorax_africanus,Phalacrocoracidae,Suliformes,1,6,22.31278105,-4.185372277,0,0,0,0
Phalacrocorax_aristotelis,Phalacrocoracidae,Suliformes,1,5,12.26441924,53.19189533,0,0,0,0
Phalacrocorax_atriceps,Phalacrocoracidae,Suliformes,1,5,-68.71066509,-52.24150779,0,0,0,0
Phalacrocorax_auritus,Phalacrocoracidae,Suliformes,1,6,-105.2814137,47.69682838,0,0,0,0
Phalacrocorax_bougainvillii,Phalacrocoracidae,Suliformes,1,5,-72.34689281,-25.95547031,0,0,0,0
Phalacrocorax_brasilianus,Phalacrocoracidae,Suliformes,1,6,-64.14810559,-13.90255341,0,0,0,0
Phalacrocorax_campbelli,Phalacrocoracidae,Suliformes,1,5,169.1515986,-52.53935372,0,0,0,0
Phalacrocorax_capensis,Phalacrocoracidae,Suliformes,1,5,20.3178946,-26.30664229,0,0,0,0
Phalacrocorax_capillatus,Phalacrocoracidae,Suliformes,1,5,124.8018331,39.38263951,0,0,0,0
Phalacrocorax_carbo,Phalacrocoracidae,Suliformes,1,6,76.75826283,8.321524989,0,0,0,0
Phalacrocorax_carunculatus,Phalacrocoracidae,Suliformes,1,5,174.1512047,-40.9516861,0,0,0,0
Phalacrocorax_chalconotus,Phalacrocoracidae,Suliformes,1,5,170.5500675,-45.87670731,0,0,0,0
Phalacrocorax_colensoi,Phalacrocoracidae,Suliformes,1,5,166.099158,-50.73285611,0,0,0,0
Phalacrocorax_coronatus,Phalacrocoracidae,Suliformes,1,5,16.41088567,-28.41872583,0,0,0,0
Phalacrocorax_featherstoni,Phalacrocoracidae,Suliformes,1,5,-176.4010112,-43.97569649,0,0,0,0
Phalacrocorax_fuscescens,Phalacrocoracidae,Suliformes,1,5,141.442609,-37.45275076,0,0,0,0
Phalacrocorax_fuscicollis,Phalacrocoracidae,Suliformes,1,6,81.97506777,19.84104921,0,0,0,0
Phalacrocorax_harrisi,Phalacrocoracidae,Suliformes,1,5,-91.49784481,-0.375876343,0,0,0,0
Phalacrocorax_magellanicus,Phalacrocoracidae,Suliformes,1,5,-68.98510257,-52.4820296,0,0,0,0
Phalacrocorax_melanoleucos,Phalacrocoracidae,Suliformes,1,6,146.94132,-33.33892861,0,0,0,0
Phalacrocorax_neglectus,Phalacrocoracidae,Suliformes,1,5,16.61699614,-28.97323063,0,0,0,0
Phalacrocorax_niger,Phalacrocoracidae,Suliformes,1,6,87.78985868,20.48870522,0,0,0,0
Phalacrocorax_nigrogularis,Phalacrocoracidae,Suliformes,1,5,52.64495734,24.61672975,0,0,0,0
Phalacrocorax_pelagicus,Phalacrocoracidae,Suliformes,1,5,24.54043817,56.63415619,0,0,0,0
Phalacrocorax_perspicillatus,Phalacrocoracidae,Suliformes,1,NA,-122.4511734,41.69684606,0,0,0,0
Phalacrocorax_punctatus,Phalacrocoracidae,Suliformes,1,5,173.091813,-42.9266619,0,0,0,0
Phalacrocorax_pygmaeus,Phalacrocoracidae,Suliformes,1,4,49.60133565,42.08807466,0,0,0,0
Phalacrocorax_ranfurlyi,Phalacrocoracidae,Suliformes,1,5,179.0759357,-47.70840193,0,0,0,0
Phalacrocorax_sulcirostris,Phalacrocoracidae,Suliformes,1,6,139.6883432,-20.96040572,0,0,0,0
Phalacrocorax_urile,Phalacrocoracidae,Suliformes,1,5,-155.7034615,55.13796789,0,0,0,0
Phalacrocorax_varius,Phalacrocoracidae,Suliformes,1,6,140.8011486,-26.97145695,0,0,0,0
Phalaenoptilus_nuttallii,Caprimulgidae,Caprimulgiformes,0,3,-109.2135916,37.39701452,0,0,0,0
Phalaropus_fulicarius,Scolopacidae,Charadriiformes,0,5,11.74875263,70.18761038,0,0,0,0
Phalaropus_lobatus,Scolopacidae,Charadriiformes,0,6,-26.32780199,66.3344443,0,0,0,0
Phalcoboenus_albogularis,Falconidae,Falconiformes,0,1,-72.11252045,-49.049087,0,0,0,0
Phalcoboenus_australis,Falconidae,Falconiformes,0,6,-63.66325578,-53.46791694,0,0,0,0
Phalcoboenus_carunculatus,Falconidae,Falconiformes,0,3,-78.22124131,-0.561956643,0,0,0,0
Phalcoboenus_megalopterus,Falconidae,Falconiformes,0,3,-69.11314413,-20.64757806,0,0,0,0
Phapitreron_amethystinus,Columbidae,Columbiformes,1,1,123.1943348,11.90910622,0,0,0,0
Phapitreron_brunneiceps,Columbidae,Columbiformes,1,1,124.799995,7.637017733,0,0,0,0
Phapitreron_cinereiceps,Columbidae,Columbiformes,1,6,120.056632,5.195299954,0,0,0,0
Phapitreron_leucotis,Columbidae,Columbiformes,1,6,123.0972267,11.84476083,0,0,0,0
Phaps_chalcoptera,Columbidae,Columbiformes,1,6,135.7063278,-26.87376739,0,0,0,0
Phaps_elegans,Columbidae,Columbiformes,1,6,137.991959,-35.48582024,0,0,0,0
Phaps_histrionica,Columbidae,Columbiformes,1,6,132.0101855,-22.15969235,0,0,0,0
Pharomachrus_antisianus,Trogonidae,Trogoniformes,1,1,-74.29724101,-5.557927029,0,0,0,0
Pharomachrus_auriceps,Trogonidae,Trogoniformes,1,1,-74.59523313,-3.498441035,0,0,0,0
Pharomachrus_fulgidus,Trogonidae,Trogoniformes,1,6,-68.07553838,10.49575623,0,0,0,0
Pharomachrus_mocinno,Trogonidae,Trogoniformes,1,1,-88.9004524,14.75293933,0,0,0,0
Pharomachrus_pavoninus,Trogonidae,Trogoniformes,1,1,-66.70496128,-4.153163136,0,0,0,0
Phasianus_colchicus,Phasianidae,Galliformes,1,6,101.8262602,39.95133881,0,0,0,0
Phasianus_versicolor,Phasianidae,Galliformes,1,6,101.8262602,39.95133881,0,0,0,0
Phegornis_mitchellii,Charadriidae,Charadriiformes,0,6,-68.7860611,-23.06484897,0,0,0,0
Phigys_solitarius,Psittaculidae,Psittaciformes,1,6,178.5015192,-17.44635158,1,1,1,1
Philomachus_pugnax,Scolopacidae,Charadriiformes,0,6,82.99576892,65.47093416,0,0,0,0
Philortyx_fasciatus,Odontophoridae,Galliformes,0,3,-100.7449925,18.40428847,0,0,0,0
Phimosus_infuscatus,Threskiornithidae,Pelecaniformes,1,6,-56.36880923,-16.95588988,0,0,0,0
Phlogophilus_harterti,Trochilidae,Caprimulgiformes,1,1,-72.3873537,-12.018869,0,0,0,0
Phlogophilus_hemileucurus,Trochilidae,Caprimulgiformes,1,1,-77.82320208,-1.906454418,0,0,0,0
Phodilus_assimilis,Tytonidae,Strigiformes,0,6,NA,NA,0,0,0,0
Phodilus_badius,Tytonidae,Strigiformes,0,6,103.9792873,11.0887957,0,0,0,0
Phodilus_prigoginei,Tytonidae,Strigiformes,0,3,28.90572028,-3.392900745,0,0,0,0
Phoebastria_albatrus,Diomedeidae,Procellariiformes,0,5,131.7907633,28.08770932,0,0,0,0
Phoebastria_immutabilis,Diomedeidae,Procellariiformes,0,5,-155.3707724,22.32654774,0,0,0,0
Phoebastria_irrorata,Diomedeidae,Procellariiformes,0,6,-85.9867641,-1.344917045,0,0,0,0
Phoebastria_nigripes,Diomedeidae,Procellariiformes,0,5,161.106587,28.13475263,0,0,0,0
Phoebetria_fusca,Diomedeidae,Procellariiformes,0,5,59.07289281,-47.8300066,0,0,0,0
Phoebetria_palpebrata,Diomedeidae,Procellariiformes,0,5,41.89685426,-50.9992224,0,0,0,0
Phoeniconaias_minor,Phoenicopteridae,Phoenicopteriformes,0,6,28.54668427,-5.198190934,0,0,0,0
Phoenicoparrus_andinus,Phoenicopteridae,Phoenicopteriformes,0,6,-67.86512477,-20.30749332,0,0,0,0
Phoenicoparrus_jamesi,Phoenicopteridae,Phoenicopteriformes,0,4,-68.15827051,-21.17402874,0,0,0,0
Phoenicopterus_chilensis,Phoenicopteridae,Phoenicopteriformes,0,6,-67.1488788,-34.96934401,0,0,0,0
Phoenicopterus_roseus,Phoenicopteridae,Phoenicopteriformes,0,6,28.81359289,-9.945786953,0,0,0,0
Phoenicopterus_ruber,Phoenicopteridae,Phoenicopteriformes,0,6,-75.17173243,18.30832857,0,0,0,0
Phoeniculus_bollei,Phoeniculidae,Bucerotiformes,1,6,16.60404013,3.207704616,0,0,0,0
Phoeniculus_damarensis,Phoeniculidae,Bucerotiformes,1,6,22.25917837,-12.64121606,0,0,0,0
Phoeniculus_purpureus,Phoeniculidae,Bucerotiformes,1,6,20.64735212,-3.231259456,0,0,0,0
Phoeniculus_somaliensis,Phoeniculidae,Bucerotiformes,1,3,40.46832129,8.248819211,0,0,0,0
Piaya_cayana,Cuculidae,Cuculiformes,0,6,-60.95952463,-6.874179885,0,0,0,0
Piaya_melanogaster,Cuculidae,Cuculiformes,0,3,-64.90337383,-2.703882778,0,0,0,0
Picoides_arcticus,Picidae,Piciformes,1,6,-111.620453,55.93411785,0,0,0,0
Picoides_dorsalis,Picidae,Piciformes,1,6,-114.2246959,58.21016383,0,0,0,0
Picoides_tridactylus,Picidae,Piciformes,1,3,88.23381546,59.7280503,0,0,0,0
Piculus_aurulentus,Picidae,Piciformes,0,1,-50.9894913,-25.73719268,0,0,0,0
Piculus_callopterus,Picidae,Piciformes,0,1,-78.49294859,8.890524175,0,0,0,0
Piculus_chrysochloros,Picidae,Piciformes,0,3,-59.25473716,-6.778592686,0,0,0,0
Piculus_flavigula,Picidae,Piciformes,0,6,-59.98022196,-4.830901977,0,0,0,0
Piculus_leucolaemus,Picidae,Piciformes,0,6,-70.08737762,-9.011517087,0,0,0,0
Piculus_litae,Picidae,Piciformes,0,1,-76.77922088,4.677830114,0,0,0,0
Piculus_simplex,Picidae,Piciformes,0,3,-84.22679456,12.79270896,0,0,0,0
Picumnus_albosquamatus,Picidae,Piciformes,0,3,-55.04866825,-17.05487077,0,0,0,0
Picumnus_aurifrons,Picidae,Piciformes,0,1,-62.68820588,-8.574772517,0,0,0,0
Picumnus_castelnau,Picidae,Piciformes,0,6,-73.52419854,-5.998610046,0,0,0,0
Picumnus_cinnamomeus,Picidae,Piciformes,0,6,-73.56102044,9.954992286,0,0,0,0
Picumnus_cirratus,Picidae,Piciformes,0,6,-59.34720187,-20.84102435,0,0,0,0
Picumnus_dorbignyanus,Picidae,Piciformes,0,1,-69.66372766,-14.74382773,0,0,0,0
Picumnus_exilis,Picidae,Piciformes,0,6,-57.9105011,2.137248285,0,0,0,0
Picumnus_fuscus,Picidae,Piciformes,0,1,-62.46998215,-13.01879692,0,0,0,0
Picumnus_granadensis,Picidae,Piciformes,0,3,-76.76548801,3.152827402,0,0,0,0
Picumnus_innominatus,Picidae,Piciformes,0,1,104.4341895,24.17100249,0,0,0,0
Picumnus_lafresnayi,Picidae,Piciformes,0,1,-75.06849694,-2.784033577,0,0,0,0
Picumnus_limae,Picidae,Piciformes,0,3,-39.65955065,-4.182866704,0,0,0,0
Picumnus_minutissimus,Picidae,Piciformes,0,6,-55.91811727,5.736281968,0,0,0,0
Picumnus_nebulosus,Picidae,Piciformes,0,1,-53.18580399,-28.95801082,0,0,0,0
Picumnus_olivaceus,Picidae,Piciformes,0,6,-78.70022268,7.539378192,0,0,0,0
Picumnus_pumilus,Picidae,Piciformes,0,1,-67.16067039,1.249649972,0,0,0,0
Picumnus_pygmaeus,Picidae,Piciformes,0,3,-41.65314073,-8.991397769,0,0,0,0
Picumnus_rufiventris,Picidae,Piciformes,0,6,-71.58196908,-8.020996281,0,0,0,0
Picumnus_sclateri,Picidae,Piciformes,0,1,-80.13640774,-3.247364377,0,0,0,0
Picumnus_spilogaster,Picidae,Piciformes,0,6,-57.58492013,4.974303395,0,0,0,0
Picumnus_squamulatus,Picidae,Piciformes,0,3,-69.51341297,7.57987767,0,0,0,0
Picumnus_steindachneri,Picidae,Piciformes,0,1,-77.68924349,-6.102241047,0,0,0,0
Picumnus_subtilis,Picidae,Piciformes,0,6,-71.73008861,-12.5805262,0,0,0,0
Picumnus_temminckii,Picidae,Piciformes,0,1,-48.54387232,-24.19296245,0,0,0,0
Picumnus_varzeae,Picidae,Piciformes,0,1,-56.35259452,-2.402143764,0,0,0,0
Picus_awokera,Picidae,Piciformes,0,6,136.6869425,35.98423056,0,0,0,0
Picus_canus,Picidae,Piciformes,0,6,73.21209515,48.31298211,0,0,0,0
Picus_chlorolophus,Picidae,Piciformes,0,6,93.92687249,19.4488828,0,0,0,0
Picus_erythropygius,Picidae,Piciformes,0,1,103.1370908,15.47670312,0,0,0,0
Picus_flavinucha,Picidae,Piciformes,0,6,99.88385407,20.01218403,0,0,0,0
Picus_mentalis,Picidae,Piciformes,0,6,110.1369728,1.584220872,0,0,0,0
Picus_mineaceus,Picidae,Piciformes,0,6,108.9268418,1.324287326,0,0,0,0
Picus_puniceus,Picidae,Piciformes,0,6,108.685679,0.980092186,0,0,0,0
Picus_rabieri,Picidae,Piciformes,0,1,105.9895847,18.55890497,0,0,0,0
Picus_sharpei,Picidae,Piciformes,0,6,21.89723055,49.80194707,0,0,0,0
Picus_squamatus,Picidae,Piciformes,0,6,70.38009287,32.67447475,0,0,0,0
Picus_vaillantii,Picidae,Piciformes,0,6,0.119368954,34.56510406,0,0,0,0
Picus_viridanus,Picidae,Piciformes,0,6,96.806757,15.88910699,0,0,0,0
Picus_viridis,Picidae,Piciformes,0,6,21.89723055,49.80194707,0,0,0,0
Picus_vittatus,Picidae,Piciformes,0,6,103.6094924,12.31930429,0,0,0,0
Picus_xanthopygaeus,Picidae,Piciformes,0,6,84.91203492,21.12248743,0,0,0,0
Pilherodius_pileatus,Ardeidae,Pelecaniformes,0,6,-59.33071761,-6.751797058,0,0,0,0
Pinguinus_impennis,Alcidae,Charadriiformes,0,5,NA,NA,0,0,0,0
Pionites_leucogaster,Psittacidae,Psittaciformes,1,6,-60.51044606,-8.56527641,0,1,0,1
Pionites_melanocephalus,Psittacidae,Psittaciformes,1,1,-64.30409386,1.312115745,0,1,0,1
Pionopsitta_pileata,Psittacidae,Psittaciformes,1,1,-50.67525363,-25.97781381,1,1,0,1
Pionus_chalcopterus,Psittacidae,Psittaciformes,1,1,-77.45947103,2.174127348,1,1,1,1
Pionus_fuscus,Psittacidae,Psittaciformes,1,1,-55.72849555,1.040582919,1,0,0,1
Pionus_maximiliani,Psittacidae,Psittaciformes,1,1,-50.15539167,-17.98722793,1,1,0,1
Pionus_menstruus,Psittacidae,Psittaciformes,1,6,-62.10811609,-4.518350701,1,1,0,1
Pionus_senilis,Psittacidae,Psittaciformes,1,6,-90.17569496,16.4421114,1,1,0,1
Pionus_sordidus,Psittacidae,Psittaciformes,1,6,-71.44129052,1.077588835,1,1,0,1
Pionus_tumultuosus,Psittacidae,Psittaciformes,1,6,-75.25877455,-1.904594988,1,1,1,1
Pipile_cujubi,Cracidae,Galliformes,0,1,-55.25650385,-8.712652047,0,0,0,0
Pipile_cumanensis,Cracidae,Galliformes,0,1,-66.33773367,-3.593943635,0,0,0,0
Pipile_grayi,Cracidae,Galliformes,0,6,NA,NA,0,0,0,0
Pipile_jacutinga,Cracidae,Galliformes,0,6,-49.82487758,-24.98230815,0,0,0,0
Pipile_pipile,Cracidae,Galliformes,0,6,-61.10225109,10.75979641,0,0,0,0
Pithecophaga_jefferyi,Accipitridae,Accipitriformes,0,1,124.1412087,10.06069895,0,0,0,0
Platalea_ajaja,Threskiornithidae,Pelecaniformes,0,6,-59.90004936,-14.89163217,0,0,0,0
Platalea_alba,Threskiornithidae,Pelecaniformes,0,4,21.57227193,-3.359940615,0,0,0,0
Platalea_flavipes,Threskiornithidae,Pelecaniformes,0,6,143.1867265,-31.95598726,0,0,0,0
Platalea_leucorodia,Threskiornithidae,Pelecaniformes,0,4,85.54472913,40.26351317,0,0,0,0
Platalea_minor,Threskiornithidae,Pelecaniformes,0,6,122.8459852,35.61543217,0,0,0,0
Platalea_regia,Threskiornithidae,Pelecaniformes,0,6,139.1727399,-24.86353662,0,0,0,0
Platycercus_adscitus,Psittaculidae,Psittaciformes,1,6,146.7766653,-24.1088772,1,1,0,1
Platycercus_caledonicus,Psittaculidae,Psittaciformes,1,3,146.5932506,-41.94854323,1,1,0,1
Platycercus_elegans,Psittaculidae,Psittaciformes,1,3,146.5398794,-32.8969658,1,0,0,1
Platycercus_eximius,Psittaculidae,Psittaciformes,1,6,147.1233569,-33.79318584,1,1,0,1
Platycercus_icterotis,Psittaculidae,Psittaciformes,1,3,118.4813906,-32.81585497,1,1,0,1
Platycercus_venustus,Psittaculidae,Psittaciformes,1,6,131.3184861,-15.88802082,1,1,0,1
Plectropterus_gambensis,Anatidae,Anseriformes,1,6,19.59449801,-4.578143586,0,0,0,0
Plegadis_chihi,Threskiornithidae,Pelecaniformes,1,6,-72.81301584,-10.56455351,0,0,0,0
Plegadis_falcinellus,Threskiornithidae,Pelecaniformes,1,6,31.06534998,0.745844556,0,0,0,0
Plegadis_ridgwayi,Threskiornithidae,Pelecaniformes,1,6,-69.95856927,-16.32086934,0,0,0,0
Pluvialis_apricaria,Charadriidae,Charadriiformes,0,6,50.61279365,66.09530563,0,0,0,0
Pluvialis_dominica,Charadriidae,Charadriiformes,0,6,-118.5198594,67.32593554,0,0,0,0
Pluvialis_fulva,Charadriidae,Charadriiformes,0,6,103.0895702,71.30664719,0,0,0,0
Pluvialis_squatarola,Charadriidae,Charadriiformes,0,6,30.19525437,70.61352035,0,0,0,0
Pluvianellus_socialis,Pluvianellidae,Charadriiformes,0,6,-70.62310794,-51.34056482,0,0,0,0
Pluvianus_aegyptius,Pluvianidae,Charadriiformes,0,6,13.64850959,8.650536042,0,0,0,0
Podager_nacunda,Caprimulgidae,Caprimulgiformes,0,2,-56.44668025,-10.22101059,0,0,0,0
Podargus_ocellatus,Podargidae,Caprimulgiformes,0,1,141.551583,-6.915198279,0,0,0,0
Podargus_papuensis,Podargidae,Caprimulgiformes,0,6,141.2572942,-7.128270042,0,0,0,0
Podargus_strigoides,Podargidae,Caprimulgiformes,0,6,134.569724,-26.17571999,0,0,0,0
Podica_senegalensis,Heliornithidae,Gruiformes,0,6,20.37920078,-1.485414307,0,0,0,0
Podiceps_andinus,Podicipedidae,Podicipediformes,0,6,NA,NA,0,0,0,0
Podiceps_auritus,Podicipedidae,Podicipediformes,0,6,20.91718353,58.31199378,0,0,0,0
Podiceps_cristatus,Podicipedidae,Podicipediformes,0,6,60.36333453,45.58983436,0,0,0,0
Podiceps_gallardoi,Podicipedidae,Podicipediformes,0,6,-72.15878787,-50.33735097,0,0,0,0
Podiceps_grisegena,Podicipedidae,Podicipediformes,0,6,23.7318265,57.80078675,0,0,0,0
Podiceps_major,Podicipedidae,Podicipediformes,0,6,-65.65038302,-38.0571315,0,0,0,0
Podiceps_nigricollis,Podicipedidae,Podicipediformes,0,6,10.67946554,40.25736835,0,0,0,0
Podiceps_occipitalis,Podicipedidae,Podicipediformes,0,6,-67.59139636,-35.85436176,0,0,0,0
Podiceps_taczanowskii,Podicipedidae,Podicipediformes,0,6,-76.11312092,-11.02053587,0,0,0,0
Podilymbus_gigas,Podicipedidae,Podicipediformes,0,4,NA,NA,0,0,0,0
Podilymbus_podiceps,Podicipedidae,Podicipediformes,0,6,-79.88485118,10.91012668,0,0,0,0
Pogoniulus_atroflavus,Lybiidae,Piciformes,0,6,14.57119859,1.435804964,0,0,0,0
Pogoniulus_bilineatus,Lybiidae,Piciformes,0,6,20.6088475,-2.599670944,0,0,0,0
Pogoniulus_chrysoconus,Lybiidae,Piciformes,0,1,19.18724793,-0.357949601,0,0,0,0
Pogoniulus_coryphaea,Lybiidae,Piciformes,0,6,18.99011793,-3.06145184,0,0,0,0
Pogoniulus_leucomystax,Lybiidae,Piciformes,0,3,36.19223177,-4.934336088,0,0,0,0
Pogoniulus_pusillus,Lybiidae,Piciformes,0,3,37.5590036,-0.317767432,0,0,0,0
Pogoniulus_scolopaceus,Lybiidae,Piciformes,0,6,15.52650347,0.774150077,0,0,0,0
Pogoniulus_simplex,Lybiidae,Piciformes,0,6,37.5945549,-11.06981784,0,0,0,0
Pogoniulus_subsulphureus,Lybiidae,Piciformes,0,3,15.05424821,1.347445446,0,0,0,0
Poicephalus_crassus,Psittacidae,Psittaciformes,1,3,21.21736883,5.938944483,0,1,0,1
Poicephalus_cryptoxanthus,Psittacidae,Psittaciformes,1,6,35.82037102,-15.98141001,0,1,0,1
Poicephalus_flavifrons,Psittacidae,Psittaciformes,1,3,37.65126193,9.000755794,0,1,0,1
Poicephalus_fuscicollis,Psittacidae,Psittaciformes,1,3,NA,NA,0,1,0,1
Poicephalus_gulielmi,Psittacidae,Psittaciformes,1,6,17.31974256,0.839635342,0,1,0,1
Poicephalus_meyeri,Psittacidae,Psittaciformes,1,6,27.0569967,-5.96625633,1,1,0,1
Poicephalus_robustus,Psittacidae,Psittaciformes,1,3,22.46708817,-9.7055656,0,1,0,1
Poicephalus_rueppellii,Psittacidae,Psittaciformes,1,6,15.70338314,-18.83343845,1,0,0,1
Poicephalus_rufiventris,Psittacidae,Psittaciformes,1,3,41.36527543,3.812595322,1,1,0,1
Poicephalus_senegalus,Psittacidae,Psittaciformes,1,6,-0.704706747,11.08714927,0,1,0,1
Poikilocarbo_gaimardi,Phalacrocoracidae,Suliformes,0,5,NA,NA,0,0,0,0
Polemaetus_bellicosus,Accipitridae,Accipitriformes,0,3,21.93757553,-4.23598987,0,0,0,0
Polihierax_insignis,Falconidae,Falconiformes,0,3,101.4530283,15.72306463,0,0,0,0
Polihierax_semitorquatus,Falconidae,Falconiformes,0,2,33.15357631,-5.822792914,0,0,0,0
Poliocephalus_poliocephalus,Podicipedidae,Podicipediformes,0,6,139.4393294,-33.74552748,0,0,0,0
Poliocephalus_rufopectus,Podicipedidae,Podicipediformes,0,6,175.799911,-38.63045474,0,0,0,0
Polyboroides_radiatus,Accipitridae,Accipitriformes,0,6,46.67933397,-19.48030472,0,0,0,0
Polyboroides_typus,Accipitridae,Accipitriformes,0,6,22.2483793,-4.522439845,0,0,0,0
Polyerata_amabilis,Trochilidae,Caprimulgiformes,1,6,NA,NA,0,0,0,0
Polyerata_decora,Trochilidae,Caprimulgiformes,1,6,NA,NA,0,0,0,0
Polyerata_rosenbergi,Trochilidae,Caprimulgiformes,1,1,NA,NA,0,0,0,0
Polyonymus_caroli,Trochilidae,Caprimulgiformes,1,1,-75.64073881,-12.07054766,0,0,0,0
Polyplectron_bicalcaratum,Phasianidae,Galliformes,1,1,98.52147065,21.50536373,0,0,0,0
Polyplectron_chalcurum,Phasianidae,Galliformes,1,1,99.61997947,0.894775536,0,0,0,0
Polyplectron_germaini,Phasianidae,Galliformes,1,1,108.2954294,12.10563801,0,0,0,0
Polyplectron_inopinatum,Phasianidae,Galliformes,1,1,101.6525268,4.535338713,0,0,0,0
Polyplectron_katsumatae,Phasianidae,Galliformes,1,1,109.4273481,18.87358625,0,0,0,0
Polyplectron_malacense,Phasianidae,Galliformes,1,1,102.1803724,4.061640822,0,0,0,0
Polyplectron_napoleonis,Phasianidae,Galliformes,1,1,118.5606323,9.736731863,0,0,0,0
Polyplectron_schleiermacheri,Phasianidae,Galliformes,1,1,114.7994183,1.611403374,0,0,0,0
Polysticta_stelleri,Anatidae,Anseriformes,1,6,134.536845,70.20890884,0,0,0,0
Polytelis_alexandrae,Psittaculidae,Psittaciformes,1,6,129.4797554,-24.44825995,1,1,1,1
Polytelis_anthopeplus,Psittaculidae,Psittaciformes,1,3,122.5986294,-31.45595941,1,1,0,1
Polytelis_swainsonii,Psittaculidae,Psittaciformes,1,3,146.6199691,-34.98086476,1,1,0,1
Polytmus_guainumbi,Trochilidae,Caprimulgiformes,1,6,-53.34013426,-9.832639962,0,0,0,0
Polytmus_milleri,Trochilidae,Caprimulgiformes,1,1,-62.0644091,5.056576027,0,0,0,0
Polytmus_theresiae,Trochilidae,Caprimulgiformes,1,3,-58.83587468,-0.136891347,0,0,0,0
Porphyrio_albus,Rallidae,Gruiformes,1,NA,NA,NA,1,1,0,1
Porphyrio_alleni,Rallidae,Gruiformes,1,6,21.28522632,-2.210617516,1,1,0,1
Porphyrio_flavirostris,Rallidae,Gruiformes,1,6,-61.04487964,-10.03949085,1,0,0,1
Porphyrio_hochstetteri,Rallidae,Gruiformes,1,6,167.7338574,-45.19649467,1,1,0,1
Porphyrio_indicus,Rallidae,Gruiformes,1,4,85.54153139,-3.437351284,1,0,0,1
Porphyrio_madagascariensis,Rallidae,Gruiformes,1,6,85.54153139,-3.437351284,1,1,0,1
Porphyrio_martinica,Rallidae,Gruiformes,1,6,-62.26240933,-6.892255379,1,1,0,1
Porphyrio_melanotus,Rallidae,Gruiformes,1,6,85.54153139,-3.437351284,1,0,0,1
Porphyrio_poliocephalus,Rallidae,Gruiformes,1,5,85.54153139,-3.437351284,1,1,0,1
Porphyrio_porphyrio,Rallidae,Gruiformes,1,4,85.54153139,-3.437351284,1,0,0,1
Porphyrio_pulverulentus,Rallidae,Gruiformes,1,4,85.54153139,-3.437351284,1,0,0,1
Porzana_albicollis,Rallidae,Gruiformes,0,6,-53.53178246,-13.71263911,0,0,0,0
Porzana_atra,Rallidae,Gruiformes,0,6,-128.3155182,-24.36362942,0,0,0,0
Porzana_carolina,Rallidae,Gruiformes,0,6,-102.8618187,50.24648124,0,0,0,0
Porzana_cinerea,Rallidae,Gruiformes,0,6,124.8174161,-3.654182872,0,0,0,0
Porzana_flaviventer,Rallidae,Gruiformes,0,4,-64.05915062,-7.109177455,0,0,0,0
Porzana_fluminea,Rallidae,Gruiformes,0,6,139.9181321,-30.85109491,0,0,0,0
Porzana_fusca,Rallidae,Gruiformes,0,6,110.0985245,24.01709296,0,0,0,0
Porzana_parva,Rallidae,Gruiformes,0,6,49.95991914,52.03945005,0,0,0,0
Porzana_paykullii,Rallidae,Gruiformes,0,6,125.9734425,44.8027114,0,0,0,0
Porzana_porzana,Rallidae,Gruiformes,0,6,55.60326012,55.76996381,0,0,0,0
Porzana_pusilla,Rallidae,Gruiformes,0,6,63.04765417,20.69585857,0,0,0,0
Porzana_spiloptera,Rallidae,Gruiformes,0,6,-57.97949234,-35.97411942,0,0,0,0
Porzana_tabuensis,Rallidae,Gruiformes,1,6,143.8870442,-25.27635416,1,0,0,1
Primolius_auricollis,Psittacidae,Psittaciformes,1,6,-60.19374378,-16.35814822,1,1,0,1
Primolius_couloni,Psittacidae,Psittaciformes,1,6,-71.97484312,-10.74730766,1,1,0,1
Primolius_maracana,Psittacidae,Psittaciformes,1,1,-49.22010754,-16.1451298,1,1,0,1
Prioniturus_discurus,Psittaculidae,Psittaciformes,1,1,123.1135634,11.88866039,1,1,0,1
Prioniturus_flavicans,Psittaculidae,Psittaciformes,1,1,122.1839353,0.348699647,1,1,0,1
Prioniturus_luconensis,Psittaculidae,Psittaciformes,1,6,121.4246507,15.93825842,1,1,0,1
Prioniturus_mada,Psittaculidae,Psittaciformes,1,6,126.5462922,-3.445586667,1,1,1,1
Prioniturus_mindorensis,Psittaculidae,Psittaciformes,1,1,NA,NA,1,1,0,1
Prioniturus_montanus,Psittaculidae,Psittaciformes,1,1,121.2625244,17.26083105,1,1,0,1
Prioniturus_platenae,Psittaculidae,Psittaciformes,1,6,118.7136303,9.956005055,1,1,0,1
Prioniturus_platurus,Psittaculidae,Psittaciformes,1,1,121.3486017,-2.088922324,1,1,1,1
Prioniturus_verticalis,Psittaculidae,Psittaciformes,1,6,120.056632,5.195299954,1,1,0,1
Prioniturus_waterstradti,Psittaculidae,Psittaciformes,1,1,125.0691447,7.341844707,1,1,0,1
Priotelus_roseigaster,Trogonidae,Trogoniformes,1,6,-71.48979803,18.80094707,0,0,0,0
Priotelus_temnurus,Trogonidae,Trogoniformes,1,6,-79.0222302,21.62084144,0,0,0,0
Probosciger_aterrimus,Cacatuidae,Psittaciformes,0,3,140.8431895,-5.791668333,0,0,0,0
Procellaria_aequinoctialis,Procellariidae,Procellariiformes,0,5,-111.6524703,-56.16122272,0,0,0,0
Procellaria_cinerea,Procellariidae,Procellariiformes,0,5,2.650698935,-51.80221736,0,0,0,0
Procellaria_conspicillata,Procellariidae,Procellariiformes,0,5,-16.75118438,-32.47594141,0,0,0,0
Procellaria_parkinsoni,Procellariidae,Procellariiformes,0,5,-132.3223241,-7.151564003,0,0,0,0
Procellaria_westlandica,Procellariidae,Procellariiformes,0,5,-133.3307326,-44.43100051,0,0,0,0
Procelsterna_albivitta,Laridae,Charadriiformes,0,5,NA,NA,0,0,0,0
Procelsterna_cerulea,Laridae,Charadriiformes,0,5,-152.9583192,-13.83202036,0,0,0,0
Prodotiscus_insignis,Indicatoridae,Piciformes,0,6,13.30678349,1.897685904,0,0,0,0
Prodotiscus_regulus,Indicatoridae,Piciformes,0,6,28.22210599,-14.06962549,0,0,0,0
Prodotiscus_zambesiae,Indicatoridae,Piciformes,0,3,29.1814003,-11.80924637,0,0,0,0
Prosobonia_ellisi,Scolopacidae,Charadriiformes,0,NA,NA,NA,0,0,0,0
Prosobonia_leucoptera,Scolopacidae,Charadriiformes,0,NA,NA,NA,0,0,0,0
Prosobonia_parvirostris,Scolopacidae,Charadriiformes,0,6,NA,NA,0,0,0,0
Prosopeia_personata,Psittaculidae,Psittaciformes,1,6,177.9660644,-17.83341892,0,1,0,1
Prosopeia_splendens,Psittaculidae,Psittaciformes,1,6,178.2501548,-19.034647,1,1,0,1
Prosopeia_tabuensis,Psittaculidae,Psittaciformes,1,6,179.3125962,-16.66366161,1,1,0,1
Psephotus_chrysopterygius,Psittaculidae,Psittaciformes,1,6,143.4673,-15.6196252,1,1,0,1
Psephotus_dissimilis,Psittaculidae,Psittaciformes,1,3,132.5655454,-14.68774476,1,1,0,1
Psephotus_haematonotus,Psittaculidae,Psittaciformes,1,6,145.762824,-32.11719841,1,1,0,1
Psephotus_pulcherrimus,Psittaculidae,Psittaciformes,1,3,NA,NA,1,1,0,1
Psephotus_varius,Psittaculidae,Psittaciformes,1,6,131.9493938,-28.9448759,1,1,0,1
Pseudeos_fuscata,Psittaculidae,Psittaciformes,0,6,140.8643119,-5.36844131,0,0,0,0
Pseudibis_davisoni,Threskiornithidae,Pelecaniformes,1,6,110.0477326,7.41968493,0,0,0,0
Pseudibis_papillosa,Threskiornithidae,Pelecaniformes,1,6,78.79917769,21.55860327,0,0,0,0
Pseudobulweria_aterrima,Procellariidae,Procellariiformes,0,5,56.00745669,-21.31302228,0,0,0,0
Pseudobulweria_becki,Procellariidae,Procellariiformes,0,5,153.3098917,-4.705468291,0,0,0,0
Pseudobulweria_macgillivrayi,Procellariidae,Procellariiformes,0,5,178.7510984,-17.81366615,0,0,0,0
Pseudobulweria_rostrata,Procellariidae,Procellariiformes,0,6,-150.9290732,-8.469679357,0,0,0,0
Pseudoscops_clamator,Strigidae,Strigiformes,0,6,-56.64346371,-14.73224814,0,0,0,0
Pseudoscops_grammicus,Strigidae,Strigiformes,0,6,-77.31089921,18.15643155,0,0,0,0
Psilopogon_annamensis,Megalaimidae,Piciformes,1,1,NA,NA,1,1,0,1
Psilopogon_armillaris,Megalaimidae,Piciformes,1,6,110.0572818,-7.459790868,1,1,0,1
Psilopogon_asiaticus,Megalaimidae,Piciformes,1,6,96.57912556,23.75542317,1,1,0,1
Psilopogon_auricularis,Megalaimidae,Piciformes,1,3,NA,NA,1,1,1,1
Psilopogon_australis,Megalaimidae,Piciformes,1,6,104.0089047,10.60636922,1,1,0,1
Psilopogon_chersonesus,Megalaimidae,Piciformes,1,1,NA,NA,1,1,0,1
Psilopogon_chrysopogon,Megalaimidae,Piciformes,1,6,110.6897166,1.616708167,1,1,0,1
Psilopogon_corvinus,Megalaimidae,Piciformes,1,1,107.510297,-7.060889716,0,1,0,1
Psilopogon_duvaucelii,Megalaimidae,Piciformes,1,6,NA,NA,1,1,0,1
Psilopogon_eximius,Megalaimidae,Piciformes,1,1,115.1954229,2.486994419,1,1,0,1
Psilopogon_faber,Megalaimidae,Piciformes,1,1,108.8601673,24.0601507,1,1,0,1
Psilopogon_faiostrictus,Megalaimidae,Piciformes,1,6,104.6285123,16.26272053,0,1,0,1
Psilopogon_flavifrons,Megalaimidae,Piciformes,1,6,80.58388927,6.873469105,1,1,0,1
Psilopogon_franklinii,Megalaimidae,Piciformes,1,6,99.62970794,22.4597761,1,1,1,1
Psilopogon_haemacephalus,Megalaimidae,Piciformes,1,6,90.63341188,18.07715349,1,1,0,1
Psilopogon_henricii,Megalaimidae,Piciformes,1,6,108.8085939,0.617770503,1,1,0,1
Psilopogon_incognitus,Megalaimidae,Piciformes,1,1,104.3308842,16.88445138,1,1,0,1
Psilopogon_javensis,Megalaimidae,Piciformes,1,6,109.7232239,-7.410445925,1,1,0,1
Psilopogon_lagrandieri,Megalaimidae,Piciformes,1,1,106.2807676,15.769727,0,1,0,1
Psilopogon_lineatus,Megalaimidae,Piciformes,1,6,97.57937398,18.70414153,0,1,0,1
Psilopogon_malabaricus,Megalaimidae,Piciformes,1,6,NA,NA,1,1,0,1
Psilopogon_monticola,Megalaimidae,Piciformes,1,3,115.3503598,2.765087233,1,1,0,1
Psilopogon_mystacophanos,Megalaimidae,Piciformes,1,6,108.0716202,1.417306337,1,1,0,1
Psilopogon_nuchalis,Megalaimidae,Piciformes,1,1,121.0982956,23.76009705,1,1,0,1
Psilopogon_oorti,Megalaimidae,Piciformes,1,1,99.80589699,1.2225167,1,1,0,1
Psilopogon_pulcherrimus,Megalaimidae,Piciformes,1,1,116.0569726,5.077028224,1,1,0,1
Psilopogon_pyrolophus,Megalaimidae,Piciformes,1,1,101.3303306,0.699988931,0,1,0,1
Psilopogon_rafflesii,Megalaimidae,Piciformes,1,1,109.1141701,0.881948678,1,1,0,1
Psilopogon_rubricapillus,Megalaimidae,Piciformes,1,6,77.6912346,10.32541058,1,1,0,1
Psilopogon_virens,Megalaimidae,Piciformes,1,6,101.9453342,24.68179487,1,1,0,1
Psilopogon_viridis,Megalaimidae,Piciformes,1,6,75.97183159,13.39587991,0,1,0,1
Psilopogon_zeylanicus,Megalaimidae,Piciformes,1,6,79.20453836,20.99689284,1,1,0,1
Psilopsiagon_aurifrons,Psittacidae,Psittaciformes,1,6,-69.52143863,-19.88341794,1,1,0,1
Psilopsiagon_aymara,Psittacidae,Psittaciformes,1,6,-66.16666675,-25.24729227,1,1,0,1
Psiloscops_flammeolus,Strigidae,Strigiformes,0,3,-110.7433093,34.52999503,0,0,0,0
Psittacara_maugei,Psittacidae,Psittaciformes,1,1,-71.44535202,18.90399038,0,1,0,1
Psittacara_strenuus,Psittacidae,Psittaciformes,1,6,NA,NA,0,1,0,1
Psittacella_brehmii,Psittaculidae,Psittaciformes,1,3,142.0259166,-5.35486804,1,1,0,1
Psittacella_madaraszi,Psittaculidae,Psittaciformes,1,1,142.8009591,-5.792617657,1,1,0,1
Psittacella_modesta,Psittaculidae,Psittaciformes,1,3,139.7685571,-4.496372503,0,1,0,1
Psittacella_picta,Psittaculidae,Psittaciformes,1,3,142.0415877,-5.36203773,1,1,0,1
Psittacula_alexandri,Psittaculidae,Psittaciformes,1,6,99.54182799,19.52482922,1,1,0,1
Psittacula_calthrapae,Psittaculidae,Psittaciformes,1,1,80.72576541,6.941604926,1,1,0,1
Psittacula_caniceps,Psittaculidae,Psittaciformes,1,1,93.79338352,7.060986229,0,1,0,1
Psittacula_columboides,Psittaculidae,Psittaciformes,1,6,76.03518411,12.87686554,1,1,0,1
Psittacula_cyanocephala,Psittaculidae,Psittaciformes,1,1,78.88024939,22.00852929,1,1,1,1
Psittacula_derbiana,Psittaculidae,Psittaciformes,1,6,97.96961765,28.07925306,1,1,1,1
Psittacula_eques,Psittaculidae,Psittaciformes,1,1,57.43425096,-20.42457269,1,1,0,1
Psittacula_eupatria,Psittaculidae,Psittaciformes,1,6,87.02679333,22.16121837,1,1,0,1
Psittacula_exsul,Psittaculidae,Psittaciformes,1,NA,NA,NA,1,0,0,1
Psittacula_finschii,Psittaculidae,Psittaciformes,1,6,99.50455517,20.5634912,1,1,0,1
Psittacula_himalayana,Psittaculidae,Psittaciformes,1,6,79.8978738,30.23291721,1,1,0,1
Psittacula_krameri,Psittaculidae,Psittaciformes,1,6,47.07756628,17.60927914,1,1,0,1
Psittacula_longicauda,Psittaculidae,Psittaciformes,1,6,110.0538603,0.613357506,1,1,0,1
Psittacula_roseata,Psittaculidae,Psittaciformes,1,6,100.3725359,18.72039771,1,1,1,1
Psittacula_wardi,Psittaculidae,Psittaciformes,1,NA,NA,NA,1,1,0,1
Psittaculirostris_desmarestii,Psittaculidae,Psittaciformes,1,3,140.7684653,-6.277770532,1,1,0,1
Psittaculirostris_edwardsii,Psittaculidae,Psittaciformes,1,1,143.8721217,-4.599536957,1,1,0,1
Psittaculirostris_salvadorii,Psittaculidae,Psittaciformes,1,1,138.2945877,-2.607502229,1,1,0,1
Psittacus_erithacus,Psittacidae,Psittaciformes,0,6,15.93849354,0.746582425,0,0,0,0
Psitteuteles_versicolor,Psittaculidae,Psittaciformes,1,1,135.1729764,-17.03730591,1,1,0,1
Psittinus_cyanurus,Psittaculidae,Psittaciformes,1,6,108.1610284,1.091041733,1,1,0,1
Psittrichas_fulgidus,Psittaculidae,Psittaciformes,0,1,142.6282115,-5.589192282,0,0,0,0
Psophia_crepitans,Psophiidae,Gruiformes,1,6,-63.55329714,1.246363093,0,0,0,0
Psophia_leucoptera,Psophiidae,Gruiformes,1,1,-68.74267202,-8.423336696,0,0,0,0
Psophia_viridis,Psophiidae,Gruiformes,1,1,-56.67881652,-7.372662213,0,0,0,0
Pterocles_alchata,Pteroclidae,Pterocliformes,0,2,44.12048637,37.51378465,0,0,0,0
Pterocles_bicinctus,Pteroclidae,Pterocliformes,0,3,23.50897266,-20.5974022,0,0,0,0
Pterocles_burchelli,Pteroclidae,Pterocliformes,0,2,21.77296902,-22.18719452,0,0,0,0
Pterocles_coronatus,Pteroclidae,Pterocliformes,0,2,18.02637766,25.90712485,0,0,0,0
Pterocles_decoratus,Pteroclidae,Pterocliformes,0,3,39.22336129,0.272185218,0,0,0,0
Pterocles_exustus,Pteroclidae,Pterocliformes,0,3,38.76214481,16.26215998,0,0,0,0
Pterocles_gutturalis,Pteroclidae,Pterocliformes,0,6,30.60019869,-10.16639642,0,0,0,0
Pterocles_indicus,Pteroclidae,Pterocliformes,0,3,77.52415599,22.25193578,0,0,0,0
Pterocles_lichtensteinii,Pteroclidae,Pterocliformes,0,3,28.71550345,18.29984396,0,0,0,0
Pterocles_namaqua,Pteroclidae,Pterocliformes,0,2,20.64074867,-24.83465005,0,0,0,0
Pterocles_orientalis,Pteroclidae,Pterocliformes,0,3,53.48226098,39.88383356,0,0,0,0
Pterocles_personatus,Pteroclidae,Pterocliformes,0,6,45.39659209,-20.15913615,0,0,0,0
Pterocles_quadricinctus,Pteroclidae,Pterocliformes,0,6,13.5879497,11.53595142,0,0,0,0
Pterocles_senegallus,Pteroclidae,Pterocliformes,0,2,19.57062489,24.30309048,0,0,0,0
Pterodroma_alba,Procellariidae,Procellariiformes,0,5,-157.7604718,-10.28190377,0,0,0,0
Pterodroma_arminjoniana,Procellariidae,Procellariiformes,0,5,-29.74583813,-25.69236777,0,0,0,0
Pterodroma_atrata,Procellariidae,Procellariiformes,0,6,-141.0555025,-19.73533121,0,0,0,0
Pterodroma_axillaris,Procellariidae,Procellariiformes,0,6,-175.6383914,-43.21201608,0,0,0,0
Pterodroma_baraui,Procellariidae,Procellariiformes,0,5,85.67348014,-17.25027808,0,0,0,0
Pterodroma_brevipes,Procellariidae,Procellariiformes,0,6,-154.3809988,-10.04787971,0,0,0,0
Pterodroma_cahow,Procellariidae,Procellariiformes,0,5,-66.33115762,33.61261488,0,0,0,0
Pterodroma_cervicalis,Procellariidae,Procellariiformes,0,5,-165.8325049,8.99804642,0,0,0,0
Pterodroma_cookii,Procellariidae,Procellariiformes,0,6,101.0407193,-27.81668376,0,0,0,0
Pterodroma_defilippiana,Procellariidae,Procellariiformes,0,5,-85.323132,-25.67555117,0,0,0,0
Pterodroma_externa,Procellariidae,Procellariiformes,0,6,-117.9826555,-3.298966978,0,0,0,0
Pterodroma_feae,Procellariidae,Procellariiformes,0,6,-34.53525165,28.83265637,0,0,0,0
Pterodroma_gouldi,Procellariidae,Procellariiformes,0,5,NA,NA,0,0,0,0
Pterodroma_hasitata,Procellariidae,Procellariiformes,0,6,-65.57613112,21.64872054,0,0,0,0
Pterodroma_heraldica,Procellariidae,Procellariiformes,0,6,-133.6145866,-18.15909131,0,0,0,0
Pterodroma_hypoleuca,Procellariidae,Procellariiformes,0,6,163.4262865,28.11690561,0,0,0,0
Pterodroma_incerta,Procellariidae,Procellariiformes,0,5,-23.78446427,-38.07218973,0,0,0,0
Pterodroma_inexpectata,Procellariidae,Procellariiformes,0,6,65.75789223,-41.96347385,0,0,0,0
Pterodroma_lessonii,Procellariidae,Procellariiformes,0,6,-170.8008379,-50.72108813,0,0,0,0
Pterodroma_leucoptera,Procellariidae,Procellariiformes,0,6,-157.9248539,-15.36942048,0,0,0,0
Pterodroma_longirostris,Procellariidae,Procellariiformes,0,6,-152.3810399,11.42939623,0,0,0,0
Pterodroma_macroptera,Procellariidae,Procellariiformes,0,5,86.31197855,-46.41161907,0,0,0,0
Pterodroma_madeira,Procellariidae,Procellariiformes,0,6,-17.23323263,31.89001305,0,0,0,0
Pterodroma_magentae,Procellariidae,Procellariiformes,0,5,-168.8109879,-49.24014215,0,0,0,0
Pterodroma_mollis,Procellariidae,Procellariiformes,0,6,54.94428733,-44.64143535,0,0,0,0
Pterodroma_neglecta,Procellariidae,Procellariiformes,0,5,-75.87413369,-32.3072714,0,0,0,0
Pterodroma_nigripennis,Procellariidae,Procellariiformes,0,6,144.9361897,-28.34204788,0,0,0,0
Pterodroma_occulta,Procellariidae,Procellariiformes,0,6,NA,NA,0,0,0,0
Pterodroma_phaeopygia,Procellariidae,Procellariiformes,0,5,-100.7114836,-1.077645852,0,0,0,0
Pterodroma_pycrofti,Procellariidae,Procellariiformes,0,6,13.47688303,-8.399137212,0,0,0,0
Pterodroma_sandwichensis,Procellariidae,Procellariiformes,0,6,-145.894816,15.94467067,0,0,0,0
Pterodroma_solandri,Procellariidae,Procellariiformes,0,6,178.2216546,13.55414138,0,0,0,0
Pterodroma_ultima,Procellariidae,Procellariiformes,0,5,-130.6964323,0.511461567,0,0,0,0
Pteroglossus_aracari,Ramphastidae,Piciformes,1,6,-51.91299501,-5.5708407,0,0,0,0
Pteroglossus_azara,Ramphastidae,Piciformes,1,6,-69.10750721,-3.180393577,0,0,0,0
Pteroglossus_bailloni,Ramphastidae,Piciformes,1,1,-48.83786817,-23.37986952,0,0,0,0
Pteroglossus_beauharnaisii,Ramphastidae,Piciformes,1,6,-67.08906598,-8.696637189,0,0,0,0
Pteroglossus_bitorquatus,Ramphastidae,Piciformes,1,3,-55.41193378,-7.691616822,0,0,0,0
Pteroglossus_castanotis,Ramphastidae,Piciformes,1,6,-62.15047174,-11.25884754,0,0,0,0
Pteroglossus_frantzii,Ramphastidae,Piciformes,1,1,-83.27122249,8.958037799,0,0,0,0
Pteroglossus_inscriptus,Ramphastidae,Piciformes,1,1,-60.60954848,-7.635152797,0,0,0,0
Pteroglossus_pluricinctus,Ramphastidae,Piciformes,1,1,-70.55600069,0.647424014,0,0,0,0
Pteroglossus_torquatus,Ramphastidae,Piciformes,1,6,NA,NA,0,0,0,0
Pteroglossus_viridis,Ramphastidae,Piciformes,1,6,-58.8110957,2.803858525,0,0,0,0
Pteronetta_hartlaubii,Anatidae,Anseriformes,1,6,14.90856841,1.609192275,0,1,0,1
Pterophanes_cyanopterus,Trochilidae,Caprimulgiformes,1,3,-74.92012597,-5.425972559,1,0,0,1
Ptilinopus_alligator,Columbidae,Columbiformes,0,1,NA,NA,0,0,0,0
Ptilinopus_arcanus,Columbidae,Columbiformes,0,1,123.1458593,10.44385522,0,0,0,0
Ptilinopus_aurantiifrons,Columbidae,Columbiformes,0,6,139.7047951,-5.321285451,0,0,0,0
Ptilinopus_bernsteinii,Columbidae,Columbiformes,0,1,127.9444815,0.542973369,0,0,0,0
Ptilinopus_chalcurus,Columbidae,Columbiformes,0,6,-148.2605633,-15.8371563,0,0,0,0
Ptilinopus_chrysogaster,Columbidae,Columbiformes,0,6,-149.9243074,-17.43469008,0,0,0,0
Ptilinopus_cinctus,Columbidae,Columbiformes,0,1,125.774176,-10.0284996,0,0,0,0
Ptilinopus_coralensis,Columbidae,Columbiformes,0,6,-143.6596151,-16.85441887,0,0,0,0
Ptilinopus_coronulatus,Columbidae,Columbiformes,0,1,140.8042019,-5.380181582,0,0,0,0
Ptilinopus_dohertyi,Columbidae,Columbiformes,0,1,119.953779,-9.762454807,0,0,0,0
Ptilinopus_dupetithouarsii,Columbidae,Columbiformes,0,1,-139.5118081,-9.439179814,0,0,0,0
Ptilinopus_epius,Columbidae,Columbiformes,0,1,NA,NA,0,0,0,0
Ptilinopus_eugeniae,Columbidae,Columbiformes,0,6,161.8099336,-10.54960987,0,0,0,0
Ptilinopus_fischeri,Columbidae,Columbiformes,0,1,120.5855215,-1.943193839,0,0,0,0
Ptilinopus_granulifrons,Columbidae,Columbiformes,0,6,127.7286088,-1.566080921,0,0,0,0
Ptilinopus_greyi,Columbidae,Columbiformes,0,6,166.4421225,-19.11090426,0,0,0,0
Ptilinopus_hernsheimi,Columbidae,Columbiformes,0,1,NA,NA,0,0,0,0
Ptilinopus_huttoni,Columbidae,Columbiformes,0,1,-144.3452946,-27.60862748,0,0,0,0
Ptilinopus_hyogastrus,Columbidae,Columbiformes,0,6,127.9920708,0.906665764,0,0,0,0
Ptilinopus_insolitus,Columbidae,Columbiformes,0,1,150.7918808,-5.06797035,0,0,0,0
Ptilinopus_insularis,Columbidae,Columbiformes,0,1,-128.3155182,-24.36362942,0,0,0,0
Ptilinopus_iozonus,Columbidae,Columbiformes,0,6,140.7651289,-5.360047901,0,0,0,0
Ptilinopus_jambu,Columbidae,Columbiformes,0,6,108.1911883,1.124856452,0,0,0,0
Ptilinopus_layardi,Columbidae,Columbiformes,0,6,178.2496608,-19.03550122,0,0,0,0
Ptilinopus_leclancheri,Columbidae,Columbiformes,0,1,122.8310191,12.11520766,0,0,0,0
Ptilinopus_luteovirens,Columbidae,Columbiformes,0,1,177.9952575,-17.83519862,0,0,0,0
Ptilinopus_magnificus,Columbidae,Columbiformes,0,1,143.5142112,-11.16489452,0,0,0,0
Ptilinopus_mangoliensis,Columbidae,Columbiformes,0,6,NA,NA,0,0,0,0
Ptilinopus_marchei,Columbidae,Columbiformes,0,1,121.4241127,16.00953413,0,0,0,0
Ptilinopus_melanospilus,Columbidae,Columbiformes,0,6,119.0759027,-2.053054132,0,0,0,0
Ptilinopus_mercierii,Columbidae,Columbiformes,0,1,NA,NA,0,0,0,0
Ptilinopus_merrilli,Columbidae,Columbiformes,0,1,121.7759872,15.22621209,0,0,0,0
Ptilinopus_monacha,Columbidae,Columbiformes,0,6,127.9516498,0.579446765,0,0,0,0
Ptilinopus_nainus,Columbidae,Columbiformes,0,1,139.7123716,-5.21903005,0,0,0,0
Ptilinopus_occipitalis,Columbidae,Columbiformes,0,1,123.0963497,11.86631246,0,0,0,0
Ptilinopus_ornatus,Columbidae,Columbiformes,0,1,141.2213253,-4.890808489,0,0,0,0
Ptilinopus_pelewensis,Columbidae,Columbiformes,0,1,134.5359631,7.447240037,0,0,0,0
Ptilinopus_perlatus,Columbidae,Columbiformes,0,1,140.8042352,-5.37683503,0,0,0,0
Ptilinopus_perousii,Columbidae,Columbiformes,0,1,179.9517012,-16.95457949,0,0,0,0
Ptilinopus_ponapensis,Columbidae,Columbiformes,0,1,NA,NA,0,0,0,0
Ptilinopus_porphyraceus,Columbidae,Columbiformes,0,6,-177.5353436,-14.22523854,0,0,0,0
Ptilinopus_porphyreus,Columbidae,Columbiformes,0,1,105.4618292,-4.733068139,0,0,0,0
Ptilinopus_pulchellus,Columbidae,Columbiformes,0,6,140.8499377,-4.753802552,0,0,0,0
Ptilinopus_purpuratus,Columbidae,Columbiformes,0,6,-149.9243074,-17.43469008,0,0,0,0
Ptilinopus_rarotongensis,Columbidae,Columbiformes,0,6,-159.0098543,-20.66303632,0,0,0,0
Ptilinopus_regina,Columbidae,Columbiformes,0,6,141.2396062,-18.6088774,0,0,0,0
Ptilinopus_richardsii,Columbidae,Columbiformes,0,1,160.4048404,-11.51313948,0,0,0,0
Ptilinopus_rivoli,Columbidae,Columbiformes,0,1,142.469876,-5.047871868,0,0,0,0
Ptilinopus_roseicapilla,Columbidae,Columbiformes,0,1,145.5655045,14.84155121,0,0,0,0
Ptilinopus_solomonensis,Columbidae,Columbiformes,0,1,151.9408767,-5.900851076,0,0,0,0
Ptilinopus_speciosus,Columbidae,Columbiformes,0,1,NA,NA,0,0,0,0
Ptilinopus_subgularis,Columbidae,Columbiformes,0,6,121.2857895,-1.785854749,0,0,0,0
Ptilinopus_superbus,Columbidae,Columbiformes,0,6,138.0672412,-4.830939936,0,0,0,0
Ptilinopus_tannensis,Columbidae,Columbiformes,0,6,167.7116487,-16.23043647,0,0,0,0
Ptilinopus_victor,Columbidae,Columbiformes,0,1,179.3110797,-16.6208469,0,0,0,0
Ptilinopus_viridis,Columbidae,Columbiformes,0,6,141.8687258,-4.606823228,0,0,0,0
Ptilinopus_wallacii,Columbidae,Columbiformes,0,6,133.0175729,-6.704390929,0,0,0,0
Ptilopachus_petrosus,Odontophoridae,Galliformes,0,3,10.84654274,10.23160643,0,0,0,0
Ptilopsis_granti,Strigidae,Strigiformes,0,6,NA,NA,0,0,0,0
Ptychoramphus_aleuticus,Alcidae,Charadriiformes,0,6,-148.2411786,48.57165355,0,0,0,0
Pucrasia_macrolopha,Phasianidae,Galliformes,1,1,106.5870235,31.31399901,0,0,0,0
Puffinus_assimilis,Procellariidae,Procellariiformes,0,6,178.5864529,-32.31003338,0,0,0,0
Puffinus_auricularis,Procellariidae,Procellariiformes,0,5,-107.9575425,16.25681039,0,0,0,0
Puffinus_bailloni,Procellariidae,Procellariiformes,0,5,NA,NA,0,0,0,0
Puffinus_bannermani,Procellariidae,Procellariiformes,0,5,NA,NA,0,0,0,0
Puffinus_baroli,Procellariidae,Procellariiformes,0,5,NA,NA,0,0,0,0
Puffinus_boydi,Procellariidae,Procellariiformes,0,5,178.5864529,-32.31003338,0,0,0,0
Puffinus_bryani,Procellariidae,Procellariiformes,0,5,NA,NA,0,0,0,0
Puffinus_bulleri,Procellariidae,Procellariiformes,0,5,-151.1920621,5.111327454,0,0,0,0
Puffinus_carneipes,Procellariidae,Procellariiformes,0,6,144.7607265,2.712967988,0,0,0,0
Puffinus_creatopus,Procellariidae,Procellariiformes,0,6,-113.012519,20.12122654,0,0,0,0
Puffinus_elegans,Procellariidae,Procellariiformes,0,6,178.5864529,-32.31003338,0,0,0,0
Puffinus_gavia,Procellariidae,Procellariiformes,0,6,158.9407283,-41.10774401,0,0,0,0
Puffinus_gravis,Procellariidae,Procellariiformes,0,6,-32.07138973,11.91851501,0,0,0,0
Puffinus_griseus,Procellariidae,Procellariiformes,0,6,169.3851157,-39.06537901,0,0,0,0
Puffinus_heinrothi,Procellariidae,Procellariiformes,0,5,151.0267296,-5.147680635,0,0,0,0
Puffinus_huttoni,Procellariidae,Procellariiformes,0,6,155.3442235,-35.79584292,0,0,0,0
Puffinus_lherminieri,Procellariidae,Procellariiformes,0,5,-68.64014311,18.99345773,0,0,0,0
Puffinus_mauretanicus,Procellariidae,Procellariiformes,0,5,4.234619949,47.62241678,0,0,0,0
Puffinus_myrtae,Procellariidae,Procellariiformes,0,5,-152.0548093,12.464623,0,0,0,0
Puffinus_nativitatis,Procellariidae,Procellariiformes,0,6,-146.5211823,-8.508616759,0,0,0,0
Puffinus_newelli,Procellariidae,Procellariiformes,0,6,-152.0548093,12.464623,0,0,0,0
Puffinus_opisthomelas,Procellariidae,Procellariiformes,0,6,-115.9539157,29.08787488,0,0,0,0
Puffinus_pacificus,Procellariidae,Procellariiformes,0,6,157.3366448,-0.37714578,0,0,0,0
Puffinus_persicus,Procellariidae,Procellariiformes,0,5,NA,NA,0,0,0,0
Puffinus_puffinus,Procellariidae,Procellariiformes,0,6,-28.35756559,24.8867166,0,0,0,0
Puffinus_subalaris,Procellariidae,Procellariiformes,0,5,-68.64014311,18.99345773,0,0,0,0
Puffinus_tenuirostris,Procellariidae,Procellariiformes,0,5,161.1451938,-15.2324944,0,0,0,0
Puffinus_yelkouan,Procellariidae,Procellariiformes,0,5,19.59742473,38.46174773,0,0,0,0
Pulsatrix_koeniswaldiana,Strigidae,Strigiformes,0,1,-48.23626934,-23.43650179,0,0,0,0
Pulsatrix_melanota,Strigidae,Strigiformes,0,1,-74.4873364,-8.998504757,0,0,0,0
Pulsatrix_perspicillata,Strigidae,Strigiformes,0,6,-58.81122496,-7.023104207,0,0,0,0
Purpureicephalus_spurius,Psittaculidae,Psittaciformes,1,1,117.945424,-33.5730672,1,1,1,1
Pygoscelis_adeliae,Spheniscidae,Sphenisciformes,0,5,99.22657236,-70.31211126,0,0,0,0
Pygoscelis_antarcticus,Spheniscidae,Sphenisciformes,1,5,-39.88823035,-61.32582285,1,0,0,1
Pygoscelis_papua,Spheniscidae,Sphenisciformes,1,5,-25.5942077,-54.30843114,1,0,0,1
Pyrilia_aurantiocephala,Psittacidae,Psittaciformes,1,1,-56.32284381,-6.518789492,1,1,0,1
Pyrilia_barrabandi,Psittacidae,Psittaciformes,1,1,-67.40198676,-4.602358354,1,1,0,1
Pyrilia_caica,Psittacidae,Psittaciformes,1,1,-57.60863581,2.638062453,1,1,0,1
Pyrilia_haematotis,Psittacidae,Psittaciformes,1,1,-87.57322562,14.76297921,1,1,0,1
Pyrilia_pulchra,Psittacidae,Psittaciformes,1,6,-78.19965288,2.283616491,1,1,0,1
Pyrilia_pyrilia,Psittacidae,Psittaciformes,1,1,-74.1284681,7.558181566,1,1,0,1
Pyrilia_vulturina,Psittacidae,Psittaciformes,1,3,-53.27552729,-4.913457763,1,1,0,1
Pyrrhura_albipectus,Psittacidae,Psittaciformes,1,1,-78.55326729,-3.603313497,1,1,0,1
Pyrrhura_amazonum,Psittacidae,Psittaciformes,1,3,-61.44993659,-3.686519647,1,1,0,1
Pyrrhura_calliptera,Psittacidae,Psittaciformes,1,1,-73.6717786,4.706685253,1,1,0,1
Pyrrhura_cruentata,Psittacidae,Psittaciformes,1,6,-40.59497559,-18.2387119,1,1,0,1
Pyrrhura_devillei,Psittacidae,Psittaciformes,1,3,-57.03706114,-20.58286357,1,1,0,1
Pyrrhura_egregia,Psittacidae,Psittaciformes,1,1,-61.12930067,5.553398134,1,1,0,1
Pyrrhura_frontalis,Psittacidae,Psittaciformes,1,3,-48.79009256,-22.83504539,1,1,0,1
Pyrrhura_griseipectus,Psittacidae,Psittaciformes,1,3,-38.90558093,-4.251648328,1,1,0,1
Pyrrhura_hoematotis,Psittacidae,Psittaciformes,1,3,-67.70486695,10.26084896,1,1,0,1
Pyrrhura_hoffmanni,Psittacidae,Psittaciformes,1,1,-83.0176092,9.24209623,1,1,0,1
Pyrrhura_lepida,Psittacidae,Psittaciformes,1,1,-48.94043615,-3.900404468,1,1,0,1
Pyrrhura_leucotis,Psittacidae,Psittaciformes,1,6,-44.00281084,-15.81680543,1,1,0,1
Pyrrhura_lucianii,Psittacidae,Psittaciformes,1,1,-61.44993659,-3.686519647,1,1,0,1
Pyrrhura_melanura,Psittacidae,Psittaciformes,1,1,-70.6866019,-0.975004393,1,1,0,1
Pyrrhura_molinae,Psittacidae,Psittaciformes,1,1,-61.89976112,-17.6665995,1,1,0,1
Pyrrhura_orcesi,Psittacidae,Psittaciformes,1,1,-79.57824221,-3.264566041,1,1,0,1
Pyrrhura_perlata,Psittacidae,Psittaciformes,1,1,-58.91866434,-9.897364046,1,1,0,1
Pyrrhura_pfrimeri,Psittacidae,Psittaciformes,1,1,-46.65945907,-13.48995019,1,1,0,1
Pyrrhura_picta,Psittacidae,Psittaciformes,1,3,-61.44993659,-3.686519647,1,1,0,1
Pyrrhura_rhodocephala,Psittacidae,Psittaciformes,1,1,-71.37195119,8.473912405,1,1,0,1
Pyrrhura_roseifrons,Psittacidae,Psittaciformes,1,1,-61.44993659,-3.686519647,1,1,0,1
Pyrrhura_rupicola,Psittacidae,Psittaciformes,1,1,-70.10350568,-11.15928693,1,1,0,1
Pyrrhura_viridicata,Psittacidae,Psittaciformes,1,6,-73.76335748,11.00543305,1,1,0,1
Rallina_canningi,Rallidae,Gruiformes,0,4,92.82122388,12.54781295,0,0,0,0
Rallina_eurizonoides,Rallidae,Gruiformes,0,6,103.73463,18.31313819,0,0,0,0
Rallina_fasciata,Rallidae,Gruiformes,0,6,107.661895,5.508092348,0,0,0,0
Rallina_forbesi,Rallidae,Gruiformes,0,1,142.628911,-5.627563506,0,0,0,0
Rallina_leucospila,Rallidae,Gruiformes,0,1,133.4650996,-1.14623326,0,0,0,0
Rallina_mayri,Rallidae,Gruiformes,0,1,142.3722313,-3.411419339,0,0,0,0
Rallina_rubra,Rallidae,Gruiformes,0,1,139.2738677,-4.317736912,0,0,0,0
Rallina_tricolor,Rallidae,Gruiformes,0,6,141.0774077,-5.794070844,0,0,0,0
Rallus_antarcticus,Rallidae,Gruiformes,0,6,-70.58325595,-50.09738773,0,0,0,0
Rallus_aquaticus,Rallidae,Gruiformes,0,6,63.58267292,47.81452811,0,0,0,0
Rallus_caerulescens,Rallidae,Gruiformes,0,6,29.05082702,-14.47265955,0,0,0,0
Rallus_crepitans,Rallidae,Gruiformes,0,6,NA,NA,0,0,0,0
Rallus_elegans,Rallidae,Gruiformes,0,6,-89.52573117,35.6169755,0,0,0,0
Rallus_indicus,Rallidae,Gruiformes,0,6,NA,NA,0,0,0,0
Rallus_limicola,Rallidae,Gruiformes,0,6,-100.3505321,43.61393511,0,0,0,0
Rallus_longirostris,Rallidae,Gruiformes,0,4,-71.7759722,14.15607969,0,0,0,0
Rallus_madagascariensis,Rallidae,Gruiformes,0,6,48.34560202,-19.21798633,0,0,0,0
Rallus_obsoletus,Rallidae,Gruiformes,0,4,-71.7759722,14.15607969,0,0,0,0
Rallus_semiplumbeus,Rallidae,Gruiformes,0,6,-74.17773953,4.678988458,0,0,0,0
Rallus_tenuirostris,Rallidae,Gruiformes,0,4,NA,NA,0,0,0,0
Rallus_wetmorei,Rallidae,Gruiformes,0,4,-68.10747794,10.69910242,0,0,0,0
Ramphastos_ambiguus,Ramphastidae,Piciformes,1,6,-74.7306242,-1.158976638,0,0,0,0
Ramphastos_brevis,Ramphastidae,Piciformes,1,6,-77.97980784,2.901725278,0,0,0,0
Ramphastos_dicolorus,Ramphastidae,Piciformes,1,6,-50.52772205,-23.77088549,0,0,0,0
Ramphastos_sulfuratus,Ramphastidae,Piciformes,1,6,-86.27370731,14.93108941,0,0,0,0
Ramphastos_toco,Ramphastidae,Piciformes,1,6,-53.8663408,-17.26881801,0,0,0,0
Ramphastos_tucanus,Ramphastidae,Piciformes,1,6,-62.05781672,-4.588409594,0,0,0,0
Ramphastos_vitellinus,Ramphastidae,Piciformes,1,6,-60.17846148,-5.170431513,0,0,0,0
Ramphodon_naevius,Trochilidae,Caprimulgiformes,1,1,-45.86114572,-24.03428541,0,0,0,0
Ramphomicron_dorsale,Trochilidae,Caprimulgiformes,1,1,-73.72709405,10.91469157,0,0,0,0
Ramphomicron_microrhynchum,Trochilidae,Caprimulgiformes,1,1,-75.80623665,-2.058669035,0,0,0,0
Raphus_cucullatus,Columbidae,Columbiformes,0,NA,NA,NA,0,0,0,0
Recurvirostra_americana,Recurvirostridae,Charadriiformes,0,6,-107.3499409,42.83291336,0,0,0,0
Recurvirostra_andina,Recurvirostridae,Charadriiformes,0,6,-68.77793465,-20.27481156,0,0,0,0
Recurvirostra_avosetta,Recurvirostridae,Charadriiformes,0,4,51.07848777,17.76088252,0,0,0,0
Recurvirostra_novaehollandiae,Recurvirostridae,Charadriiformes,0,4,137.7014695,-32.45900405,0,0,0,0
Reinwardtipicus_validus,Picidae,Piciformes,0,6,108.3745252,0.508034836,0,0,0,0
Reinwardtoena_browni,Columbidae,Columbiformes,0,1,150.5854787,-4.865778538,0,0,0,0
Reinwardtoena_crassirostris,Columbidae,Columbiformes,0,1,NA,NA,0,0,0,0
Reinwardtoena_reinwardti,Columbidae,Columbiformes,0,1,139.7774649,-4.432483367,0,0,0,0
Rhamphococcyx_calyorhynchus,Cuculidae,Cuculiformes,1,6,NA,NA,0,0,0,0
Rhamphomantis_megarhynchus,Cuculidae,Cuculiformes,0,1,138.1294086,-3.424907486,0,0,0,0
Rhaphidura_leucopygialis,Apodidae,Caprimulgiformes,0,6,108.3482483,-0.098966905,0,0,0,0
Rhaphidura_sabini,Apodidae,Caprimulgiformes,0,6,12.16368078,2.570103642,0,0,0,0
Rhea_americana,Rheidae,Rheiformes,0,6,-53.76131869,-22.20350301,0,0,0,0
Rhea_pennata,Rheidae,Rheiformes,0,3,-68.68596503,-37.97741333,0,0,0,0
Rheinardia_nigrescens,Phasianidae,Galliformes,0,1,NA,NA,0,0,0,0
Rheinardia_ocellata,Phasianidae,Galliformes,0,1,107.2054627,16.31954006,0,0,0,0
Rhinoplax_vigil,Bucerotidae,Bucerotiformes,0,1,108.8667762,1.670293801,0,0,0,0
Rhinopomastus_aterrimus,Phoeniculidae,Bucerotiformes,1,2,14.04581145,7.486197987,0,0,0,0
Rhinopomastus_castaneiceps,Phoeniculidae,Bucerotiformes,1,6,5.460269843,4.670605304,0,0,0,0
Rhinopomastus_cyanomelas,Phoeniculidae,Bucerotiformes,1,3,27.87249232,-16.15650768,0,0,0,0
Rhinopomastus_minor,Phoeniculidae,Bucerotiformes,1,6,39.93733994,2.484607067,0,0,0,0
Rhinoptilus_africanus,Glareolidae,Charadriiformes,0,2,27.44535933,-16.87613,0,0,0,0
Rhinoptilus_bitorquatus,Glareolidae,Charadriiformes,0,6,78.38282446,14.85582204,0,0,0,0
Rhinoptilus_chalcopterus,Glareolidae,Charadriiformes,0,6,21.30393065,-4.046596148,0,0,0,0
Rhinoptilus_cinctus,Glareolidae,Charadriiformes,0,3,34.48107941,-5.754295237,0,0,0,0
Rhizothera_dulitensis,Phasianidae,Galliformes,0,1,104.9210755,1.480370991,0,0,0,0
Rhizothera_longirostris,Phasianidae,Galliformes,0,1,104.9210755,1.480370991,0,0,0,0
Rhodonessa_caryophyllacea,Anatidae,Anseriformes,0,6,NA,NA,0,0,0,0
Rhodopis_vesper,Trochilidae,Caprimulgiformes,1,6,-74.69302453,-14.21492365,0,0,0,0
Rhodostethia_rosea,Laridae,Charadriiformes,0,6,-95.51322471,65.48074666,0,0,0,0
Rhynchopsitta_pachyrhyncha,Psittacidae,Psittaciformes,1,3,-106.9431898,26.43474178,0,1,0,1
Rhynchopsitta_terrisi,Psittacidae,Psittaciformes,1,1,-100.4220437,25.37440684,0,1,0,1
Rhynchortyx_cinctus,Odontophoridae,Galliformes,0,1,-81.02967346,9.478380363,0,0,0,0
Rhynchotus_maculicollis,Tinamidae,Tinamiformes,0,6,-65.39138137,-20.40901533,0,0,0,0
Rhynchotus_rufescens,Tinamidae,Tinamiformes,0,3,-52.40807479,-21.52329139,0,0,0,0
Rhynochetos_jubatus,Rhynochetidae,Eurypygiformes,0,1,165.8959705,-21.57976339,0,0,0,0
Riccordia_bracei,Trochilidae,Caprimulgiformes,1,1,NA,NA,0,0,0,0
Rigidipenna_inexpectata,Podargidae,Caprimulgiformes,0,6,156.579824,-6.803224669,0,0,0,0
Rissa_brevirostris,Laridae,Charadriiformes,0,5,178.0434523,55.07557633,0,0,0,0
Rissa_tridactyla,Laridae,Charadriiformes,0,5,-123.5149594,54.83804828,0,0,0,0
Rollandia_microptera,Podicipedidae,Podicipediformes,0,4,-68.06539071,-18.17303509,0,0,0,0
Rollandia_rolland,Podicipedidae,Podicipediformes,0,4,-65.3216447,-33.88219274,0,0,0,0
Rollulus_rouloul,Phasianidae,Galliformes,1,6,108.1155709,1.260366383,1,1,0,1
Rostratula_australis,Rostratulidae,Charadriiformes,1,6,145.7119925,-31.69416396,0,0,0,0
Rostratula_benghalensis,Rostratulidae,Charadriiformes,1,6,52.83083615,6.034746651,0,0,0,0
Rostratula_semicollaris,Rostratulidae,Charadriiformes,0,6,-61.815829,-32.86247985,0,0,0,0
Rostrhamus_sociabilis,Accipitridae,Accipitriformes,0,4,-59.01229897,-9.471452644,0,0,0,0
Rougetius_rougetii,Rallidae,Gruiformes,0,6,37.97608243,9.492078475,0,0,0,0
Ruwenzorornis_johnstoni,Musophagidae,Musophagiformes,1,1,29.16253559,-2.106605573,0,0,0,0
Rynchops_albicollis,Laridae,Charadriiformes,0,6,80.21300489,23.72969177,0,0,0,0
Rynchops_flavirostris,Laridae,Charadriiformes,0,6,22.4533853,-3.201697247,0,0,0,0
Rynchops_niger,Laridae,Charadriiformes,0,6,-57.89739489,-11.16273188,0,0,0,0
Sagittarius_serpentarius,Sagittariidae,Accipitriformes,0,6,23.49618736,-4.681307694,0,0,0,0
Salvadorina_waigiuensis,Anatidae,Anseriformes,1,4,142.1175802,-5.420000811,0,0,0,0
Sappho_sparganurus,Trochilidae,Caprimulgiformes,1,1,-65.96198072,-26.60508393,0,0,0,0
Sarcogyps_calvus,Accipitridae,Accipitriformes,0,6,84.16126463,23.68136064,0,0,0,0
Sarcoramphus_papa,Cathartidae,Cathartiformes,0,3,-59.49573545,-8.893628897,0,0,0,0
Sarkidiornis_melanotos,Anatidae,Anseriformes,1,6,1.622689238,-4.50405367,0,0,0,0
Sarkidiornis_sylvicola,Anatidae,Anseriformes,1,6,1.622689238,-4.50405367,0,0,0,0
Sarothrura_affinis,Sarothruridae,Gruiformes,0,6,29.69769677,-22.89061118,0,0,0,0
Sarothrura_ayresi,Sarothruridae,Gruiformes,0,6,41.33724022,11.45017696,0,0,0,0
Sarothrura_boehmi,Sarothruridae,Gruiformes,0,6,29.39881057,-12.10881213,0,0,0,0
Sarothrura_elegans,Sarothruridae,Gruiformes,0,6,26.57987704,-8.402591145,0,0,0,0
Sarothrura_insularis,Sarothruridae,Gruiformes,0,6,47.78564824,-19.40013194,0,0,0,0
Sarothrura_lugens,Sarothruridae,Gruiformes,0,6,24.11541902,-5.125754248,0,0,0,0
Sarothrura_pulchra,Sarothruridae,Gruiformes,0,6,16.5287652,0.31378402,0,0,0,0
Sarothrura_rufa,Sarothruridae,Gruiformes,0,6,25.21222639,-9.927841886,0,0,0,0
Sarothrura_watersi,Sarothruridae,Gruiformes,0,6,47.8203,-19.38005592,0,0,0,0
Sasia_abnormis,Picidae,Piciformes,0,6,109.0465837,1.719507629,0,0,0,0
Sasia_africana,Picidae,Piciformes,0,1,19.95911001,-0.857856368,0,0,0,0
Sasia_ochracea,Picidae,Piciformes,0,1,99.68540854,20.92695137,0,0,0,0
Saudareos_flavoviridis,Psittaculidae,Psittaciformes,1,1,120.8519725,-2.308610968,0,1,0,1
Saudareos_iris,Psittaculidae,Psittaciformes,1,1,NA,NA,1,1,0,1
Saudareos_johnstoniae,Psittaculidae,Psittaciformes,1,1,124.7391695,7.321854089,0,1,0,1
Saudareos_meyeri,Psittaculidae,Psittaciformes,1,6,NA,NA,0,1,0,1
Saudareos_ornatus,Psittaculidae,Psittaciformes,1,6,121.214652,-2.125984836,1,1,0,1
Schistes_albogularis,Trochilidae,Caprimulgiformes,1,1,-75.24003412,-0.164082474,0,0,0,0
Schistes_geoffroyi,Trochilidae,Caprimulgiformes,1,1,-75.24003412,-0.164082474,0,0,0,0
Schoutedenapus_myoptilus,Apodidae,Caprimulgiformes,0,3,32.40640442,-1.687752871,0,0,0,0
Scleroptila_whytei,Phasianidae,Galliformes,0,3,NA,NA,0,0,0,0
Scolopax_bukidnonensis,Scolopacidae,Charadriiformes,0,1,122.6042586,13.8368367,0,0,0,0
Scolopax_celebensis,Scolopacidae,Charadriiformes,0,6,120.2874031,-1.731558048,0,0,0,0
Scolopax_minor,Scolopacidae,Charadriiformes,0,6,-84.21670506,41.50262253,0,0,0,0
Scolopax_mira,Scolopacidae,Charadriiformes,0,6,128.5609227,27.24380747,0,0,0,0
Scolopax_rochussenii,Scolopacidae,Charadriiformes,0,6,127.6498863,-1.234811909,0,0,0,0
Scolopax_rosenbergii,Scolopacidae,Charadriiformes,0,6,141.6701928,-5.17498086,0,0,0,0
Scolopax_rusticola,Scolopacidae,Charadriiformes,0,6,69.24012415,56.13214573,0,0,0,0
Scolopax_saturata,Scolopacidae,Charadriiformes,0,3,99.32101326,1.167280318,0,0,0,0
Scopus_umbretta,Scopidae,Pelecaniformes,0,6,22.97688531,-3.41094405,0,0,0,0
Scotopelia_bouvieri,Strigidae,Strigiformes,0,6,17.69142952,1.632464061,0,0,0,0
Scotopelia_peli,Strigidae,Strigiformes,0,6,20.32072972,-3.056255211,0,0,0,0
Scotopelia_ussheri,Strigidae,Strigiformes,0,6,-6.323946828,6.541369007,0,0,0,0
Scythrops_novaehollandiae,Cuculidae,Cuculiformes,0,6,139.1148229,-18.8265496,0,0,0,0
Selasphorus_ardens,Trochilidae,Caprimulgiformes,1,1,-81.48230231,8.565225878,0,0,0,0
Selasphorus_flammula,Trochilidae,Caprimulgiformes,1,1,-83.37763838,9.447602163,0,0,0,0
Selasphorus_platycercus,Trochilidae,Caprimulgiformes,1,1,-107.0501495,31.89402378,0,0,0,0
Selasphorus_rufus,Trochilidae,Caprimulgiformes,1,6,-124.4976865,52.21329851,0,0,0,0
Selasphorus_sasin,Trochilidae,Caprimulgiformes,1,3,-122.3112879,38.09083746,0,0,0,0
Selasphorus_scintilla,Trochilidae,Caprimulgiformes,1,6,-83.45475366,9.431568281,0,0,0,0
Selenidera_gouldii,Ramphastidae,Piciformes,0,1,-55.03566279,-7.962147569,0,0,0,0
Selenidera_maculirostris,Ramphastidae,Piciformes,0,1,-47.51167826,-22.8321635,0,0,0,0
Selenidera_nattereri,Ramphastidae,Piciformes,0,1,-64.85487957,1.172017377,0,0,0,0
Selenidera_piperivora,Ramphastidae,Piciformes,0,3,-56.74453753,2.356090016,0,0,0,0
Selenidera_reinwardtii,Ramphastidae,Piciformes,0,1,-71.09177341,-6.07281867,0,0,0,0
Selenidera_spectabilis,Ramphastidae,Piciformes,0,1,-81.87051362,10.73217612,0,0,0,0
Semnornis_frantzii,Semnornithidae,Piciformes,1,1,-83.25851599,9.519509535,1,0,0,1
Semnornis_ramphastinus,Semnornithidae,Piciformes,1,3,-77.22763986,2.336369037,1,1,0,1
Sephanoides_fernandensis,Trochilidae,Caprimulgiformes,1,6,-78.84684405,-33.61786557,0,0,0,0
Sephanoides_sephaniodes,Trochilidae,Caprimulgiformes,1,3,-72.19420646,-44.31556627,0,0,0,0
Siphonorhis_brewsteri,Caprimulgidae,Caprimulgiformes,0,1,-71.61485484,19.01077699,0,0,0,0
Somateria_fischeri,Anatidae,Anseriformes,1,5,-157.7840435,66.93184218,0,0,0,0
Somateria_mollissima,Anatidae,Anseriformes,1,6,-134.1429682,67.00759438,0,0,0,0
Somateria_spectabilis,Anatidae,Anseriformes,1,6,-129.1376562,73.65913941,0,0,0,0
Speculanas_specularis,Anatidae,Anseriformes,1,6,-71.95261446,-48.77783698,0,0,0,0
Spheniscus_demersus,Spheniscidae,Sphenisciformes,0,5,19.5786896,-32.66839487,0,0,0,0
Spheniscus_humboldti,Spheniscidae,Sphenisciformes,0,5,-72.66309499,-26.08864223,0,0,0,0
Spheniscus_magellanicus,Spheniscidae,Sphenisciformes,0,6,-70.52419825,-50.4515088,0,0,0,0
Spheniscus_mendiculus,Spheniscidae,Sphenisciformes,0,5,-91.47816546,-0.397390922,0,0,0,0
Sphyrapicus_nuchalis,Picidae,Piciformes,1,3,-113.0586094,43.59861552,0,0,0,0
Sphyrapicus_ruber,Picidae,Piciformes,0,3,-126.514808,50.77171481,0,0,0,0
Sphyrapicus_thyroideus,Picidae,Piciformes,1,1,-111.6315588,40.62937133,0,0,0,0
Sphyrapicus_varius,Picidae,Piciformes,1,3,-101.3934239,54.12448445,0,0,0,0
Spilornis_cheela,Accipitridae,Accipitriformes,0,6,96.47630253,17.70119183,0,0,0,0
Spilornis_elgini,Accipitridae,Accipitriformes,0,6,92.81449553,12.47461771,0,0,0,0
Spilornis_holospilus,Accipitridae,Accipitriformes,0,6,123.0780273,11.86740592,0,0,0,0
Spilornis_kinabaluensis,Accipitridae,Accipitriformes,0,1,115.9017848,4.555641218,0,0,0,0
Spilornis_klossi,Accipitridae,Accipitriformes,0,3,93.79338352,7.060986229,0,0,0,0
Spilornis_rufipectus,Accipitridae,Accipitriformes,0,6,121.1225093,-1.64554538,0,0,0,0
Spizaetus_isidori,Accipitridae,Accipitriformes,0,3,-73.12106252,-6.860943449,0,0,0,0
Spizaetus_melanoleucus,Accipitridae,Accipitriformes,0,1,-59.41418769,-6.954747599,0,0,0,0
Spizaetus_ornatus,Accipitridae,Accipitriformes,0,6,-63.23005933,-5.950603514,0,0,0,0
Spizaetus_tyrannus,Accipitridae,Accipitriformes,0,1,-62.85464385,-4.662233894,0,0,0,0
Spiziapteryx_circumcincta,Falconidae,Falconiformes,0,3,-62.75887739,-29.98976821,0,0,0,0
Stactolaema_anchietae,Lybiidae,Piciformes,0,1,22.6842132,-10.72750064,0,0,0,0
Stactolaema_leucotis,Lybiidae,Piciformes,0,6,35.57044796,-16.84988189,0,0,0,0
Stactolaema_olivacea,Lybiidae,Piciformes,0,1,36.48848801,-10.40325524,0,0,0,0
Stactolaema_whytii,Lybiidae,Piciformes,0,3,32.46994274,-12.08191338,0,0,0,0
Starnoenas_cyanocephala,Columbidae,Columbiformes,1,6,-78.13890783,21.14274102,1,0,0,1
Steatornis_caripensis,Steatornithidae,Caprimulgiformes,0,1,-70.00122189,0.902729413,0,0,0,0
Steganopus_tricolor,Scolopacidae,Charadriiformes,0,6,-110.024272,49.59199417,0,0,0,0
Stellula_calliope,Trochilidae,Caprimulgiformes,1,6,-117.3419182,46.03293263,0,0,0,0
Stephanoaetus_coronatus,Accipitridae,Accipitriformes,0,6,23.96981235,-5.000899627,0,0,0,0
Stephanoxis_lalandi,Trochilidae,Caprimulgiformes,1,6,-50.75136473,-24.77914954,0,0,0,0
Stephanoxis_loddigesii,Trochilidae,Caprimulgiformes,1,6,-50.75136473,-24.77914954,0,0,0,0
Stercorarius_longicaudus,Stercorariidae,Charadriiformes,0,6,-5.907231643,70.00726183,0,0,0,0
Stercorarius_parasiticus,Stercorariidae,Charadriiformes,0,6,-13.9134026,68.93027698,0,0,0,0
Stercorarius_pomarinus,Stercorariidae,Charadriiformes,0,6,52.95333981,70.81702852,0,0,0,0
Sterna_acuticauda,Laridae,Charadriiformes,0,4,79.62122179,21.85101135,0,0,0,0
Sterna_albifrons,Laridae,Charadriiformes,0,6,66.45100211,40.5744919,0,0,0,0
Sterna_albostriata,Laridae,Charadriiformes,0,6,170.8335399,-44.23387232,0,0,0,0
Sterna_aleutica,Laridae,Charadriiformes,0,6,179.7976228,56.09814239,0,0,0,0
Sterna_anaethetus,Laridae,Charadriiformes,0,6,83.40485653,7.773583174,0,0,0,0
Sterna_antillarum,Laridae,Charadriiformes,0,6,-91.26806442,29.34624784,0,0,0,0
Sterna_aurantia,Laridae,Charadriiformes,0,6,85.96835441,22.86288847,0,0,0,0
Sterna_balaenarum,Laridae,Charadriiformes,0,6,15.51797148,-20.67717439,0,0,0,0
Sterna_bengalensis,Laridae,Charadriiformes,0,5,98.12400353,3.775596454,0,0,0,0
Sterna_bergii,Laridae,Charadriiformes,0,5,140.8392936,-9.573468008,0,0,0,0
Sterna_bernsteini,Laridae,Charadriiformes,0,5,120.3368847,27.20795811,0,0,0,0
Sterna_caspia,Laridae,Charadriiformes,0,6,82.16569244,5.3792425,0,0,0,0
Sterna_dougallii,Laridae,Charadriiformes,0,5,56.13901663,1.451942087,0,0,0,0
Sterna_elegans,Laridae,Charadriiformes,0,5,-116.3047924,31.85276525,0,0,0,0
Sterna_forsteri,Laridae,Charadriiformes,0,6,-104.3765525,46.07998815,0,0,0,0
Sterna_fuscata,Laridae,Charadriiformes,0,6,123.9531788,-9.202203183,0,0,0,0
Sterna_hirundinacea,Laridae,Charadriiformes,0,5,-66.29496546,-42.27343213,0,0,0,0
Sterna_hirundo,Laridae,Charadriiformes,0,6,61.15448425,53.46171412,0,0,0,0
Sterna_lorata,Laridae,Charadriiformes,0,5,-73.78792602,-17.46293286,0,0,0,0
Sterna_lunata,Laridae,Charadriiformes,0,6,-169.8540785,0.703132869,0,0,0,0
Sterna_maxima,Laridae,Charadriiformes,0,5,-49.1036214,4.556135391,0,0,0,0
Sterna_nereis,Laridae,Charadriiformes,0,5,159.6802416,-25.39896114,0,0,0,0
Sterna_nilotica,Laridae,Charadriiformes,0,6,51.70898161,27.10287157,0,0,0,0
Sterna_paradisaea,Laridae,Charadriiformes,0,6,-45.82058248,68.03296342,0,0,0,0
Sterna_repressa,Laridae,Charadriiformes,0,6,42.47786707,12.11937196,0,0,0,0
Sterna_sandvicensis,Laridae,Charadriiformes,0,5,-37.20086486,3.994036394,0,0,0,0
Sterna_saundersi,Laridae,Charadriiformes,0,5,62.2175002,10.78415952,0,0,0,0
Sterna_striata,Laridae,Charadriiformes,0,6,173.0622796,-40.8830891,0,0,0,0
Sterna_sumatrana,Laridae,Charadriiformes,0,5,124.0123694,3.276126022,0,0,0,0
Sterna_superciliaris,Laridae,Charadriiformes,0,6,-58.02953743,-9.972954404,0,0,0,0
Sterna_trudeaui,Laridae,Charadriiformes,0,6,-60.27161306,-34.22053287,0,0,0,0
Sterna_virgata,Laridae,Charadriiformes,0,5,67.4358491,-49.07994312,0,0,0,0
Sterna_vittata,Laridae,Charadriiformes,0,6,-39.06532929,-43.9416313,0,0,0,0
Sternoclyta_cyanopectus,Trochilidae,Caprimulgiformes,1,6,-69.58130739,9.761246982,0,0,0,0
Stictonetta_naevosa,Anatidae,Anseriformes,0,4,143.0979534,-34.28118069,0,0,0,0
Stigmatopelia_chinensis,Columbidae,Galliformes,0,6,100.1292233,21.02092344,0,0,0,0
Stigmatopelia_senegalensis,Columbidae,Galliformes,0,6,36.7396895,10.53062778,0,0,0,0
Stiltia_isabella,Glareolidae,Charadriiformes,0,6,137.4798298,-23.89089689,0,0,0,0
Streptopelia_bitorquata,Columbidae,Galliformes,0,6,119.2453004,3.839580817,0,0,0,0
Streptopelia_capicola,Columbidae,Galliformes,0,6,28.55241157,-13.32143107,0,0,0,0
Streptopelia_decaocto,Columbidae,Galliformes,0,6,56.39172294,41.20767762,0,0,0,0
Streptopelia_decipiens,Columbidae,Galliformes,0,6,20.03525206,4.035226833,0,0,0,0
Streptopelia_dusumieri,Columbidae,Galliformes,0,6,NA,NA,0,0,0,0
Streptopelia_hypopyrrha,Columbidae,Galliformes,0,6,10.79798478,8.2931771,0,0,0,0
Streptopelia_lugens,Columbidae,Galliformes,0,6,37.72496436,6.195434368,0,0,0,0
Streptopelia_orientalis,Columbidae,Galliformes,0,6,102.3316669,42.6449268,0,0,0,0
Streptopelia_reichenowi,Columbidae,Galliformes,0,1,42.39691464,4.000462033,0,0,0,0
Streptopelia_roseogrisea,Columbidae,Galliformes,0,6,15.70285042,15.77139704,0,0,0,0
Streptopelia_semitorquata,Columbidae,Galliformes,0,3,21.67888715,-4.314124595,0,0,0,0
Streptopelia_tranquebarica,Columbidae,Galliformes,0,1,98.27306636,26.76101783,0,0,0,0
Streptopelia_turtur,Columbidae,Galliformes,0,3,42.25620812,47.15688104,0,0,0,0
Streptopelia_vinacea,Columbidae,Galliformes,0,6,12.00826406,10.63561934,0,0,0,0
Streptopelia_xanthocycla,Columbidae,Galliformes,0,6,NA,NA,0,0,0,0
Streptoprocne_biscutata,Apodidae,Caprimulgiformes,0,1,-46.99327319,-22.42372064,0,0,0,0
Streptoprocne_phelpsi,Apodidae,Caprimulgiformes,0,3,-64.23926471,3.627045524,0,0,0,0
Streptoprocne_rutila,Apodidae,Caprimulgiformes,0,6,-85.13014271,7.098888566,0,0,0,0
Streptoprocne_semicollaris,Apodidae,Caprimulgiformes,0,6,-102.7333908,21.41676808,0,0,0,0
Streptoprocne_zonaris,Apodidae,Caprimulgiformes,0,3,-64.71041634,-7.923726432,0,0,0,0
Strigops_habroptila,Strigopidae,Psittaciformes,1,1,168.9714705,-45.62735461,0,1,0,1
Strix_albitarsis,Strigidae,Strigiformes,0,3,-73.65348585,-3.740471263,0,0,0,0
Strix_aluco,Strigidae,Strigiformes,0,6,53.33080499,45.26050784,0,0,0,0
Strix_butleri,Strigidae,Strigiformes,0,3,38.90144618,25.47248213,0,0,0,0
Strix_chacoensis,Strigidae,Strigiformes,0,3,-62.93228669,-27.17242614,0,0,0,0
Strix_fulvescens,Strigidae,Strigiformes,0,1,-89.36784229,15.1230487,0,0,0,0
Strix_hadorami,Strigidae,Strigiformes,0,2,NA,NA,0,0,0,0
Strix_huhula,Strigidae,Strigiformes,0,6,-60.13054004,-6.155221588,0,0,0,0
Strix_hylophila,Strigidae,Strigiformes,0,6,-50.95487127,-25.85929105,0,0,0,0
Strix_leptogrammica,Strigidae,Strigiformes,0,3,101.8836658,18.0591031,0,0,0,0
Strix_mauritanica,Strigidae,Strigiformes,0,3,53.33080499,45.26050784,0,0,0,0
Strix_nebulosa,Strigidae,Strigiformes,0,3,38.79625316,60.18288837,0,0,0,0
Strix_nigrolineata,Strigidae,Strigiformes,0,6,-83.00036295,11.83288377,0,0,0,0
Strix_nivicolum,Strigidae,Strigiformes,0,1,NA,NA,0,0,0,0
Strix_occidentalis,Strigidae,Strigiformes,0,1,-112.4687163,35.37187464,0,0,0,0
Strix_ocellata,Strigidae,Strigiformes,0,6,78.57359213,21.22741834,0,0,0,0
Strix_rufipes,Strigidae,Strigiformes,0,6,-71.87435002,-44.83828574,0,0,0,0
Strix_sartorii,Strigidae,Strigiformes,0,1,NA,NA,0,0,0,0
Strix_seloputo,Strigidae,Strigiformes,0,6,102.6316978,8.299576349,0,0,0,0
Strix_uralensis,Strigidae,Strigiformes,0,6,89.73656614,58.48092646,0,0,0,0
Strix_varia,Strigidae,Strigiformes,0,6,-94.13932556,45.23295888,0,0,0,0
Strix_virgata,Strigidae,Strigiformes,0,6,-64.80166434,-2.563163868,0,0,0,0
Strix_woodfordii,Strigidae,Strigiformes,0,6,22.96851232,-5.206483869,0,0,0,0
Struthio_camelus,Struthionidae,Struthioniformes,0,3,22.21625661,3.280457328,0,0,0,0
Struthio_molybdophanes,Struthionidae,Struthioniformes,0,3,22.21625661,3.280457328,0,0,0,0
Sula_dactylatra,Sulidae,Suliformes,0,5,-33.98030127,-7.543233491,0,0,0,0
Sula_granti,Sulidae,Suliformes,0,5,-90.02529227,8.060937041,0,0,0,0
Sula_leucogaster,Sulidae,Suliformes,0,5,-165.7501305,-1.269911412,0,0,0,0
Sula_nebouxii,Sulidae,Suliformes,0,5,-98.31067846,12.43026533,0,0,0,0
Sula_sula,Sulidae,Suliformes,0,5,-166.1088304,-10.6899059,0,0,0,0
Sula_variegata,Sulidae,Suliformes,0,5,-75.08254945,-17.35625259,0,0,0,0
Surnia_ulula,Strigidae,Strigiformes,0,6,23.21207681,60.95117343,0,0,0,0
Surniculus_dicruroides,Cuculidae,Cuculiformes,1,1,NA,NA,0,0,0,0
Surniculus_lugubris,Cuculidae,Cuculiformes,1,6,101.7421725,16.32366755,0,0,0,0
Surniculus_musschenbroeki,Cuculidae,Cuculiformes,1,3,NA,NA,0,0,0,0
Surniculus_velutinus,Cuculidae,Cuculiformes,1,1,NA,NA,0,0,0,0
Syma_megarhyncha,Alcedinidae,Coraciiformes,1,1,142.4729489,-5.60188041,1,1,0,1
Syma_torotoro,Alcedinidae,Coraciiformes,1,6,140.9094287,-5.688906299,1,1,0,1
Synoicus_adansonii,Phasianidae,Galliformes,1,6,NA,NA,1,0,0,1
Synorhacma_multistriata,Psittaculidae,Psittaciformes,1,1,NA,NA,0,1,0,1
Synthliboramphus_antiquus,Alcidae,Charadriiformes,0,6,173.185697,50.4485985,0,0,0,0
Synthliboramphus_craveri,Alcidae,Charadriiformes,0,5,-112.8762309,28.53154085,0,0,0,0
Synthliboramphus_hypoleucus,Alcidae,Charadriiformes,0,5,-118.4174444,29.53550727,0,0,0,0
Synthliboramphus_scrippsi,Alcidae,Charadriiformes,0,6,-118.4174444,29.53550727,0,0,0,0
Synthliboramphus_wumizusume,Alcidae,Charadriiformes,0,5,137.0332706,33.84550646,0,0,0,0
Sypheotides_indicus,Otididae,Otidiformes,0,2,75.6423549,20.60323283,0,0,0,0
Syrigma_sibilatrix,Ardeidae,Pelecaniformes,0,6,-58.82390174,-21.44816293,0,0,0,0
Syrmaticus_ellioti,Phasianidae,Galliformes,1,1,114.618051,27.23086196,1,0,0,1
Syrmaticus_humiae,Phasianidae,Galliformes,1,6,99.87681859,23.68928627,1,0,0,1
Syrmaticus_mikado,Phasianidae,Galliformes,1,1,121.1308685,23.76413084,1,0,1,1
Syrmaticus_reevesii,Phasianidae,Galliformes,0,6,107.6292156,30.61526175,0,0,0,0
Syrmaticus_soemmerringii,Phasianidae,Galliformes,0,6,135.8136381,35.32547108,0,0,0,0
Syrrhaptes_paradoxus,Pteroclidae,Pterocliformes,0,3,90.81696252,46.94833106,0,0,0,0
Syrrhaptes_tibetanus,Pteroclidae,Pterocliformes,0,6,87.42151252,33.46073606,0,0,0,0
Systellura_decussata,Caprimulgidae,Caprimulgiformes,0,3,-65.22131602,-28.8659451,0,0,0,0
Systellura_longirostris,Caprimulgidae,Caprimulgiformes,0,3,-65.22131602,-28.8659451,0,0,0,0
Tachornis_furcata,Apodidae,Caprimulgiformes,0,6,-72.18635776,9.320635584,0,0,0,0
Tachornis_phoenicobia,Apodidae,Caprimulgiformes,0,3,-75.98471392,20.39928044,0,0,0,0
Tachornis_squamata,Apodidae,Caprimulgiformes,0,6,-59.36433203,-5.556345242,0,0,0,0
Tachybaptus_dominicus,Podicipedidae,Podicipediformes,0,6,-60.82806767,-8.128017861,0,0,0,0
Tachybaptus_novaehollandiae,Podicipedidae,Podicipediformes,0,6,139.8869358,-23.66409774,0,0,0,0
Tachybaptus_pelzelnii,Podicipedidae,Podicipediformes,0,4,46.67969305,-19.47949387,0,0,0,0
Tachybaptus_ruficollis,Podicipedidae,Podicipediformes,0,6,48.25120415,16.5996332,0,0,0,0
Tachybaptus_rufolavatus,Podicipedidae,Podicipediformes,0,4,NA,NA,0,0,0,0
Tachyeres_brachypterus,Anatidae,Anseriformes,0,6,-59.38369579,-51.74656635,0,0,0,0
Tachyeres_leucocephalus,Anatidae,Anseriformes,0,5,-65.12162981,-43.77425002,0,0,0,0
Tachyeres_patachonicus,Anatidae,Anseriformes,0,6,-70.31136034,-46.32963308,0,0,0,0
Tachyeres_pteneres,Anatidae,Anseriformes,0,5,-72.41616318,-50.79905424,0,0,0,0
Tachymarptis_aequatorialis,Apodidae,Caprimulgiformes,0,1,33.35418934,-5.883183893,0,0,0,0
Tachymarptis_melba,Apodidae,Caprimulgiformes,0,3,40.10574116,20.10179388,0,0,0,0
Tadorna_cana,Anatidae,Anseriformes,1,6,22.03393024,-27.82815631,0,0,0,0
Tadorna_cristata,Anatidae,Anseriformes,1,6,NA,NA,0,0,0,0
Tadorna_ferruginea,Anatidae,Anseriformes,1,6,71.56301139,42.68780285,0,0,0,0
Tadorna_radjah,Anatidae,Anseriformes,1,6,138.7344122,-13.56023425,0,0,0,0
Tadorna_tadorna,Anatidae,Anseriformes,1,6,66.89222513,48.92004418,0,0,0,0
Tadorna_tadornoides,Anatidae,Anseriformes,1,6,137.1554124,-31.81109097,0,0,0,0
Tadorna_variegata,Anatidae,Anseriformes,1,6,172.5761922,-41.827349,0,0,0,0
Taenioptynx_brodiei,Strigidae,Strigiformes,0,6,NA,NA,0,0,0,0
Taenioptynx_sylvaticus,Strigidae,Strigiformes,0,1,NA,NA,0,0,0,0
Talegalla_cuvieri,Megapodiidae,Galliformes,0,1,133.7880157,-2.58583625,0,0,0,0
Talegalla_fuscirostris,Megapodiidae,Galliformes,0,1,141.0609645,-6.856748011,0,0,0,0
Talegalla_jobiensis,Megapodiidae,Galliformes,0,1,142.2052975,-4.292972007,0,0,0,0
Tanygnathus_gramineus,Psittaculidae,Psittaciformes,1,1,126.3556472,-3.328313878,1,1,0,1
Tanygnathus_lucionensis,Psittaculidae,Psittaciformes,1,6,122.8859733,11.71677402,1,1,0,1
Tanygnathus_megalorynchos,Psittaculidae,Psittaciformes,1,6,126.2486926,-4.093228958,1,1,0,1
Tanygnathus_sumatranus,Psittaculidae,Psittaciformes,1,6,122.3678838,5.948225304,1,1,0,1
Tanysiptera_carolinae,Alcedinidae,Coraciiformes,1,6,134.8938835,-1.032963985,1,0,1,1
Tanysiptera_danae,Alcedinidae,Coraciiformes,1,1,148.272806,-9.26494022,1,0,1,1
Tanysiptera_ellioti,Alcedinidae,Coraciiformes,1,3,129.8226153,-1.194348783,1,0,0,1
Tanysiptera_galatea,Alcedinidae,Coraciiformes,1,6,140.0320922,-5.102755776,1,0,0,1
Tanysiptera_hydrocharis,Alcedinidae,Coraciiformes,1,1,140.2890715,-8.023893591,1,0,0,1
Tanysiptera_nigriceps,Alcedinidae,Coraciiformes,1,1,NA,NA,1,0,0,1
Tanysiptera_nympha,Alcedinidae,Coraciiformes,1,6,134.9386928,-2.635396133,1,0,1,1
Tanysiptera_riedelii,Alcedinidae,Coraciiformes,1,6,135.8917761,-0.937067002,1,0,0,1
Tanysiptera_sylvia,Alcedinidae,Coraciiformes,1,6,147.4695707,-13.81386041,1,0,0,1
Taoniscus_nanus,Tinamidae,Tinamiformes,0,6,-46.82677547,-18.94575124,0,0,0,0
Tapera_naevia,Cuculidae,Cuculiformes,0,3,-58.16730734,-9.347495793,0,0,0,0
Taphrolesbia_griseiventris,Trochilidae,Caprimulgiformes,1,1,-77.59086108,-8.389114167,0,0,0,0
Taphrospilus_hypostictus,Trochilidae,Caprimulgiformes,1,1,-71.65303158,-11.09905468,0,0,0,0
Tauraco_bannermani,Musophagidae,Musophagiformes,0,1,10.43912708,6.057928414,0,0,0,0
Tauraco_corythaix,Musophagidae,Musophagiformes,0,6,28.09207339,-30.08728914,0,0,0,0
Tauraco_erythrolophus,Musophagidae,Musophagiformes,0,6,15.05398254,-9.293521816,0,0,0,0
Tauraco_fischeri,Musophagidae,Musophagiformes,0,1,40.81672322,-2.108823667,0,0,0,0
Tauraco_hartlaubi,Musophagidae,Musophagiformes,0,6,36.42783478,-0.672246132,0,0,0,0
Tauraco_leucolophus,Musophagidae,Musophagiformes,0,3,24.16424619,6.005567566,0,0,0,0
Tauraco_leucotis,Musophagidae,Musophagiformes,0,6,38.16551845,9.211971722,0,0,0,0
Tauraco_livingstonii,Musophagidae,Musophagiformes,0,6,36.23596413,-14.68928176,0,0,0,0
Tauraco_macrorhynchus,Musophagidae,Musophagiformes,0,1,5.229207536,3.320161778,0,0,0,0
Tauraco_persa,Musophagidae,Musophagiformes,0,1,6.165205599,5.331285723,0,0,0,0
Tauraco_porphyreolophus,Musophagidae,Musophagiformes,0,6,33.88791247,-14.51481742,0,0,0,0
Tauraco_ruspolii,Musophagidae,Musophagiformes,0,3,39.29254753,5.207632156,0,0,0,0
Tauraco_schalowi,Musophagidae,Musophagiformes,0,1,25.51028482,-11.6915352,0,0,0,0
Tauraco_schuettii,Musophagidae,Musophagiformes,0,1,23.91068236,-1.24241899,0,0,0,0
Telacanthura_melanopygia,Apodidae,Caprimulgiformes,0,6,6.462470369,3.949184736,0,0,0,0
Telacanthura_ussheri,Apodidae,Caprimulgiformes,0,3,16.87053225,-0.728082348,0,0,0,0
Terathopius_ecaudatus,Accipitridae,Accipitriformes,0,6,23.03673799,-1.213681187,0,0,0,0
Tetrao_mlokosiewiczi,Phasianidae,Galliformes,1,3,43.92218671,42.03935212,0,0,0,0
Tetrao_parvirostris,Phasianidae,Galliformes,1,3,129.8586071,61.5326968,0,0,0,0
Tetrao_tetrix,Phasianidae,Galliformes,1,6,71.86519979,58.18940351,0,0,0,0
Tetrao_urogallus,Phasianidae,Galliformes,1,1,70.10009889,60.76984705,0,0,0,0
Tetraogallus_altaicus,Phasianidae,Galliformes,0,2,93.41941714,49.20823486,0,0,0,0
Tetraogallus_caspius,Phasianidae,Galliformes,0,6,45.72195459,37.51918033,0,0,0,0
Tetraogallus_caucasicus,Phasianidae,Galliformes,0,2,44.52262716,42.62626449,0,0,0,0
Tetraogallus_himalayensis,Phasianidae,Galliformes,0,6,79.46331941,38.6502808,0,0,0,0
Tetraogallus_tibetanus,Phasianidae,Galliformes,1,2,89.26790902,33.6982533,0,0,0,0
Tetraophasis_obscurus,Phasianidae,Galliformes,0,3,103.0639428,34.20995941,0,0,0,0
Tetraophasis_szechenyii,Phasianidae,Galliformes,0,3,97.97493384,30.19632376,0,0,0,0
Tetrax_tetrax,Otididae,Otidiformes,0,6,52.69335074,48.91291263,0,0,0,0
Thalassarche_bulleri,Diomedeidae,Procellariiformes,0,5,167.8420672,-47.26270913,0,0,0,0
Thalassarche_cauta,Diomedeidae,Procellariiformes,0,5,89.13501974,-37.25556716,0,0,0,0
Thalassarche_chlororhynchos,Diomedeidae,Procellariiformes,0,5,-10.47530907,-39.71980633,0,0,0,0
Thalassarche_chrysostoma,Diomedeidae,Procellariiformes,0,5,70.27921663,-49.22009591,0,0,0,0
Thalassarche_eremita,Diomedeidae,Procellariiformes,0,5,-176.2453913,-44.43867507,0,0,0,0
Thalassarche_melanophris,Diomedeidae,Procellariiformes,0,5,-13.32243799,-51.43852002,0,0,0,0
Thalassarche_salvini,Diomedeidae,Procellariiformes,0,5,172.5752921,-48.83074392,0,0,0,0
Thalasseus_albididorsalis,Laridae,Charadriiformes,0,5,NA,NA,0,0,0,0
Thalassoica_antarctica,Procellariidae,Procellariiformes,0,5,-8.441279616,-64.29433497,0,0,0,0
Thalassornis_leuconotus,Anatidae,Anseriformes,0,4,29.36093011,-11.67344896,0,0,0,0
Thalurania_colombica,Trochilidae,Caprimulgiformes,1,6,-78.05475048,9.908642907,0,0,0,0
Thalurania_furcata,Trochilidae,Caprimulgiformes,1,6,-58.12913889,-9.18537828,0,0,0,0
Thalurania_glaucopis,Trochilidae,Caprimulgiformes,1,6,-49.77739886,-23.81879549,0,0,0,0
Thalurania_ridgwayi,Trochilidae,Caprimulgiformes,1,6,-104.5991577,20.05952426,0,0,0,0
Thalurania_watertonii,Trochilidae,Caprimulgiformes,1,6,-35.96258453,-9.184331541,0,0,0,0
Thaumastura_cora,Trochilidae,Caprimulgiformes,1,6,-75.94286161,-12.08398133,0,0,0,0
Thaumatibis_gigantea,Threskiornithidae,Pelecaniformes,0,6,106.4656822,14.09663496,0,0,0,0
Theristicus_branickii,Threskiornithidae,Pelecaniformes,0,2,-70.71553445,-34.29381216,0,0,0,0
Theristicus_caerulescens,Threskiornithidae,Pelecaniformes,0,6,-58.23097635,-25.77742639,0,0,0,0
Theristicus_caudatus,Threskiornithidae,Pelecaniformes,0,6,-55.31433482,-15.26057314,0,0,0,0
Theristicus_melanopis,Threskiornithidae,Pelecaniformes,0,6,-70.71553445,-34.29381216,0,0,0,0
Thinocorus_orbignyianus,Thinocoridae,Charadriiformes,0,2,-70.1655805,-31.56663001,0,0,0,0
Thinocorus_rumicivorus,Thinocoridae,Charadriiformes,0,2,-70.64002088,-36.02918082,0,0,0,0
Thinornis_cucullatus,Charadriidae,Charadriiformes,0,5,127.5336417,-34.11307804,0,0,0,0
Thinornis_novaeseelandiae,Charadriidae,Charadriiformes,0,5,-177.6161573,-43.15485771,0,0,0,0
Threnetes_leucurus,Trochilidae,Caprimulgiformes,1,6,-64.90288343,-3.452918353,0,0,0,0
Threnetes_niger,Trochilidae,Caprimulgiformes,1,6,-52.17037246,1.833494019,0,0,0,0
Threnetes_ruckeri,Trochilidae,Caprimulgiformes,1,6,-78.80467793,8.146738915,0,0,0,0
Threskiornis_aethiopicus,Threskiornithidae,Pelecaniformes,0,6,23.5298127,-2.318386714,0,0,0,0
Threskiornis_bernieri,Threskiornithidae,Pelecaniformes,0,6,45.70452634,-17.70476606,0,0,0,0
Threskiornis_melanocephalus,Threskiornithidae,Pelecaniformes,0,6,86.67263119,23.44659548,0,0,0,0
Threskiornis_molucca,Threskiornithidae,Pelecaniformes,0,6,146.1525464,-32.37581217,0,0,0,0
Threskiornis_spinicollis,Threskiornithidae,Pelecaniformes,1,6,135.7574481,-25.72675342,0,0,0,0
Thripias_namaquus,Picidae,Piciformes,0,3,27.91245216,-9.768841645,0,0,0,0
Thripias_pyrrhogaster,Picidae,Piciformes,0,6,-3.388958241,7.00572577,0,0,0,0
Thripias_xantholophus,Picidae,Piciformes,0,6,19.73907975,-0.212888679,0,0,0,0
Tigriornis_leucolopha,Ardeidae,Pelecaniformes,0,6,11.94523675,1.428842633,0,0,0,0
Tigrisoma_fasciatum,Ardeidae,Pelecaniformes,0,6,-63.76651686,-11.98119417,0,0,0,0
Tigrisoma_lineatum,Ardeidae,Pelecaniformes,0,6,-57.67818377,-9.882601164,0,0,0,0
Tigrisoma_mexicanum,Ardeidae,Pelecaniformes,0,6,-93.20600901,17.92516135,0,0,0,0
Tilmatura_dupontii,Trochilidae,Caprimulgiformes,1,1,-96.06279652,17.67083073,0,0,0,0
Tinamotis_ingoufi,Tinamidae,Tinamiformes,0,3,-70.12340173,-47.29591992,0,0,0,0
Tinamotis_pentlandii,Tinamidae,Tinamiformes,0,3,-69.0986659,-18.76957656,0,0,0,0
Tinamus_guttatus,Tinamidae,Tinamiformes,0,1,-64.54246911,-5.679128352,0,0,0,0
Tinamus_major,Tinamidae,Tinamiformes,0,1,-66.0944338,-1.553151638,0,0,0,0
Tinamus_osgoodi,Tinamidae,Tinamiformes,0,1,-72.51280864,-10.73944565,0,0,0,0
Tinamus_solitarius,Tinamidae,Tinamiformes,0,1,-48.26430308,-23.09638467,0,0,0,0
Tinamus_tao,Tinamidae,Tinamiformes,0,1,-59.85715808,-9.135328966,0,0,0,0
Tockus_alboterminatus,Bucerotidae,Bucerotiformes,0,3,30.26394193,-11.06050435,0,0,0,0
Tockus_bradfieldi,Bucerotidae,Bucerotiformes,0,3,20.89092491,-18.5870862,0,0,0,0
Tockus_camurus,Bucerotidae,Bucerotiformes,0,6,12.08410785,2.020544846,0,0,0,0
Tockus_damarensis,Bucerotidae,Bucerotiformes,0,2,NA,NA,0,0,0,0
Tockus_deckeni,Bucerotidae,Bucerotiformes,0,3,39.54985557,0.990006828,0,0,0,0
Tockus_erythrorhynchus,Bucerotidae,Bucerotiformes,0,6,22.79277201,2.72011417,0,0,0,0
Tockus_fasciatus,Bucerotidae,Bucerotiformes,0,6,13.08572383,2.591872766,0,0,0,0
Tockus_flavirostris,Bucerotidae,Bucerotiformes,1,3,41.5094562,5.094063468,0,0,0,0
Tockus_hartlaubi,Bucerotidae,Bucerotiformes,1,1,14.86850366,2.573265011,0,0,0,0
Tockus_hemprichii,Bucerotidae,Bucerotiformes,0,6,38.79629054,8.641020831,0,0,0,0
Tockus_jacksoni,Bucerotidae,Bucerotiformes,0,3,35.4245685,3.196582728,0,0,0,0
Tockus_kempi,Bucerotidae,Bucerotiformes,0,3,NA,NA,0,0,0,0
Tockus_leucomelas,Bucerotidae,Bucerotiformes,0,6,24.16989523,-20.7732643,0,0,0,0
Tockus_monteiri,Bucerotidae,Bucerotiformes,0,2,15.18595603,-19.45766698,0,0,0,0
Tockus_nasutus,Bucerotidae,Bucerotiformes,0,3,20.66383165,1.577529798,0,0,0,0
Tockus_pallidirostris,Bucerotidae,Bucerotiformes,0,1,28.08358004,-11.69881443,0,0,0,0
Tockus_ruahae,Bucerotidae,Bucerotiformes,0,1,NA,NA,0,0,0,0
Tockus_rufirostris,Bucerotidae,Bucerotiformes,0,6,NA,NA,0,0,0,0
Todiramphus_albicilla,Alcedinidae,Coraciiformes,1,6,NA,NA,1,1,0,1
Todiramphus_albonotatus,Alcedinidae,Coraciiformes,1,1,150.5700662,-5.523448652,1,1,0,1
Todiramphus_australasia,Alcedinidae,Coraciiformes,1,6,123.953429,-9.094177195,1,1,0,1
Todiramphus_chloris,Alcedinidae,Coraciiformes,1,6,114.1285692,0.973681768,1,1,0,1
Todiramphus_cinnamominus,Alcedinidae,Coraciiformes,1,6,144.9080676,9.755606572,1,1,0,1
Todiramphus_colonus,Alcedinidae,Coraciiformes,1,6,NA,NA,1,1,0,1
Todiramphus_diops,Alcedinidae,Coraciiformes,1,6,127.9519508,0.581533835,1,0,0,1
Todiramphus_enigma,Alcedinidae,Coraciiformes,1,6,126.7785077,4.211579453,1,1,0,1
Todiramphus_farquhari,Alcedinidae,Coraciiformes,1,6,167.0686592,-15.58870013,1,0,0,1
Todiramphus_funebris,Alcedinidae,Coraciiformes,1,6,128.013292,0.872703253,1,1,0,1
Todiramphus_gambieri,Alcedinidae,Coraciiformes,1,6,-146.3599269,-16.16863453,1,1,0,1
Todiramphus_godeffroyi,Alcedinidae,Coraciiformes,1,6,-139.027441,-9.807684336,1,0,0,1
Todiramphus_lazuli,Alcedinidae,Coraciiformes,1,6,129.3718476,-3.229247209,1,0,1,1
Todiramphus_leucopygius,Alcedinidae,Coraciiformes,1,3,157.4857559,-7.520012196,1,0,1,1
Todiramphus_macleayii,Alcedinidae,Coraciiformes,1,6,144.2528299,-18.81051707,1,0,0,1
Todiramphus_nigrocyaneus,Alcedinidae,Coraciiformes,1,6,139.2286624,-4.939283779,1,0,0,1
Todiramphus_pelewensis,Alcedinidae,Coraciiformes,1,6,NA,NA,1,1,1,1
Todiramphus_pyrrhopygius,Alcedinidae,Coraciiformes,1,6,134.5017512,-25.7406583,1,1,0,1
Todiramphus_recurvirostris,Alcedinidae,Coraciiformes,1,6,-172.1674793,-13.73862995,1,1,0,1
Todiramphus_reichenbachii,Alcedinidae,Coraciiformes,1,6,NA,NA,1,1,0,1
Todiramphus_ruficollaris,Alcedinidae,Coraciiformes,1,1,-157.9255062,-21.91297333,1,1,0,1
Todiramphus_sacer,Alcedinidae,Coraciiformes,1,6,NA,NA,1,1,0,1
Todiramphus_sanctus,Alcedinidae,Coraciiformes,1,6,138.4096802,-26.07222446,1,1,0,1
Todiramphus_saurophagus,Alcedinidae,Coraciiformes,1,6,141.7050643,-3.613228686,1,1,0,1
Todiramphus_sordidus,Alcedinidae,Coraciiformes,1,6,NA,NA,1,1,0,1
Todiramphus_tristrami,Alcedinidae,Coraciiformes,1,6,NA,NA,1,1,0,1
Todiramphus_tutus,Alcedinidae,Coraciiformes,1,6,-150.9296256,-17.83628716,1,1,0,1
Todiramphus_veneratus,Alcedinidae,Coraciiformes,1,6,-149.4532335,-17.66036962,1,1,0,1
Todiramphus_winchelli,Alcedinidae,Coraciiformes,1,1,124.5120381,8.682676483,1,0,0,1
Todus_angustirostris,Todidae,Coraciiformes,1,1,-71.26238512,18.91283794,0,1,0,1
Todus_mexicanus,Todidae,Coraciiformes,1,6,-66.47591436,18.22772381,1,1,0,1
Todus_multicolor,Todidae,Coraciiformes,1,6,-79.01767342,21.6262354,1,1,0,1
Todus_subulatus,Todidae,Coraciiformes,1,6,-71.27860544,18.91220156,0,1,0,1
Todus_todus,Todidae,Coraciiformes,1,6,-77.31089921,18.15643155,0,1,0,1
Topaza_pella,Trochilidae,Caprimulgiformes,1,6,-56.29938417,1.196600451,0,0,0,0
Topaza_pyra,Trochilidae,Caprimulgiformes,1,6,-69.43773743,-0.61455593,0,0,0,0
Torgos_tracheliotos,Accipitridae,Accipitriformes,0,2,27.5828974,0.930976474,0,0,0,0
Touit_batavicus,Psittacidae,Psittaciformes,1,3,-57.41857973,5.588024304,1,1,0,1
Touit_costaricensis,Psittacidae,Psittaciformes,1,1,-83.36436337,9.548181568,0,1,0,1
Touit_dilectissimus,Psittacidae,Psittaciformes,1,1,-77.37221055,3.190423159,1,1,0,1
Touit_huetii,Psittacidae,Psittaciformes,1,6,-62.08430562,-3.307720782,1,1,0,1
Touit_melanonotus,Psittacidae,Psittaciformes,1,1,-44.86803899,-23.2511776,1,1,1,1
Touit_purpuratus,Psittacidae,Psittaciformes,1,1,-60.91332164,-0.923788045,1,1,1,1
Touit_stictopterus,Psittacidae,Psittaciformes,1,3,-78.32691225,-3.356951176,0,1,0,1
Touit_surdus,Psittacidae,Psittaciformes,1,6,-46.80045625,-23.85612443,1,1,1,1
Trachyphonus_darnaudii,Lybiidae,Piciformes,0,3,38.28669007,1.088482248,0,0,0,0
Trachyphonus_erythrocephalus,Lybiidae,Piciformes,0,3,38.97671983,2.697212545,0,0,0,0
Trachyphonus_margaritatus,Lybiidae,Piciformes,0,3,20.54288578,14.55250712,0,0,0,0
Trachyphonus_purpuratus,Lybiidae,Piciformes,0,6,16.377645,1.15857766,0,0,0,0
Trachyphonus_vaillantii,Lybiidae,Piciformes,0,6,28.55097061,-14.73832085,0,0,0,0
Tragopan_blythii,Phasianidae,Galliformes,1,1,94.66333193,25.29115887,0,0,0,0
Tragopan_caboti,Phasianidae,Galliformes,0,1,115.2632917,25.76537562,0,0,0,0
Tragopan_melanocephalus,Phasianidae,Galliformes,0,1,76.76473779,32.64097249,0,0,0,0
Tragopan_satyra,Phasianidae,Galliformes,0,1,85.05162892,28.60849342,0,0,0,0
Tragopan_temminckii,Phasianidae,Galliformes,0,1,104.1543804,28.42213116,0,0,0,0
Treron_affinis,Columbidae,Columbiformes,0,1,NA,NA,0,0,0,0
Treron_apicauda,Columbidae,Columbiformes,0,1,97.92148046,23.50046685,0,0,0,0
Treron_aromaticus,Columbidae,Columbiformes,0,1,NA,NA,0,0,0,0
Treron_australis,Columbidae,Columbiformes,0,6,46.67822091,-19.47799146,0,0,0,0
Treron_axillaris,Columbidae,Columbiformes,0,1,NA,NA,0,0,0,0
Treron_bicinctus,Columbidae,Columbiformes,0,6,93.64565549,17.26403885,0,0,0,0
Treron_calvus,Columbidae,Columbiformes,0,6,20.1791228,-3.772006706,0,0,0,0
Treron_capellei,Columbidae,Columbiformes,0,1,108.0947496,0.696388133,0,0,0,0
Treron_chloropterus,Columbidae,Columbiformes,0,1,NA,NA,0,0,0,0
Treron_curvirostra,Columbidae,Columbiformes,0,6,102.0919623,13.89305453,0,0,0,0
Treron_floris,Columbidae,Columbiformes,0,1,119.69108,-8.575615955,0,0,0,0
Treron_formosae,Columbidae,Columbiformes,0,6,121.6526808,24.01056795,0,0,0,0
Treron_fulvicollis,Columbidae,Columbiformes,0,6,109.1913087,1.039948532,0,0,0,0
Treron_griseicauda,Columbidae,Columbiformes,0,6,115.850475,-4.582436963,0,0,0,0
Treron_griveaudi,Columbidae,Columbiformes,0,1,NA,NA,0,0,0,0
Treron_olax,Columbidae,Columbiformes,0,6,108.3958111,0.840382848,0,0,0,0
Treron_oxyurus,Columbidae,Columbiformes,0,6,99.76914378,0.714873219,0,0,0,0
Treron_pembaensis,Columbidae,Columbiformes,0,6,39.76241016,-5.165631878,0,0,0,0
Treron_phayrei,Columbidae,Columbiformes,0,1,NA,NA,0,0,0,0
Treron_phoenicopterus,Columbidae,Columbiformes,0,6,84.44939497,22.19542989,0,0,0,0
Treron_pompadora,Columbidae,Columbiformes,0,6,99.36236457,18.22489747,0,0,0,0
Treron_psittaceus,Columbidae,Columbiformes,0,1,125.0965115,-9.25955837,0,0,0,0
Treron_sanctithomae,Columbidae,Columbiformes,0,6,6.609599684,0.241046129,0,0,0,0
Treron_seimundi,Columbidae,Columbiformes,0,6,106.3071302,16.18731409,0,0,0,0
Treron_sieboldii,Columbidae,Columbiformes,0,1,116.459809,27.97331811,0,0,0,0
Treron_sphenurus,Columbidae,Columbiformes,0,1,98.21640744,22.70333945,0,0,0,0
Treron_teysmannii,Columbidae,Columbiformes,0,1,119.8859145,-9.817740069,0,0,0,0
Treron_vernans,Columbidae,Columbiformes,0,6,110.4479069,3.352588379,0,0,0,0
Treron_waalia,Columbidae,Columbiformes,0,6,17.75881105,10.72773843,0,0,0,0
Trichoglossus_capistratus,Psittaculidae,Psittaciformes,1,1,NA,NA,1,1,0,1
Trichoglossus_chlorolepidotus,Psittaculidae,Psittaciformes,1,6,147.582607,-24.73149801,0,1,0,1
Trichoglossus_euteles,Psittaculidae,Psittaciformes,1,3,125.2104411,-8.974926558,0,1,0,1
Trichoglossus_forsteni,Psittaculidae,Psittaciformes,1,1,NA,NA,1,1,1,1
Trichoglossus_haematodus,Psittaculidae,Psittaciformes,1,6,140.89631,-18.60791338,1,1,1,1
Trichoglossus_moluccanus,Psittaculidae,Psittaciformes,1,6,NA,NA,1,1,1,1
Trichoglossus_rubiginosus,Psittaculidae,Psittaciformes,0,6,158.2264352,6.882497389,0,0,0,0
Trichoglossus_rubritorquis,Psittaculidae,Psittaciformes,1,6,NA,NA,1,1,0,1
Trichoglossus_weberi,Psittaculidae,Psittaciformes,1,1,NA,NA,1,1,0,1
Tricholaema_diademata,Lybiidae,Piciformes,0,3,36.0331744,-0.37427071,0,0,0,0
Tricholaema_frontata,Lybiidae,Piciformes,0,3,24.54234623,-12.55588357,0,0,0,0
Tricholaema_hirsuta,Lybiidae,Piciformes,0,1,15.77174546,0.955019487,0,0,0,0
Tricholaema_lacrymosa,Lybiidae,Piciformes,0,3,33.99441383,-2.818041698,0,0,0,0
Tricholaema_leucomelas,Lybiidae,Piciformes,0,6,22.79061138,-24.43407524,0,0,0,0
Tricholaema_melanocephala,Lybiidae,Piciformes,0,3,40.49611145,4.117317399,0,0,0,0
Triclaria_malachitacea,Psittacidae,Psittaciformes,1,6,-49.67750829,-27.08063223,1,1,0,1
Trigonoceps_occipitalis,Accipitridae,Accipitriformes,0,3,25.24883788,2.245236055,0,0,0,0
Tringa_erythropus,Scolopacidae,Charadriiformes,0,6,106.4417474,68.64261135,0,0,0,0
Tringa_flavipes,Scolopacidae,Charadriiformes,0,6,-124.8002657,61.8893789,0,0,0,0
Tringa_glareola,Scolopacidae,Charadriiformes,0,6,90.01917931,62.17618888,0,0,0,0
Tringa_guttifer,Scolopacidae,Charadriiformes,0,6,139.8315529,54.27873847,0,0,0,0
Tringa_melanoleuca,Scolopacidae,Charadriiformes,0,6,-106.7188217,55.71828379,0,0,0,0
Tringa_nebularia,Scolopacidae,Charadriiformes,0,6,88.5627285,61.17521713,0,0,0,0
Tringa_ochropus,Scolopacidae,Charadriiformes,0,6,82.7241567,59.10440873,0,0,0,0
Tringa_solitaria,Scolopacidae,Charadriiformes,0,6,-117.1626479,59.19944073,0,0,0,0
Tringa_stagnatilis,Scolopacidae,Charadriiformes,0,6,72.36168201,54.39432508,0,0,0,0
Tringa_totanus,Scolopacidae,Charadriiformes,0,6,NA,NA,0,0,0,0
Trochilus_polytmus,Trochilidae,Caprimulgiformes,1,1,-77.38042558,18.16386861,0,0,0,0
Trochilus_scitulus,Trochilidae,Caprimulgiformes,1,1,-76.41768712,18.06085939,0,0,0,0
Trogon_bairdii,Trogonidae,Trogoniformes,1,1,-83.4405179,8.977975196,0,0,0,0
Trogon_caligatus,Trogonidae,Trogoniformes,1,6,-84.02494574,12.61940417,0,0,0,0
Trogon_chionurus,Trogonidae,Trogoniformes,1,1,-77.14325758,5.448068195,0,0,0,0
Trogon_citreolus,Trogonidae,Trogoniformes,1,6,-101.4757551,19.16582585,0,0,0,0
Trogon_clathratus,Trogonidae,Trogoniformes,1,3,-82.79414508,9.486138989,0,0,0,0
Trogon_collaris,Trogonidae,Trogoniformes,1,1,-66.61548203,-2.061039796,0,0,0,0
Trogon_comptus,Trogonidae,Trogoniformes,1,6,-77.64842036,3.565748026,0,0,0,0
Trogon_curucui,Trogonidae,Trogoniformes,1,6,-57.74090728,-10.29950899,0,0,0,0
Trogon_elegans,Trogonidae,Trogoniformes,1,3,-101.0798125,22.00237747,0,0,0,0
Trogon_massena,Trogonidae,Trogoniformes,1,6,-86.38505674,13.50253686,0,0,0,0
Trogon_melanocephalus,Trogonidae,Trogoniformes,1,6,-89.59390716,16.93636529,0,0,0,0
Trogon_melanurus,Trogonidae,Trogoniformes,1,6,-63.47131293,-3.175003781,0,0,0,0
Trogon_mesurus,Trogonidae,Trogoniformes,1,1,-79.96083097,-1.530331406,0,0,0,0
Trogon_mexicanus,Trogonidae,Trogoniformes,1,1,-99.86793059,20.09332387,0,0,0,0
Trogon_personatus,Trogonidae,Trogoniformes,1,1,-71.89586427,-2.949120921,0,0,0,0
Trogon_ramonianus,Trogonidae,Trogoniformes,1,1,NA,NA,0,0,0,0
Trogon_rufus,Trogonidae,Trogoniformes,1,6,-61.15647002,-5.772672642,0,0,0,0
Trogon_surrucura,Trogonidae,Trogoniformes,1,1,-49.97451426,-22.68750514,0,0,0,0
Trogon_violaceus,Trogonidae,Trogoniformes,1,6,-62.88707888,-3.552832466,0,0,0,0
Trogon_viridis,Trogonidae,Trogoniformes,1,6,-60.52810365,-4.816725171,0,0,0,0
Tropicoperdix_charltonii,Phasianidae,Galliformes,0,1,NA,NA,0,0,0,0
Tropicoperdix_chloropus,Phasianidae,Galliformes,0,1,NA,NA,0,0,0,0
Tropicoperdix_graydoni,Phasianidae,Galliformes,0,6,NA,NA,0,0,0,0
Tropicranus_albocristatus,Bucerotidae,Bucerotiformes,0,6,12.15417114,1.895797533,0,0,0,0
Trugon_terrestris,Columbidae,Columbiformes,0,1,140.8827673,-5.38672244,0,0,0,0
Tryngites_subruficollis,Scolopacidae,Charadriiformes,0,6,-115.215768,71.39321453,0,0,0,0
Turacoena_manadensis,Columbidae,Columbiformes,1,6,121.314968,-2.114039128,0,0,0,0
Turacoena_modesta,Columbidae,Columbiformes,1,6,125.2096126,-9.12809042,0,0,0,0
Turacoena_sulaensis,Columbidae,Columbiformes,1,6,121.314968,-2.114039128,0,0,0,0
Turnix_castanotus,Turnicidae,Charadriiformes,0,3,130.7947514,-14.31449085,0,0,0,0
Turnix_everetti,Turnicidae,Charadriiformes,0,6,120.1229937,-9.607273446,0,0,0,0
Turnix_hottentottus,Turnicidae,Charadriiformes,0,6,26.26175592,-9.983339995,0,0,0,0
Turnix_maculosus,Turnicidae,Charadriiformes,0,3,136.4423827,-14.23319195,0,0,0,0
Turnix_melanogaster,Turnicidae,Charadriiformes,0,3,152.1385172,-26.85130078,0,0,0,0
Turnix_nanus,Turnicidae,Charadriiformes,0,6,NA,NA,0,0,0,0
Turnix_nigricollis,Turnicidae,Charadriiformes,0,6,46.67901298,-19.48059525,0,0,0,0
Turnix_novaecaledoniae,Turnicidae,Charadriiformes,0,2,NA,NA,0,0,0,0
Turnix_ocellatus,Turnicidae,Charadriiformes,0,6,121.4271469,15.94059823,0,0,0,0
Turnix_olivii,Turnicidae,Charadriiformes,0,6,144.0530566,-15.47543615,0,0,0,0
Turnix_pyrrhothorax,Turnicidae,Charadriiformes,0,3,140.9562344,-24.86690221,0,0,0,0
Turnix_suscitator,Turnicidae,Charadriiformes,0,6,95.51916243,17.36826076,0,0,0,0
Turnix_sylvaticus,Turnicidae,Charadriiformes,0,3,46.63554077,3.614335902,0,0,0,0
Turnix_tanki,Turnicidae,Charadriiformes,0,3,101.9980221,27.8525308,0,0,0,0
Turnix_varius,Turnicidae,Charadriiformes,0,3,142.8411148,-30.80891383,0,0,0,0
Turnix_velox,Turnicidae,Charadriiformes,0,3,134.0483028,-26.50081522,0,0,0,0
Turnix_worcesteri,Turnicidae,Charadriiformes,0,2,121.4216817,15.96535293,0,0,0,0
Turtur_abyssinicus,Columbidae,Columbiformes,1,6,13.12404155,11.4325336,0,0,0,0
Turtur_afer,Columbidae,Columbiformes,1,6,17.55465752,2.034411518,0,0,0,0
Turtur_brehmeri,Columbidae,Columbiformes,1,6,13.68632773,2.436979524,0,0,0,0
Turtur_chalcospilos,Columbidae,Columbiformes,1,6,31.74560072,-11.04283315,0,0,0,0
Turtur_tympanistria,Columbidae,Columbiformes,1,6,23.52479483,-4.632250909,0,0,0,0
Tympanuchus_cupido,Phasianidae,Galliformes,0,6,-98.80473428,42.3918694,0,0,0,0
Tympanuchus_pallidicinctus,Phasianidae,Galliformes,0,6,-101.0651912,36.60829672,0,0,0,0
Tympanuchus_phasianellus,Phasianidae,Galliformes,0,6,-116.8613643,57.49272493,0,0,0,0
Tyto_alba,Tytonidae,Strigiformes,0,6,4.056761621,2.738313375,0,0,0,0
Tyto_almae,Tytonidae,Strigiformes,0,1,NA,NA,0,0,0,0
Tyto_aurantia,Tytonidae,Strigiformes,0,1,150.5342414,-5.556338097,0,0,0,0
Tyto_capensis,Tytonidae,Strigiformes,0,2,26.22008401,-11.32568857,0,0,0,0
Tyto_deroepstorffi,Tytonidae,Strigiformes,0,NA,NA,NA,0,0,0,0
Tyto_glaucops,Tytonidae,Strigiformes,0,6,-71.26238512,18.91283794,0,0,0,0
Tyto_inexspectata,Tytonidae,Strigiformes,0,1,121.9525794,0.395349843,0,0,0,0
Tyto_longimembris,Tytonidae,Strigiformes,0,6,113.7287922,13.45068341,0,0,0,0
Tyto_manusi,Tytonidae,Strigiformes,0,1,146.9252178,-2.088974874,0,0,0,0
Tyto_nigrobrunnea,Tytonidae,Strigiformes,0,6,124.7437665,-1.814982632,0,0,0,0
Tyto_novaehollandiae,Tytonidae,Strigiformes,0,6,134.574517,-26.11754928,0,0,0,0
Tyto_rosenbergii,Tytonidae,Strigiformes,0,6,121.1537789,-1.99985533,0,0,0,0
Tyto_sororcula,Tytonidae,Strigiformes,0,1,127.9484675,-4.569095079,0,0,0,0
Tyto_soumagnei,Tytonidae,Strigiformes,0,6,48.78360139,-17.21594866,0,0,0,0
Tyto_tenebricosa,Tytonidae,Strigiformes,0,3,144.0621219,-14.08838243,0,0,0,0
Upupa_epops,Upupidae,Bucerotiformes,0,6,59.73645251,27.22801127,0,0,0,0
Upupa_marginata,Upupidae,Bucerotiformes,0,6,59.73645251,27.22801127,0,0,0,0
Uratelornis_chimaera,Brachypteraciidae,Coraciiformes,1,1,43.63877119,-22.44562719,0,0,0,0
Uria_aalge,Alcidae,Charadriiformes,0,5,-2.943413449,58.21395525,0,0,0,0
Uria_lomvia,Alcidae,Charadriiformes,0,5,-0.612494901,65.65272623,0,0,0,0
Urochroa_bougueri,Trochilidae,Caprimulgiformes,1,1,-77.21236747,1.737022485,0,0,0,0
Urochroa_leucura,Trochilidae,Caprimulgiformes,1,1,NA,NA,0,0,0,0
Urocolius_indicus,Coliidae,Coliiformes,1,3,24.75893778,-22.39016415,0,1,0,1
Urocolius_macrourus,Coliidae,Coliiformes,1,6,26.65185231,9.416016797,1,0,0,1
Uroglaux_dimorpha,Strigidae,Strigiformes,0,3,138.0464573,-4.082069401,0,0,0,0
Uropelia_campestris,Columbidae,Columbiformes,1,6,-50.71737267,-13.73394544,0,0,0,0
Uropsalis_lyra,Caprimulgidae,Caprimulgiformes,0,6,-71.7252601,-5.931303289,0,0,0,0
Uropsalis_segmentata,Caprimulgidae,Caprimulgiformes,0,1,-74.50828227,-6.223695343,0,0,0,0
Urosticte_benjamini,Trochilidae,Caprimulgiformes,1,1,-77.24569435,2.654955089,0,0,0,0
Urosticte_ruficrissa,Trochilidae,Caprimulgiformes,1,1,-77.97062828,-2.403563307,0,0,0,0
Urotriorchis_macrourus,Accipitridae,Accipitriformes,0,6,15.03974337,1.175843494,0,0,0,0
Vanellus_albiceps,Charadriidae,Charadriiformes,0,6,13.10232643,2.86510321,0,0,0,0
Vanellus_armatus,Charadriidae,Charadriiformes,0,6,25.31028299,-19.68422273,0,0,0,0
Vanellus_cayanus,Charadriidae,Charadriiformes,0,6,-57.09632843,-8.015674876,0,0,0,0
Vanellus_chilensis,Charadriidae,Charadriiformes,1,6,-58.760266,-19.56521038,0,0,0,0
Vanellus_cinereus,Charadriidae,Charadriiformes,0,6,126.8451985,45.18038297,0,0,0,0
Vanellus_coronatus,Charadriidae,Charadriiformes,0,6,28.16565458,-14.7915341,0,0,0,0
Vanellus_crassirostris,Charadriidae,Charadriiformes,1,6,29.99282621,-8.014677942,0,0,0,0
Vanellus_duvaucelii,Charadriidae,Charadriiformes,0,6,92.65226268,21.82452231,0,0,0,0
Vanellus_gregarius,Charadriidae,Charadriiformes,0,6,65.12510496,50.57690838,0,0,0,0
Vanellus_indicus,Charadriidae,Charadriiformes,1,6,75.35855808,23.96886812,0,0,0,0
Vanellus_leucurus,Charadriidae,Charadriiformes,0,6,60.55027996,38.19833686,0,0,0,0
Vanellus_lugubris,Charadriidae,Charadriiformes,0,6,28.40925947,-6.820268624,0,0,0,0
Vanellus_macropterus,Charadriidae,Charadriiformes,0,6,NA,NA,0,0,0,0
Vanellus_malabaricus,Charadriidae,Charadriiformes,0,6,78.27183854,20.64386688,0,0,0,0
Vanellus_melanocephalus,Charadriidae,Charadriiformes,0,6,38.49661565,9.92457547,0,0,0,0
Vanellus_melanopterus,Charadriidae,Charadriiformes,0,6,35.42302757,-1.240624241,0,0,0,0
Vanellus_miles,Charadriidae,Charadriiformes,0,6,147.3293741,-28.33574171,0,0,0,0
Vanellus_resplendens,Charadriidae,Charadriiformes,1,6,-69.78696728,-17.12303761,0,0,0,0
Vanellus_senegallus,Charadriidae,Charadriiformes,0,6,19.18178352,-0.392968426,0,0,0,0
Vanellus_spinosus,Charadriidae,Charadriiformes,0,6,18.11652939,10.9069122,0,0,0,0
Vanellus_superciliosus,Charadriidae,Charadriiformes,0,6,16.44721292,5.837139913,0,0,0,0
Vanellus_tectus,Charadriidae,Charadriiformes,0,6,15.03894908,11.66171171,0,0,0,0
Vanellus_tricolor,Charadriidae,Charadriiformes,0,2,135.873196,-28.08994533,0,0,0,0
Vanellus_vanellus,Charadriidae,Charadriiformes,1,6,59.20955489,54.21534155,0,0,0,0
Veniliornis_affinis,Picidae,Piciformes,0,1,-62.54388686,-6.517037521,0,0,0,0
Veniliornis_callonotus,Picidae,Piciformes,0,6,-79.90290139,-3.230302426,0,0,0,0
Veniliornis_cassini,Picidae,Piciformes,0,3,-57.80595634,3.286997594,0,0,0,0
Veniliornis_chocoensis,Picidae,Piciformes,0,1,-77.52911802,3.82488455,0,0,0,0
Veniliornis_dignus,Picidae,Piciformes,0,6,-76.70723135,1.392706999,0,0,0,0
Veniliornis_frontalis,Picidae,Piciformes,0,1,-64.66483359,-21.43168238,0,0,0,0
Veniliornis_kirkii,Picidae,Piciformes,0,6,-73.15193206,7.177498212,0,0,0,0
Veniliornis_lignarius,Picidae,Piciformes,0,6,-70.16739657,-37.31254157,0,0,0,0
Veniliornis_maculifrons,Picidae,Piciformes,0,3,-41.84675303,-19.57743202,0,0,0,0
Veniliornis_mixtus,Picidae,Piciformes,0,3,-57.4639306,-25.56255345,0,0,0,0
Veniliornis_nigriceps,Picidae,Piciformes,0,1,-74.75308274,-7.013157201,0,0,0,0
Veniliornis_passerinus,Picidae,Piciformes,0,6,-57.3969177,-8.0604545,0,0,0,0
Veniliornis_sanguineus,Picidae,Piciformes,0,6,-55.73329013,5.934002833,0,0,0,0
Veniliornis_spilogaster,Picidae,Piciformes,0,3,-51.76111566,-25.87888894,0,0,0,0
Vini_amabilis,Psittaculidae,Psittaciformes,1,1,NA,NA,0,1,0,1
Vini_australis,Psittaculidae,Psittaciformes,1,6,-172.4108594,-14.65642624,1,1,1,1
Vini_diadema,Psittaculidae,Psittaciformes,1,3,NA,NA,1,1,0,1
Vini_kuhlii,Psittaculidae,Psittaciformes,1,6,-157.7745763,1.572266199,1,1,1,1
Vini_peruviana,Psittaculidae,Psittaciformes,1,6,-149.967902,-17.38020041,1,0,1,1
Vini_rubrigularis,Psittaculidae,Psittaciformes,1,1,NA,NA,1,1,0,1
Vini_stepheni,Psittaculidae,Psittaciformes,1,1,-128.3155182,-24.36362942,1,1,1,1
Vini_ultramarina,Psittaculidae,Psittaciformes,1,6,-139.0984202,-9.686333293,1,1,1,1
Vultur_gryphus,Cathartidae,Cathartiformes,0,2,-70.34482453,-33.58595099,0,0,0,0
Xema_sabini,Laridae,Charadriiformes,0,6,-140.197293,70.25634062,0,0,0,0
Xenoglaux_loweryi,Strigidae,Strigiformes,0,1,-77.79859644,-5.735755786,0,0,0,0
Xenoperdix_udzungwensis,Phasianidae,Galliformes,0,3,36.1144024,-7.602341863,0,0,0,0
Xenus_cinereus,Scolopacidae,Charadriiformes,0,6,93.99803186,61.89539475,0,0,0,0
Xiphidiopicus_percussus,Picidae,Piciformes,0,6,-79.01730857,21.62678349,0,0,0,0
Zapornia_monasa,Rallidae,Gruiformes,0,6,NA,NA,0,0,0,0
Zapornia_palmeri,Rallidae,Gruiformes,0,3,NA,NA,0,0,0,0
Zapornia_sandwichensis,Rallidae,Gruiformes,0,3,NA,NA,0,0,0,0
Zebrilus_undulatus,Ardeidae,Pelecaniformes,0,6,-63.3232964,-3.216375118,0,0,0,0
Zenaida_asiatica,Columbidae,Columbiformes,0,6,-100.0607152,25.01689817,0,0,0,0
Zenaida_auriculata,Columbidae,Columbiformes,0,6,-59.77515263,-22.53682899,0,0,0,0
Zenaida_aurita,Columbidae,Columbiformes,1,6,-75.4588301,20.41386361,0,0,0,0
Zenaida_galapagoensis,Columbidae,Columbiformes,0,3,-90.89218111,-0.541099273,0,0,0,0
Zenaida_graysoni,Columbidae,Columbiformes,1,1,-99.12087717,39.94481847,0,0,0,0
Zenaida_macroura,Columbidae,Columbiformes,1,6,-99.12087717,39.94481847,0,0,0,0
Zenaida_meloda,Columbidae,Columbiformes,1,6,-76.15012162,-11.48632708,0,0,0,0
Zonerodius_heliosylus,Ardeidae,Pelecaniformes,0,6,140.8028957,-5.46774386,0,0,0,0
Zoonavena_grandidieri,Apodidae,Caprimulgiformes,0,1,46.67488984,-19.46389322,0,0,0,0
Zoonavena_sylvatica,Apodidae,Caprimulgiformes,0,6,81.80245282,22.98527005,0,0,0,0
Zoonavena_thomensis,Apodidae,Caprimulgiformes,0,6,6.726774617,0.445614814,0,0,0,0
