Wavelength[nm];Acvu1;Acvu2;Acvu3;Agag1;Agag2;Agag3;Alsc_db1 ;Alsc_db2 ;Alsc_db3 ;Alsc_dg1;Alsc_dg2;Alsc_dg3;Alsc_lb1;Alsc_lb2;Alsc_lb3;Amgu_p1 ;Amgu_p2 ;Amgu_p3 ;Amgu1 ;Amgu2 ;Amgu3 ;Cisa1;Cisa2;Cisa3;Cobe_db1 ;Cobe_db2 ;Cobe_db3 ;Cobe_lb1 ;Cobe_lb2 ;Cobe_lb3 ;Cypa_b1;Cypa_b2;Cypa_b3;Nesp_b1;Nesp_b2;Nesp_b3;Nesp_db1;Nesp_db2;Nesp_db3;Poma_b1;Poma_b2;Poma_b3;Poma_p1;Poma_p2;Poma_p3;Psch1;Psch2;Psch3;Psoo1;Psoo2;Psoo3;Psro_b1 ;Psro_b2 ;Psro_b3 ;Pymo1 ;Pymo2 ;Pymo3 ;Tasy1;Tasy2;Tasy3
300,012;25,85253338;24,24528518;30,09794373;23,31849062;16,15584188;20,43609667;13,71211956;10,81949448;17,86509569;9,714470457;5,606554232;11,02851257;5,868534381;23,71096854;21,70288709;17,26317733;13,17295696;12,33999137;14,1264044;13,8580935;18,75250827;11,08476925;14,89606875;9,682672923;4,264380523;3,930947314;5,082277013;11,1653407;18,63574179;11,41544511;25,84428187;13,64451708;12,95949885;3,902767438;3,668637258;3,947085239;3,591762559;3,328521594;3,426845114;9,803357517;8,16297563;3,026954781;6,775465248;6,258039394;5,883205914;3,499058075;3,977444691;3,529388912;7,055109286;3,229793049;5,607178845;5,498517637;4,463958667;6,923046666;9,638470349;10,61894471;7,82930178;8,759138882;13,6970162;15,38792072
300,608;26,35272274;24,86471524;30,79134086;23,56297045;16,32095918;20,65984495;13,81925127;10,94733986;18,03643858;9,750904146;5,6312376;11,14442943;5,966219333;24,04996651;21,8412492;17,35649293;13,30645864;12,45522592;14,29125263;14,16779417;19,04390638;11,24880935;14,95485923;9,835720477;4,325949468;4,032642132;5,164782378;11,32826383;18,80632017;11,58233751;25,87844559;13,63428535;12,97203722;3,911217968;3,68193518;3,950823611;3,593913597;3,328203641;3,406354212;9,936367394;8,290065324;3,057843561;6,847599211;6,309958493;5,857535954;3,449266852;4,027294308;3,544303004;7,169315877;3,390185604;5,713615929;5,582719257;4,669763619;7,098978284;9,659513667;10,82177682;7,918125808;8,819029136;13,97164918;15,45043547
301,205;26,96396637;25,21518742;31,21175833;23,51772657;16,27314714;20,69010819;13,87609598;10,9467298;18,24662467;9,790371921;5,606559472;11,08173879;5,99680696;24,30032428;22,05345522;17,74399315;13,58474408;12,76461673;14,52580676;14,38419843;19,43275594;11,34523193;15,10779107;9,979778379;4,408963111;4,119005874;5,318013766;11,61077181;19,15298369;11,71833334;25,962334;13,91852643;13,20198;3,958238672;3,723351106;3,988376456;3,612499378;3,332693281;3,423417694;9,860453725;8,19613511;3,037861616;6,871325825;6,310863341;5,945442095;3,464423773;3,977139675;3,497049668;7,329078672;3,44482371;5,86307147;5,948076261;4,822703198;7,401260465;9,754301302;10,94267416;8,042796218;8,912360009;14,10306295;15,71663699
301,801;27,33993011;25,74771758;31,86408616;23,80933342;16,38902853;20,80261257;14,01179314;11,04363079;18,317415;9,868655908;5,731424434;11,15796746;6,071312469;24,57673014;22,16932726;18,02499275;13,82064302;12,96201306;14,81050532;14,63137746;19,82904314;11,44536134;15,03761402;10,07272417;4,455813913;4,115171016;5,371521857;11,80991689;19,42399552;11,85977866;26,22052177;13,98717001;13,22104937;4,0022326;3,784132596;4,055345317;3,677146766;3,35940325;3,506465614;9,941342935;8,219443988;3,118974576;6,974146086;6,406037793;5,996784986;3,503467921;4,041144865;3,57460776;7,379637676;3,5051753;6,014394458;6,099481609;4,911134128;7,544503722;9,674430583;11,08006067;8,01827718;8,989037932;14,28537671;15,81095302
302,397;27,82921135;26,1568823;32,4667924;23,87052528;16,39829793;20,85242182;14,00371757;11,14789689;18,34946965;9,981121309;5,680366279;11,25356268;6,12708006;24,64602961;22,13864116;18,33217391;13,934427;13,15942004;15,05118156;14,91371786;20,06121061;11,7154762;15,34248331;10,26268792;4,558129146;4,226897036;5,457010228;12,05843088;19,63020048;11,94654857;26,42682199;14,11535518;13,39190714;4,001610588;3,766688766;4,066192373;3,614033126;3,345385682;3,46136184;10,02384765;8,325881137;3,159587642;6,974730715;6,496988626;6,082915042;3,504587985;4,032692358;3,518889822;7,67346577;3,729900439;6,235816487;6,192305068;5,139544204;7,643048314;9,756588604;11,25426296;8,161923754;9,169540767;14,67794389;16,19347595
302,993;28,37682405;26,78301823;32,85870929;23,93693339;16,526513;20,97373638;14,15711716;11,24231575;18,51427453;10,03896071;5,77052735;11,32999058;6,178202782;24,95091362;22,25864814;18,62869409;14,34440165;13,49873867;15,39998735;15,19319835;20,47440394;11,87087998;15,4095017;10,367459;4,644190886;4,335832768;5,526073712;12,37996942;19,85001949;12,21402169;26,73108809;14,37674255;13,59544059;4,108763999;3,833720659;4,134635098;3,671197244;3,399606642;3,460103261;10,1019767;8,459738583;3,243334431;7,166488145;6,607456367;6,230576753;3,571622008;4,104418332;3,599282823;7,802554778;3,814377899;6,416825576;6,445532886;5,332581009;7,997781705;9,786119131;11,45049223;8,162898235;9,241741454;14,85498793;16,48488402
303,589;29,0086085;27,21262671;33,45762062;24,14453883;16,64040685;21,09909818;14,23243601;11,28956566;18,60128423;10,09515163;5,781538811;11,36764046;6,230410721;25,07954477;22,40142868;19,00841022;14,59566385;13,79701867;15,83487883;15,55672798;20,88037884;11,96857034;15,49382334;10,4720366;4,746908338;4,406020382;5,664393414;12,60975248;20,08438179;12,38051347;27,06482321;14,52302381;13,79316677;4,078042138;3,828169446;4,127037177;3,712584038;3,428924808;3,507458594;10,04606139;8,509181177;3,227891444;7,180997363;6,619412546;6,193940925;3,560398713;4,083394998;3,588812003;8,011778724;3,876961291;6,433920449;6,565151105;5,544923666;8,235018965;9,801637328;11,54836914;8,218905978;9,3179795;14,99151202;16,64741943
304,186;29,45060382;27,71176085;33,97186058;24,15338015;16,67804913;21,17205248;14,20832785;11,23509354;18,67519668;10,11473029;5,714365183;11,3662034;6,187608911;25,06982318;22,43557419;19,33616319;14,92222576;14,02750673;16,03620401;15,83229785;21,28069597;12,06200075;15,652197;10,61981434;4,7960505;4,475956594;5,658063736;12,87910976;20,39226689;12,52331639;27,0959187;14,71041623;13,88615464;4,080979216;3,879225291;4,148982514;3,716567035;3,39419504;3,4940399;10,15004553;8,55359321;3,254692817;7,201895085;6,654950982;6,268713963;3,517185013;4,077935015;3,585000362;8,142759358;3,956079138;6,703419247;6,761532812;5,718533835;8,439603262;9,914892231;11,62890838;8,30869452;9,405169515;15,19625705;16,93902489
304,782;30,0672;28,37056808;34,54896494;24,38662912;16,73823133;21,24926175;14,21386851;11,34450428;18,83924828;10,10700364;5,729159744;11,43644744;6,302433069;25,10601333;22,39135251;19,49342734;15,06628054;14,22648812;16,31261006;16,07748336;21,60280634;12,31917399;15,72596973;10,6603944;4,901608243;4,538806463;5,756308238;13,1563224;20,64859545;12,67621503;27,19652322;14,76129129;13,96895228;4,169301783;3,92594719;4,209826383;3,771923405;3,430485763;3,519042561;10,17041105;8,538720238;3,347692279;7,168151429;6,665075975;6,333825269;3,583545467;4,083851284;3,602555191;8,323298898;4,219615486;6,955360227;6,950316491;5,855909468;8,50958025;9,862814673;11,80001479;8,352428744;9,5154471;15,5349482;17,03746282
305,378;30,59341755;28,80343226;35,07730945;24,49415063;16,88569062;21,34753742;14,32946772;11,38832041;18,87721507;10,14071549;5,719231452;11,42804627;6,333015123;25,32619345;22,43892962;20,00887;15,40492115;14,60842925;16,71554225;16,4603442;22,08745719;12,40825954;15,82922097;10,82904048;5,017002527;4,572859327;5,801645883;13,44826099;20,92019679;12,83608629;27,51995813;15,08041885;14,15356793;4,144358566;3,912679716;4,207441131;3,700986455;3,396512528;3,528301767;10,31079773;8,662529171;3,428777132;7,301036643;6,77384088;6,45843749;3,568194725;4,077704397;3,569733686;8,480463077;4,310277618;7,131236963;7,181446603;6,045833737;8,810586282;9,913640011;11,82950823;8,417193316;9,625112495;15,68076489;17,38271724
305,974;31,17017816;29,36850544;35,76611328;24,66851698;16,94900804;21,51658342;14,47355709;11,50374932;18,98431426;10,16070325;5,783400603;11,51387603;6,334275635;25,3328816;22,49687117;20,24664792;15,54565416;14,65972356;16,93146499;16,60169964;22,25065932;12,47915308;15,92025386;10,87760045;5,060215242;4,659261469;5,835325135;13,70612766;21,23750688;12,95081637;27,60119592;15,13991941;14,25118857;4,239848195;3,968442306;4,269848763;3,765955369;3,459456032;3,515276949;10,28183871;8,719467204;3,445829218;7,376963026;6,818996962;6,515499388;3,547927703;4,144037652;3,6406611;8,664743991;4,387970786;7,301895081;7,362945487;6,260490482;9,06193651;9,984715154;12,03204085;8,54387128;9,643936725;15,86963348;17,48296504
306,57;31,7494682;30,03114764;36,36093147;24,65585235;16,96632835;21,46330564;14,43322562;11,57587215;19,12033002;10,31953469;5,790364873;11,554701;6,397241855;25,64351702;22,63375838;20,64663675;15,86606342;14,93503699;17,16244346;16,83645835;22,67664941;12,69729797;16,01834902;10,93382678;5,028684985;4,76555613;5,987577813;13,85758134;21,42055161;13,14141586;28,01316969;15,29150836;14,33984088;4,248858167;3,945722948;4,258094348;3,791821546;3,483955859;3,532309328;10,35309339;8,784375173;3,479897014;7,468078304;6,820248553;6,549482679;3,62343177;4,157513893;3,663601947;8,886568855;4,508182239;7,52192142;7,565998409;6,364537386;9,325523877;9,99908204;12,04610273;8,533723137;9,712503668;15,97889358;17,78572676
307,166;32,32744554;30,66727777;36,87344422;24,81309144;17,08756478;21,77238092;14,45946161;11,6003618;19,18633613;10,29803243;5,765712741;11,53477492;6,446045126;25,6530968;22,61337279;20,97182385;16,26385521;15,21426752;17,56169196;17,17107951;23,17530892;12,79531953;16,11245609;11,12059498;5,153929441;4,746274798;5,962757704;14,2610687;21,76411354;13,38261716;28,16487607;15,44243004;14,60458428;4,238009754;3,985584497;4,308398564;3,801305851;3,470232189;3,543939408;10,40254174;8,820735964;3,508702385;7,483320021;6,928743701;6,703974559;3,582924455;4,163271085;3,612294435;9,07860032;4,69558909;7,677379532;7,744373642;6,61028892;9,607541154;10,04052132;12,26634392;8,689919781;9,833673399;16,26135458;17,88702691
307,762;33,09575045;31,19750375;37,45967497;24,95078016;17,155445;21,73897795;14,44150926;11,61423077;19,23975541;10,30282899;5,783316468;11,57488801;6,452908128;25,60857199;22,63264289;21,25999188;16,48741125;15,42989252;17,88420337;17,46011323;23,42078359;12,8675365;16,23688946;11,21904439;5,204061692;4,826954668;6,03688523;14,49509188;21,94893123;13,55777748;28,2107344;15,59505827;14,63285478;4,275662402;4,035902025;4,340442893;3,838093005;3,493905945;3,578754485;10,45559385;8,814937278;3,51465015;7,551376003;6,892756846;6,654687134;3,60575831;4,162880616;3,641707403;9,171747203;4,813495783;7,856623528;7,908913748;6,809270089;9,817092289;10,09209789;12,33479453;8,749075;9,877751281;16,31009463;18,1635514
308,358;33,73197704;31,89735379;38,10668971;25,06095685;17,19561656;21,91008674;14,53015641;11,64155672;19,2376872;10,34426182;5,788299661;11,56544486;6,479624935;25,73269242;22,73781916;21,67359989;16,74729512;15,73862671;18,3330505;17,73841456;23,89134398;13,00363804;16,36073171;11,31284658;5,235682971;4,871518672;5,974988796;14,75618718;22,24210246;13,67769489;28,41418441;15,75954559;14,81091064;4,291645067;4,054890176;4,352187102;3,89869338;3,479406551;3,573166393;10,5944133;8,876570824;3,613913281;7,667551738;7,068212742;6,830372932;3,602250592;4,160526234;3,616837919;9,402098995;5,056059894;8,103429144;8,138015062;6,962307185;9,898474129;10,06326156;12,48917517;8,684391622;10,02157885;16,58970836;18,38334395
308,954;34,47157681;32,65740754;38,83770842;25,36648799;17,35947633;22,01026762;14,57702705;11,68150315;19,3683497;10,37528122;5,833271937;11,64243913;6,506273731;25,75773244;22,63359142;22,06800244;17,04319884;16,0153847;18,55182891;18,07192881;24,21566601;13,17720439;16,32208464;11,53189932;5,239109998;4,956701101;6,038495634;14,96862796;22,5699884;13,71226082;28,73431287;15,88308193;14,97352922;4,304706222;4,052562849;4,407046391;3,871386152;3,463615329;3,612989759;10,62027832;9,00867297;3,695655027;7,701146605;7,170221418;6,914031311;3,622522723;4,149304535;3,658321115;9,670834857;5,155526831;8,37927739;8,310316466;7,104941676;10,19976548;10,02980255;12,49729756;8,736455284;10,12925677;16,96248684;18,6656675
309,549;34,95624805;33,23262629;39,5049211;25,36609981;17,40246278;22,11283602;14,61354714;11,72345244;19,39759945;10,47170143;5,863056878;11,71834086;6,555821376;25,74338087;22,61796389;22,4362262;17,30947989;16,20914729;19,00093628;18,41457065;24,78806761;13,30928476;16,58643308;11,58871518;5,379855257;4,934407067;6,068229435;15,2613885;22,66804211;13,89822202;28,92231667;16,12247867;15,18080568;4,393268033;4,089337154;4,409398711;3,904696166;3,517312807;3,616148983;10,6288117;9,013720223;3,668055935;7,761037912;7,170814698;6,966752461;3,620992276;4,168436856;3,654436092;9,884653865;5,313687143;8,602202178;8,420221003;7,28095069;10,39039926;10,11124905;12,67662751;8,778602458;10,21239147;17,06697024;18,89947399
310,145;35,4983725;33,73134455;40,11692457;25,51396208;17,33656474;22,16099373;14,68581546;11,74589298;19,51780228;10,39840964;5,839122605;11,70329914;6,551510976;25,79379323;22,54478709;22,81062672;17,63373271;16,56508749;19,35802615;18,68790264;25,22611342;13,44495465;16,61609267;11,69670643;5,395504273;5,079122282;6,1360918;15,60038829;23,09472812;14,149945;29,24019058;16,37130529;15,29127074;4,397375483;4,137732413;4,462135252;3,909944637;3,567946637;3,631956191;10,72589457;9,113488825;3,727248516;7,833739655;7,227385876;7,047637106;3,59536924;4,148257341;3,674425847;10,0622504;5,594510834;8,858667071;8,692545798;7,625750596;10,65576346;10,12895221;12,71758009;8,873431896;10,33044081;17,20329284;19,05186091
310,741;36,00003197;34,43418188;40,59253926;25,573555;17,44860794;22,24203111;14,62348046;11,77554851;19,62282656;10,45451191;5,827919606;11,66578079;6,542904119;25,77227527;22,54625355;23,06901632;18,03805292;16,86914678;19,59974655;18,9176566;25,58077531;13,72065375;16,78777696;11,87298219;5,476576374;5,149272843;6,195671743;15,81705808;23,29234014;14,51575498;29,32532291;16,42197963;15,48686054;4,407163042;4,123065401;4,43459062;3,921681668;3,521192246;3,585771018;10,65542343;9,098369166;3,745471536;7,830363439;7,282264927;7,081888586;3,620585991;4,158843116;3,670353463;10,33813401;5,651482376;8,988730158;8,881173719;7,80863528;10,97115672;10,19090051;12,88896546;8,9387936;10,43582596;17,37362693;19,1945395
311,337;36,47620406;34,91768787;40,97329807;25,64742657;17,4911177;22,23505137;14,71998102;11,91894181;19,75641296;10,5656563;5,844877902;11,75251443;6,595757271;25,78901972;22,52948848;23,22999644;18,2103517;17,00565799;19,89198301;19,10016654;25,87385827;13,62395458;16,73508551;11,80235357;5,523028986;5,200052545;6,307525509;16,0831115;23,64281844;14,60261993;29,38350936;16,54936311;15,52693484;4,440371425;4,177675913;4,511389107;3,942163541;3,563499885;3,67273285;10,78170167;9,258345503;3,846883126;7,973446253;7,320321748;7,179230412;3,630162877;4,173793274;3,655559127;10,45198892;5,722264903;9,17826505;9,028252101;7,957979036;11,17929538;10,18375261;13,03666324;8,941708295;10,40888846;17,50006605;19,36153276
311,933;37,17450718;35,67608286;41,57656786;25,72218362;17,53129039;22,35671613;14,65413336;11,92202907;19,83511914;10,44057573;5,857726742;11,79504977;6,664884239;25,75796317;22,5095253;23,50303627;18,42077414;17,2008867;20,05319536;19,30892436;26,14973329;13,73605215;16,83548332;11,88315602;5,515331706;5,170528128;6,273172904;16,31577775;23,81809304;14,7042411;29,5187232;16,65747729;15,55074903;4,481173884;4,189297009;4,508232628;3,98492067;3,501189584;3,665078456;10,76308525;9,301894716;3,871174478;8,009042816;7,452349429;7,358528666;3,634290618;4,148167206;3,671087952;10,64405701;5,881444032;9,328965835;9,203558905;8,070381061;11,38273087;10,23705646;13,08042705;9,038188581;10,52872426;17,67593658;19,56648419
312,528;37,72212133;36,203585;42,09674304;25,82806558;17,52673008;22,56545106;14,78453411;11,90221025;19,87603141;10,5272407;5,862925438;11,81053924;6,632981952;25,67387159;22,34122795;24,14578175;18,89200729;17,6341463;20,61587094;19,81830539;26,77580113;13,88316073;17,06473148;12,05761503;5,586701588;5,283496903;6,259034737;16,69310633;24,22858082;14,86245108;29,79874326;17,00864944;15,85526531;4,500895813;4,211749359;4,511833198;3,955042815;3,520782034;3,653592539;10,96826212;9,335139628;3,96172459;8,070890107;7,525725597;7,380166105;3,607143977;4,129293385;3,674454231;10,9093711;6,043409777;9,652513167;9,428593377;8,316674278;11,63864905;10,28938229;13,19410948;9,042422878;10,55013232;17,85157896;19,71379143
313,124;38,39598996;36,90812183;42,66973273;26,00232551;17,63001181;22,61233762;14,78912925;11,9590457;20,08375305;10,56266939;5,875589956;11,81477426;6,644852712;25,63994691;22,27894013;24,53923894;19,13907252;17,81789908;20,98904225;20,04219388;27,25939496;14,0544326;17,13823039;12,12627232;5,61113069;5,267391639;6,287661287;16,96132688;24,45429478;15,08773366;29,96362729;17,11606236;15,98286004;4,468444427;4,207256673;4,540102446;3,934246924;3,53741829;3,620029443;11,06069559;9,410548009;3,995221214;8,247736194;7,624378459;7,504051334;3,607476968;4,157624659;3,664943066;11,16891254;6,280603948;9,869915274;9,491765433;8,478178846;11,83506973;10,31755456;13,26842812;9,036578056;10,6816126;18,01327505;20,0780919
313,72;39,22915079;37,72975427;43,61608104;26,0198655;17,70884221;22,71001695;14,77032877;11,99605397;20,11569006;10,63985369;5,886978968;11,79203063;6,682000819;25,63749219;22,31788184;24,89692731;19,57074342;18,09307189;21,40424264;20,32500036;27,66525839;14,22883155;17,19112237;12,25448181;5,639454605;5,3904659;6,363508007;17,40902174;24,75804782;15,19093153;30,20289944;17,26978546;16,21128737;4,513522498;4,210672026;4,562310274;3,934824513;3,520737014;3,608090745;11,12048851;9,517712364;4,087216856;8,290830657;7,668488027;7,607307767;3,630746343;4,116102656;3,651251815;11,33623039;6,464554256;10,23019899;9,83361363;8,662384788;12,1765865;10,40046912;13,4936807;9,155047322;10,78311981;18,20300947;20,18386549
314,315;39,8930778;38,47422935;44,17972542;26,16518851;17,88128022;22,86930666;14,93030883;12,06273115;20,19822901;10,63033015;5,87374568;11,87695358;6,716778341;25,68457102;22,2876548;25,46283402;19,93072306;18,480845;21,79441855;20,6055187;28,09598569;14,34595268;17,27935015;12,34561121;5,659343931;5,359478374;6,34572653;17,61644924;25,03912028;15,39003047;30,41792013;17,41710234;16,29369243;4,566178486;4,280118355;4,632876543;4,000143507;3,585141775;3,67315507;11,17353083;9,617244386;4,117158173;8,389584938;7,694007164;7,712198848;3,646546774;4,172940248;3,685684029;11,64554193;6,661404027;10,54998726;9,93141064;8,882818184;12,34036716;10,37622483;13,51247128;9,184451426;10,91855582;18,33971356;20,48947586
314,911;40,70814988;39,24020664;45,01787828;26,28634441;17,88650478;22,88562475;14,89541982;12,16076456;20,20428629;10,69170549;5,917116378;11,93393353;6,776683819;25,66148279;22,29757027;25,67694348;20,23369073;18,69743899;22,12556334;20,97526456;28,53927302;14,42350478;17,40441653;12,5514925;5,705127048;5,38656622;6,344177004;17,93993788;25,2734379;15,62405758;30,63255856;17,57191292;16,30097107;4,626369598;4,302037866;4,695653232;4,050867757;3,632704101;3,737040215;11,24642573;9,608863873;4,214477153;8,416112561;7,818511817;7,843539967;3,666657471;4,200423786;3,69825192;11,86647311;6,89070728;10,81032471;10,10438891;9,042409044;12,53604458;10,31094563;13,63922077;9,257353038;10,96171822;18,65305348;20,7628776
315,507;41,44914945;40,18577679;45,80218883;26,47300175;18,11025985;22,94930749;14,84578309;12,08201114;20,27362448;10,68189473;5,858288227;11,87051814;6,681670625;25,54166709;22,046086;26,33464907;20,68541145;19,03291046;22,64406871;21,43051983;29,10214315;14,62296694;17,52707744;12,51946182;5,739971134;5,451942642;6,285930083;18,14891585;25,43141244;15,69116215;30,91912728;17,92304575;16,65393527;4,640109181;4,317446635;4,663125854;4,023873391;3,541004925;3,696257531;11,34874184;9,633774307;4,195135936;8,457849826;7,824260592;7,9371154;3,631955507;4,128738881;3,647758121;12,12807863;7,050890945;11,03107954;10,14646512;9,142586801;12,63895247;10,40725113;13,69161413;9,247893711;10,94537739;18,83664709;20,85404859
316,102;42,06587047;40,67666398;46,37423104;26,5515342;18,26909143;23,07477391;14,95739281;12,14000969;20,35383381;10,70061157;5,891413445;11,94068595;6,784887974;25,49057565;22,06543518;26,58696899;20,96524843;19,29192424;22,9894327;21,71743451;29,43374933;14,68349078;17,58620265;12,64433745;5,799194347;5,42030393;6,331171628;18,42063051;25,90351294;15,85123184;31,08355832;18,03505634;16,7885751;4,675835588;4,360680417;4,733249263;4,056678176;3,597503739;3,749581559;11,42808571;9,752419632;4,299340708;8,603930655;7,959994399;8,022352305;3,645082773;4,184470936;3,694868326;12,31989345;7,198611346;11,20588078;10,36823214;9,295380829;13,00152629;10,37392786;13,93658207;9,355223289;11,05206254;18,93282188;21,10842781
316,698;42,65886576;41,30440786;46,83949802;26,54520234;18,19508571;23,08753832;14,96626901;12,20689584;20,49156605;10,77058282;5,893615603;11,94588791;6,790639694;25,37646936;21,8862525;27,07594191;21,37977876;19,56247814;23,29972888;22,02277331;29,92213578;14,82139574;17,85101824;12,76422363;5,883922065;5,479243995;6,442566483;18,79760183;26,09549401;16,03444419;31,34674408;18,26809059;17,03889975;4,674995318;4,301067884;4,711637639;4,059170741;3,577436118;3,746038396;11,54517964;9,836716658;4,401769461;8,70179852;8,038598082;8,110343466;3,626838622;4,167414881;3,70429835;12,49786868;7,419647254;11,58072655;10,55545026;9,454050345;13,20132783;10,50374795;13,96185577;9,417333129;11,13058139;19,11007794;21,16985459
317,293;43,03931484;41,96141917;47,42743278;26,54610166;18,33494481;23,20014857;15,00101531;12,20838263;20,58072543;10,71708794;5,978843457;11,95165743;6,755420931;25,17729965;21,77539871;27,2446566;21,59095087;19,71747732;23,62763499;22,04869985;30,23990593;15,00546924;17,73063637;12,76906875;5,931076369;5,532601096;6,4386509;18,95784067;26,32997166;16,1482753;31,43554083;18,3268926;17,06555434;4,711510587;4,349247368;4,72432281;4,059020861;3,591480114;3,725724534;11,52519154;9,894365144;4,452129612;8,694735471;8,1020555;8,17652065;3,647151543;4,153107929;3,739185651;12,72629917;7,667215555;11,74558482;10,63873047;9,575809757;13,28115302;10,4226064;14,02906585;9,468305712;11,14989899;19,28039112;21,31017551
317,889;43,85795762;42,65773178;48,17424966;26,58565223;18,34073997;23,1765508;14,9462241;12,31735442;20,73222794;10,7486553;5,925837549;11,97126709;6,793120362;25,19966712;21,7361449;27,50790752;21,84821048;19,96292539;23,87751109;22,26621244;30,49188684;15,14474861;17,95599943;12,79257391;5,825694889;5,54255999;6,294729987;19,27641255;26,70347718;16,2868528;31,58268016;18,31264166;17,166778;4,733974949;4,377570396;4,789052876;4,125572773;3,620446443;3,764393241;11,67308831;9,957669841;4,522805796;8,884418346;8,16008471;8,313259517;3,672431153;4,126252858;3,717921528;12,93831974;7,752104446;12,02099318;10,68913106;9,716548319;13,42054409;10,36091585;14,01210018;9,439647915;11,21432939;19,37586546;21,63746103
318,484;44,3680737;43,21408055;48,43168769;26,69666692;18,52546707;23,17961175;15,01571695;12,3011904;20,63661474;10,72000984;5,909542057;11,92770661;6,857128223;25,00373779;21,57034005;28,02760848;22,13321138;20,26499029;24,33973402;22,59978683;31,01180764;15,14716312;17,92517174;13,02658642;5,898515115;5,606360699;6,483006295;19,65527316;26,81720708;16,52402925;31,78560287;18,50988918;17,40096217;4,77397407;4,46927324;4,824095557;4,176263743;3,667616766;3,819116758;11,74126371;10,0059165;4,587353083;8,907925356;8,205020315;8,426656227;3,70792858;4,154829234;3,687444803;13,23543897;8,082874268;12,33085393;10,87294824;9,91907174;13,59337684;10,47592556;14,26477491;9,491579932;11,38005882;19,47871566;21,86122459
319,079;45,17598662;44,05100461;49,4087108;26,85614014;18,3343827;23,36561213;15,05341592;12,25747141;20,77754307;10,66831587;5,902130749;11,92248349;6,842193934;24,92947363;21,4824329;28,22844776;22,40052456;20,36193995;24,45838137;22,73303851;31,32530473;15,2060149;17,90400584;12,99125469;6,030207255;5,637039361;6,379813057;19,88091794;27,10260467;16,72977809;31,85277307;18,67689551;17,40495853;4,758978506;4,42625228;4,834179561;4,16336488;3,61760053;3,784679003;11,81883014;10,04891822;4,615009548;8,92279114;8,305420304;8,423955307;3,633833287;4,090507926;3,663946186;13,49187661;8,261068043;12,57883943;11,01670216;10,02469395;13,76663872;10,48138713;14,30710451;9,540793592;11,33918658;19,58874501;21,80003916
319,675;45,96901969;45,00866756;50,12887912;26,87043776;18,50855962;23,45478062;15,05984137;12,30563894;20,86835403;10,735907;5,916259114;11,95868745;6,872404584;24,84584774;21,31737805;28,68750638;22,80234293;20,69375024;24,94843656;23,11457195;31,63574937;15,24805368;18,13073189;13,00177035;5,875836253;5,578515513;6,392549035;20,16456871;27,29328584;16,66587746;32,10322937;18,88085845;17,64495161;4,803999793;4,441966048;4,851778371;4,106789705;3,626354806;3,779936771;11,91984795;10,10299735;4,671765314;8,992600303;8,393654051;8,558062318;3,667901056;4,111436549;3,706841561;13,7562267;8,424083067;12,85048289;11,0855801;10,15736393;13,91610505;10,44092114;14,26391654;9,607950406;11,43703485;19,75904999;21,94596403
320,27;46,5674049;45,55542025;50,77337627;26,97358966;18,54286741;23,50219679;15,03649968;12,3140856;20,81590759;10,63711417;5,871832083;11,93391577;6,800507701;24,59719447;21,15224837;28,96237551;23,20995868;21,03087831;25,13557901;23,40527993;32,162517;15,50230191;18,12422766;13,21500404;6,017811479;5,621129614;6,411685366;20,46370989;27,69986708;16,92661151;32,33359104;19,15195116;17,75722149;4,806840576;4,44289014;4,803178882;4,138347143;3,629530552;3,76441049;12,00724946;10,09332275;4,73998683;9,149203583;8,455853795;8,742842208;3,637812961;4,107503332;3,701313519;13,98048947;8,691850595;13,18383186;11,26882484;10,31532006;14,0546315;10,49296407;14,38243827;9,609088484;11,52301485;19,85218509;22,03764549
320,866;47,26148477;46,20803659;51,24838948;27,04789285;18,55892405;23,52452509;15,19190844;12,43722302;20,95515968;10,71717447;5,951486615;12,01948336;6,855663553;24,5801495;21,1632128;29,3925197;23,38402558;21,17761314;25,62348851;23,6315922;32,47905492;15,5259442;18,27757428;13,27275576;5,982388724;5,672287743;6,279493925;20,70254501;27,82052903;17,05986061;32,41599822;19,16667266;17,9287193;4,853022713;4,516901733;4,902677421;4,205370285;3,691243659;3,84087281;12,14144601;10,22437628;4,834151051;9,267458011;8,611975459;8,832564591;3,698579134;4,174144568;3,730402434;14,29202748;8,820764905;13,44892904;11,34960578;10,41235531;14,2072241;10,45798864;14,47872935;9,588851516;11,55150362;20,02087168;22,25998466
321,461;47,80541105;46,92935572;51,96052431;27,20810462;18,76553295;23,55425356;15,0693132;12,39246358;20,88106296;10,71030289;5,821614039;11,8588227;6,761084039;24,33629776;20,87439201;29,84160515;23,820166;21,72563745;25,99064631;24,04068738;32,9452798;15,6199179;18,29105536;13,41974218;6,022845731;5,716437336;6,384991435;20,96558211;28,00827519;17,19620303;32,82538122;19,45150957;18,13369461;4,798215039;4,450843237;4,809099633;4,162781126;3,647648192;3,771232185;12,16422824;10,32641818;4,899045729;9,374055422;8,669107984;8,917813314;3,665506944;4,049602532;3,662394376;14,50759241;9,026911656;13,61284839;11,46825282;10,57739199;14,43687722;10,52980318;14,52332771;9,671516067;11,63644764;20,25544601;22,40212428
322,056;48,44931887;47,64979542;52,49342044;27,25699307;18,58336444;23,66337561;15,11223664;12,45025088;21,00426019;10,76738077;5,863930941;11,89478005;6,809816741;24,25663081;20,85205097;30,16024193;24,17047943;21,79783373;26,2659678;24,15828089;33,36632437;15,68157572;18,37903157;13,35833584;6,065762626;5,722538955;6,358264496;21,25259832;28,23760684;17,33522736;32,91572635;19,54163218;18,25360118;4,86291554;4,571930661;4,885929542;4,206304099;3,71004499;3,801762316;12,29971301;10,38279393;4,938898479;9,428970502;8,655825924;9,025665489;3,682750096;4,137624692;3,720312646;14,59202979;9,123928878;13,86597621;11,54754015;10,63083449;14,40933486;10,4358465;14,51334256;9,67545401;11,55716535;20,2212658;22,439028
322,651;49,19239018;48,44393998;53,26475986;27,2172818;18,74323463;23,71894352;15,21759089;12,50331176;21,13158849;10,81576886;5,911300671;12,00861722;6,847968995;24,18983479;20,75130058;30,61002087;24,42848292;22,02557284;26,58102372;24,4491958;33,7085944;15,84400793;18,53549218;13,53122855;5,979846823;5,769711887;6,309763987;21,55339986;28,43947392;17,44723204;33,10402571;19,63119478;18,40652027;4,923177331;4,586504224;4,963861671;4,217981153;3,715312733;3,888884277;12,38772983;10,43154104;5,03335586;9,544868265;8,775879667;9,132947811;3,693505269;4,131425842;3,726047571;14,9878779;9,517027116;14,33137578;11,75141669;10,72362141;14,58722093;10,55528984;14,61082037;9,694314688;11,64029091;20,43676427;22,72718231
323,246;50,04184239;49,2121598;53,99726392;27,57387424;18,89858981;23,8102027;15,20561053;12,45152364;21,1785866;10,69734577;5,863451045;11,94434692;6,796113115;23,86091019;20,51367472;30,92710797;24,75941809;22,25218189;26,9917554;24,66786606;33,96231394;16,09112693;18,63951526;13,6953662;6,094977478;5,739982773;6,300285239;21,76744038;28,67314028;17,54312094;33,28397157;19,80194625;18,48161184;4,891792422;4,554217577;4,963097274;4,236658361;3,700817523;3,85156416;12,52596843;10,5008371;5,141662684;9,602561855;8,894307662;9,284998707;3,628255856;4,083955539;3,700368259;15,30364698;9,646750737;14,59002497;11,76811985;10,77139339;14,78494651;10,48806307;14,69857163;9,658234923;11,80188926;20,63586163;22,72387551
323,842;50,66356309;50,01891425;54,61753664;27,54771275;18,8946279;23,87653088;15,25201805;12,55203373;21,33069054;10,7637182;5,937912041;12,02453347;6,864312962;23,68538286;20,50813416;31,1997993;25,08170573;22,54446901;27,34111592;24,98790767;34,56760255;16,11323786;18,71307242;13,69297313;6,051072289;5,654508044;6,282095249;22,13461549;29,04361082;17,66631721;33,39239797;19,8911396;18,61882325;4,953848099;4,669096295;5,010985885;4,276011865;3,705684193;3,888395695;12,64262357;10,63420498;5,213506544;9,710299855;8,933806099;9,382586112;3,692921108;4,14931571;3,763905576;15,50009392;9,941506541;14,89872362;11,81495577;10,84900825;14,85942168;10,4137606;14,65014179;9,670773873;11,77928635;20,58026017;22,83138879
324,437;51,36172227;50,70480119;55,33956398;27,63050078;19,00973693;23,95804987;15,27668007;12,53912568;21,33183092;10,76294082;5,934096044;11,95940306;6,834267619;23,56119426;20,33630761;31,74658528;25,35921865;22,79380334;27,52842701;25,2127483;34,80348816;16,26245062;18,86958153;13,74141826;6,108640223;5,778438869;6,429374639;22,30207814;29,33212323;17,87843888;33,61120209;20,02992428;18,74900649;4,949807879;4,670942157;5,04248284;4,305147941;3,727183085;3,889120232;12,71890893;10,64378473;5,242104719;9,761677146;9,03743259;9,475022273;3,68541377;4,111219996;3,769983985;15,89537709;10,12706;15,23274509;12,03239356;11,07590355;15,05782839;10,50010835;14,92967672;9,778418912;11,83375829;20,74542281;23,00343082
325,032;52,02950082;51,46198888;56,01742054;27,76295017;18,99570059;24,07544415;15,28086858;12,61973898;21,44700965;10,7872655;5,894323654;11,87788882;6,838933454;23,43597367;20,09016562;32,00412547;25,67481733;22,98176589;28,02490618;25,57842032;35,13079852;16,4031329;18,95575621;13,99145566;6,178667472;5,885763957;6,367519621;22,60352791;29,64279891;18,03772498;33,90636688;20,25456914;18,88533654;5,012663401;4,650789861;5,101141271;4,331275528;3,69841786;3,866437444;12,78893128;10,69478483;5,330826667;9,903851881;9,155069732;9,713412306;3,707406622;4,081012225;3,71195565;16,06443223;10,32408285;15,47073552;12,11520832;11,15901009;15,1935307;10,48041055;14,95503736;9,82495867;11,83689116;20,85889879;23,04451799
325,627;52,55512571;52,13462069;56,40038813;27,87690821;18,86128266;24,21019342;15,40951839;12,57826962;21,50185611;10,74075231;5,895778723;11,94807752;6,877462062;23,24739797;20,00434495;32,27321675;26,05096212;23,16991618;28,23070466;25,82479592;35,4878387;16,5315002;19,03279748;13,98811646;6,209730211;5,930980981;6,371263833;22,89019484;29,79930151;18,1836892;34,03575956;20,51821144;19,07655153;4,975936836;4,716073318;5,040035651;4,335377326;3,762430854;3,915340561;12,91467027;10,73501671;5,387772498;9,953258432;9,211747408;9,730970728;3,710172812;4,074636635;3,71809572;16,23204122;10,54310351;15,70663832;12,21887379;11,24811969;15,29432365;10,59323244;15,06772827;9,827430472;11,81960645;20,80032857;23,09450596
326,222;53,09911775;52,56576267;56,95963551;27,9864058;19,11136648;24,21957522;15,33129021;12,63837664;21,53658751;10,7508378;5,84866097;11,92058073;6,823645447;22,89388389;19,6947906;32,70054147;26,3054791;23,41128976;28,38578012;26,00116418;35,80133149;16,48638305;18,9759398;14,15918814;6,151037075;5,866253529;6,310579363;22,98677912;29,80729994;18,18715655;34,09638671;20,58287518;19,06869072;4,994501592;4,680487204;5,075383655;4,33674909;3,709487285;3,907984914;12,8842574;10,80331795;5,388233421;9,947329569;9,227693452;9,777306924;3,671915446;4,050774762;3,695552933;16,42808774;10,74063634;15,82869926;12,23110266;11,32533844;15,33622785;10,52532196;14,95950302;9,847461676;11,98693554;20,92527989;23,27708942
326,817;53,72473588;53,36711178;57,47546222;27,95155877;19,02509916;24,17437373;15,330752;12,68539446;21,61995815;10,69844207;5,867217763;11,83576844;6,774870372;22,80160777;19,6521145;32,98331418;26,53383075;23,63129379;28,65608659;26,18048388;36,06464392;16,75895983;19,16435407;14,14363134;6,177731826;5,844890007;6,308595397;23,43066212;30,24765422;18,4482314;34,26353274;20,62106319;19,29523283;4,974451364;4,648302902;5,025953619;4,26408142;3,679700375;3,867512358;13,01225243;10,84724044;5,531573757;10,10637406;9,328301319;9,883221526;3,628594721;4,007539119;3,661009061;16,71180631;10,99368276;16,19020646;12,42138643;11,40374631;15,48497335;10,44230313;15,13747056;9,85828074;11,93939863;21,00785171;23,36537037
327,412;54,18213033;53,78621428;57,96902213;28,08029963;19,20694531;24,35963652;15,40966823;12,7497;21,65377332;10,74049202;5,965750412;11,91998033;6,798939522;22,68070833;19,44508246;33,35111957;26,85937325;23,91533735;28,98904473;26,30765812;36,39198026;16,73836265;19,1885039;14,11197333;6,253225244;5,945757772;6,407642322;23,59791602;30,41714029;18,53806747;34,36054706;20,75999022;19,37676123;5,109399409;4,778287051;5,134961664;4,363011146;3,786780696;3,947643765;13,05896891;10,92242569;5,555379854;10,15335824;9,337716255;10,05213737;3,695573672;4,072738583;3,758908477;16,83777768;11,14998083;16,47215435;12,60873432;11,64341647;15,60751756;10,58421734;15,15320687;9,89670404;11,8952181;21,09583759;23,34343048
328,007;54,7465904;54,3973613;58,40750547;28,22197464;19,07671157;24,25841048;15,50613344;12,72433285;21,73785725;10,65744982;5,884847792;11,72858689;6,781693481;22,54440452;19,33500373;33,56158081;27,04011007;24,04734966;29,14313636;26,46980369;36,50562974;16,98489159;19,4201801;14,19815156;6,272992589;5,954348853;6,23691285;23,87324272;30,43750366;18,6160387;34,42177899;20,77884255;19,52483348;5,087501886;4,795371537;5,104863702;4,356752833;3,79365766;3,962563132;13,19004525;10,95223047;5,593832908;10,24991805;9,364953887;10,13975865;3,671770285;4,019854987;3,701864959;17,07756749;11,42539202;16,74150941;12,65819124;11,65714719;15,73002334;10,49570943;15,22182767;9,856911093;12,03737883;21,24852127;23,52470631
328,602;55,11070148;55,03219857;58,93642661;28,23771312;19,11151883;24,42510671;15,38765529;12,74812075;21,85244108;10,71140323;5,860798321;11,75687173;6,783113676;22,23902554;19,2121902;33,63738855;27,35459595;24,21939855;29,30770269;26,63392994;36,67684762;16,94168761;19,38072779;14,33715306;6,33199424;5,987845416;6,380469494;24,13700588;30,71239719;18,77692859;34,54194959;20,89377209;19,59281637;5,086057917;4,744794173;5,083844242;4,337774614;3,796301211;3,912233032;13,26844159;11,0439885;5,682484183;10,31246344;9,409310499;10,17373102;3,700774073;3,980840144;3,69960132;17,41116145;11,47988322;16,96490098;12,70213854;11,75601674;15,89246925;10,62836073;15,26156229;9,941987486;11,96762183;21,09909231;23,5083448
329,197;55,72791573;55,42609526;59,45897151;28,3622354;19,40713113;24,5666397;15,5085285;12,8827592;21,96045317;10,68212802;5,827524932;11,77474972;6,776257067;22,03610982;19,01663652;34,03721203;27,53054782;24,50640249;29,55239916;26,89425572;37,14104554;17,21386932;19,47680483;14,48157839;6,261077613;5,979383368;6,304812016;24,3281903;30,97402215;18,8833033;34,51055237;20,95311336;19,6107609;5,093514354;4,783617281;5,13951581;4,356526548;3,760749887;3,926783511;13,40250418;11,14472525;5,732145976;10,39836936;9,6173307;10,35871139;3,739346985;3,990883201;3,692423607;17,72681899;11,67230935;17,35030886;12,86695704;11,84859039;16,01334698;10,63514053;15,42535952;10,00605552;12,00639575;21,27176862;23,67397441
329,792;56,24670873;56,04615247;59,90896499;28,25560168;19,28051311;24,49633023;15,52107608;12,85149377;21,9444281;10,74148202;5,826039666;11,7926616;6,767296855;21,87287439;18,88562662;34,42563942;27,83516344;24,67136191;29,78784849;26,97499384;37,39920335;17,22851275;19,6371437;14,51411772;6,330694514;6,017017442;6,266809869;24,45654456;31,14397156;19,00206253;34,65193152;21,21451015;19,81855598;5,096283688;4,802028579;5,122861662;4,46057685;3,761448112;3,988613619;13,41541464;11,06453371;5,790310914;10,38798555;9,66496178;10,42312801;3,670314942;3,987826056;3,652924922;17,86415188;12,09258093;17,60350778;12,92821237;11,93634725;16,14371232;10,61336484;15,41420541;10,09182816;12,01772782;21,49147314;23,61757583
330,387;56,84307034;56,68607786;60,51455464;28,38493937;19,33464419;24,4442038;15,52556204;12,81804555;22,0488009;10,65853327;5,826610734;11,68354144;6,702126852;21,70321921;18,70582404;34,66361351;27,93593509;24,77422071;29,98476553;27,1779377;37,6650313;17,34823677;19,70630453;14,62587203;6,365284837;5,980060697;6,204423659;24,85703465;31,39501243;18,99648239;34,92795649;21,26173169;19,9398908;5,079982354;4,729898404;5,12285933;4,371741981;3,760867194;3,946861905;13,57209237;11,13425406;5,886989975;10,48492765;9,818409114;10,58369467;3,623821195;4,006867976;3,664423408;18,05506128;12,187302;17,71960952;12,98708509;11,92989354;16,11966417;10,6474217;15,49853398;10,05600225;12,04919598;21,44436622;23,73917367
330,981;57,26311715;57,30587605;60,91055385;28,59398142;19,35892295;24,59638575;15,55874812;12,8358142;22,10848579;10,61792418;5,872888813;11,77612334;6,668355582;21,48747914;18,51129199;35,05736813;28,33615219;25,10124006;30,35612796;27,4041569;38,0245498;17,59013292;19,84865702;14,76655841;6,349469352;5,983953598;6,214292316;25,06611527;31,45350788;19,05806881;35,01065299;21,34232242;20,10109258;5,141997182;4,843907771;5,101524014;4,379748298;3,746292466;3,905387665;13,58102966;11,20350653;6,014198749;10,57557007;9,869235829;10,6867534;3,633356323;3,983178049;3,661372422;18,41713928;12,42588875;18,05645643;13,04666738;12,01953553;16,19188916;10,62408605;15,48431521;10,06588101;12,16022945;21,50273583;23,87570858
331,576;57,93688293;57,97321267;61,42979189;28,63377175;19,44118832;24,79383685;15,70611435;13,0374391;22,31022555;10,76439238;5,890040624;11,81704163;6,788938924;21,44094858;18,44886779;35,21855445;28,61638701;25,28081043;30,67446978;27,59790368;38,2981498;17,64688283;19,92581519;14,83317134;6,393138715;5,986494855;6,201844845;25,25648838;31,87391894;19,19004297;35,03992422;21,42819719;20,18372931;5,145766623;4,842477749;5,163380317;4,437381636;3,843013751;3,968644881;13,82344013;11,27677607;6,03750015;10,72903048;9,859287551;10,80849862;3,69743416;4,009313535;3,724799015;18,64258921;12,70481238;18,38475586;13,22323598;12,112861;16,32358682;10,53196844;15,48363486;10,04788865;12,26274971;21,55655931;23,94325548
332,171;58,33489294;58,56518023;61,86437474;28,56809162;19,43657873;24,72895026;15,66162617;12,94506807;22,23151195;10,70087865;5,862986547;11,70170854;6,711610319;21,05116157;18,27044676;35,51532323;28,83757203;25,52421589;30,8476548;27,7393096;38,77690899;17,81806917;19,93965772;14,85135283;6,363634379;6,05599273;6,246624708;25,45610426;31,85998155;19,33203905;35,2181996;21,47762599;20,15355176;5,19446275;4,879052932;5,216993547;4,439864521;3,832199301;4,024955108;13,80318271;11,33408789;6,071433471;10,72984832;9,889447319;10,90961356;3,682193584;3,973860309;3,685599308;18,77211407;12,87545609;18,64483178;13,28027973;12,25667487;16,41085894;10,69333387;15,61795905;10,11294098;12,17480716;21,59257075;23,93047882
332,766;58,92237723;59,26574732;62,61838482;28,73964954;19,46205323;24,81561944;15,71005582;13,01422807;22,35040909;10,67345403;5,867486984;11,79534746;6,702980563;21,00025857;17,95725077;35,77340941;29,11254992;25,642331;31,05653182;28,04795588;38,97482441;17,90072828;20,15088038;15,08774437;6,478420721;6,166815928;6,29444555;25,64700761;31,96225621;19,60956657;35,34828513;21,67137887;20,23892042;5,176504652;4,866088378;5,227551665;4,502320325;3,813464545;4,035165888;13,98922237;11,38256233;6,161477923;10,82893089;10,01416352;11,02132958;3,66328098;3,917147921;3,693314732;19,09288566;13,13151863;18,99355161;13,41852643;12,24469026;16,56777348;10,72261459;15,7614859;10,19294013;12,15098771;21,68569141;24,0101035
333,36;59,63941335;59,83051403;63,0310407;28,65188801;19,57452597;24,76926267;15,6921187;13,10556584;22,44677616;10,64277348;5,8522248;11,80468391;6,691769241;20,73944752;17,85703943;36,16684745;29,36324572;25,84894178;31,22520092;28,22288499;39,28553736;17,89304264;20,17936383;15,06882648;6,345833288;6,009338491;6,144786689;25,92120911;32,15108353;19,55518546;35,36091018;21,89610947;20,31196145;5,237205992;4,868181818;5,234770701;4,500377976;3,817759768;4,018441056;14,12111968;11,4248184;6,285909618;10,88679346;10,15758862;11,10669761;3,67103609;3,963081047;3,692975824;19,33409388;13,40326593;19,37618255;13,42166183;12,32352029;16,57474904;10,56330612;15,67691141;10,04013102;12,19510425;21,67014065;24,08831762
333,955;60,19702514;60,49031293;63,65861611;28,88234365;19,52843605;24,93275373;15,70037522;13,11136245;22,48481252;10,69530407;5,802916578;11,82411278;6,688333133;20,51687089;17,66253328;36,4413151;29,71489098;26,06452557;31,54645888;28,39165596;39,57002811;18,21478249;20,28658585;15,21910063;6,357937033;6,091185437;6,236370438;26,08139677;32,34898331;19,55351266;35,57500791;21,92364391;20,50383182;5,242438458;4,884832679;5,294214605;4,518125773;3,851776756;4,034220429;14,10784089;11,51456726;6,303760694;11,01292993;10,17467983;11,23360761;3,661832515;3,96920891;3,693865972;19,68765261;13,55017801;19,77340174;13,51737894;12,39802987;16,71323593;10,61864233;15,73254925;10,17174025;12,26720494;21,72947681;24,18752089
334,55;60,54932959;61,03067853;63,96399677;28,98922972;19,70517255;24,95458073;15,69614813;13,04294734;22,46559882;10,6423601;5,820059262;11,72562768;6,61291028;20,28591633;17,48159954;36,74292545;29,9277206;26,33212501;31,79723761;28,61129501;39,69945872;18,24622134;20,31194424;15,21116665;6,386490258;6,039760137;6,170314476;26,36441126;32,69308226;19,73977299;35,67506394;22,02302365;20,54488598;5,25624848;4,878728501;5,241919292;4,415507363;3,795120994;3,981186572;14,22411514;11,51000077;6,319374208;11,07552185;10,20713365;11,37764123;3,621109422;3,926572243;3,692502534;19,88437226;13,82320229;20,03827143;13,61018717;12,48055883;16,82734799;10,71496953;15,89348209;10,08755965;12,26671608;21,84729169;24,19100108
335,144;60,99360828;61,4792807;64,54582891;29,00707799;19,72622196;24,97417878;15,89444247;13,15725718;22,70270779;10,71579883;5,806706258;11,75343277;6,637179166;20,17253303;17,48250006;37,08862901;29,9939727;26,34910313;31,93402985;28,74880269;39,98775812;18,3207577;20,35121534;15,40783614;6,435924534;6,142655102;6,211366528;26,50768005;32,68607172;19,89099283;35,70065668;21,97023134;20,70182835;5,28822229;4,895455878;5,301616574;4,487749991;3,886586564;4,013348827;14,26515134;11,5291821;6,460844708;11,17692586;10,29137059;11,42005549;3,656450736;3,955383728;3,710557659;20,10301596;14,06409609;20,28516169;13,68044521;12,61964918;17,01674379;10,65278159;15,79910485;10,25402604;12,31951835;21,84043818;24,26575811
335,739;61,44649699;62,02216204;64,96926289;28,87429328;19,63955073;25,07623641;15,8254532;13,23339389;22,67174833;10,60110262;5,835490224;11,67537036;6,635794261;19,9949512;17,286535;37,30770861;30,26129791;26,53146718;32,11901566;28,86740351;40,1177703;18,44424797;20,63857935;15,32159522;6,535716945;6,188097694;6,189969427;26,66651631;32,91107002;19,95777656;35,81882266;22,12782726;20,82681112;5,33432945;4,973124253;5,344423183;4,517910244;3,872157378;4,077079139;14,36427087;11,67961795;6,549148051;11,1618176;10,3724695;11,56845718;3,711877988;3,955530653;3,703490098;20,26678619;14,24817851;20,54207541;13,80374998;12,79029498;17,04336536;10,7328996;15,80418873;10,34018595;12,25586585;21,80365626;24,30469522
336,333;61,96713823;62,65120776;65,48025112;29,13201416;19,81949811;24,97222294;15,86772979;13,21933625;22,81974455;10,68221438;5,869085245;11,70891309;6,659689914;19,86702595;17,12999571;37,54138424;30,49854816;26,69372845;32,283046;28,95133818;40,36915299;18,55239633;20,69635275;15,43825825;6,488602398;6,190060539;6,174604668;26,80494624;32,96139785;19,99669564;35,89329491;22,14717093;20,9500699;5,297651711;4,991359564;5,279574791;4,556600836;3,870307311;4,087547394;14,46419245;11,76062008;6,579062734;11,26054686;10,45039973;11,65539287;3,677661222;3,928329321;3,675010101;20,53662267;14,42339669;20,79211836;13,77093948;12,78661638;17,14224263;10,67630076;15,81217207;10,21663188;12,36695145;21,86790533;24,46566691
336,928;62,38425556;63,06060733;65,81818957;28,97347528;19,63560773;25,11998512;15,90281493;13,36424158;23,00794772;10,58429599;5,851227877;11,63181266;6,600083026;19,63371289;16,97149117;37,8588005;30,83246474;26,86675253;32,54608227;29,19795282;40,64839356;18,64006295;20,71242695;15,60833074;6,477328185;6,189900169;6,203744726;27,21017666;33,2179375;20,14303664;35,99503026;22,32982288;21,01872036;5,381673947;4,994931967;5,3304968;4,611351488;3,862333666;4,132616128;14,5075441;11,69387432;6,601142418;11,28029385;10,42712138;11,71384077;3,681485698;3,9688723;3,664458035;20,82006548;14,69966412;21,03706886;13,9103276;12,82559172;17,08555339;10,62528616;15,83498834;10,23843591;12,28996648;21,95710045;24,31794531
337,522;62,79948111;63,63593808;66,22887369;29,14222273;19,7216514;25,07673453;15,95423752;13,25546943;22,99516185;10,59382249;5,776341008;11,64881186;6,572089715;19,47189101;16,83903148;38,14949529;31,05477234;27,09179011;32,60997088;29,3251854;40,9670082;18,61267184;20,74426423;15,60910943;6,543228769;6,168722905;6,242450716;27,31535685;33,38668976;20,2789149;36,08965599;22,29984667;21,13214111;5,302111698;4,953567174;5,298680544;4,569397959;3,844504633;4,063110642;14,65188541;11,73127984;6,73044501;11,37850546;10,50169031;11,84220183;3,614665497;3,89195883;3,637806497;21,05839962;14,85236518;21,30797795;14,11416787;12,89945571;17,32857713;10,73543776;16,04199096;10,39932702;12,35337254;22,0156362;24,31513523
338,117;63,35171687;64,20642697;66,63870779;29,22933972;19,86534894;25,22633021;15,96971346;13,43535719;23,09549576;10,65732658;5,831898779;11,70964207;6,655711565;19,36752045;16,7325894;38,36838941;31,23095208;27,13554833;32,78260604;29,34985695;41,16661937;18,90686898;20,98652686;15,81162934;6,528665036;6,174821832;6,190503326;27,37576875;33,51838535;20,28620496;36,10618072;22,38012591;21,16236254;5,395642891;5,014334352;5,360098108;4,609259455;3,899255151;4,118182062;14,7549617;11,76009893;6,801036519;11,55616371;10,61003852;11,97437911;3,660351949;3,947676134;3,722053742;21,22960521;15,12380412;21,66563548;14,05982773;12,9554626;17,40414043;10,62076868;15,93986437;10,38480775;12,39324395;22,15787124;24,48362027
338,711;63,79577677;64,7003307;67,00996013;29,31905904;19,82417172;25,24645611;16,0434878;13,40780644;23,05272873;10,52520267;5,817625966;11,55525925;6,56118061;19,14389004;16,57729192;38,7026955;31,57045375;27,42906178;32,9708554;29,59570876;41,39483194;18,96952145;21,00407475;15,80276833;6,582732827;6,187258192;6,176815323;27,65682146;33,62177528;20,37134796;36,33898209;22,43455148;21,18701937;5,351315215;4,963164275;5,31176809;4,562688572;3,911709508;4,104928913;14,81345347;11,87937252;6,865113322;11,66638397;10,72908563;12,12698148;3,644914489;3,870915135;3,655040398;21,51626438;15,28317981;21,97008755;14,13023203;13,01807326;17,45769596;10,73999763;16,05971585;10,2865885;12,37848088;22,12539199;24,46677489
339,306;64,43585873;65,10153901;67,56142802;29,40166472;19,95726744;25,26345254;16,05946989;13,37713562;23,28668674;10,50161659;5,82221429;11,58239589;6,503816619;18,93069654;16,48410435;39,01875165;31,76327651;27,63408541;33,24241323;29,81985078;41,61206149;19,15957505;21,12772444;16,01242754;6,67424526;6,262547881;6,253045952;27,96715029;33,88011118;20,61675773;36,34308431;22,65854398;21,3769136;5,393138108;5,006974194;5,405745827;4,590052215;3,891402814;4,13036031;14,90240268;11,95324676;6,849780641;11,64445828;10,69354007;12,15409949;3,658904887;3,884056008;3,661032065;21,77338538;15,46943253;22,09305792;14,35482264;13,1910959;17,69071878;10,73221049;16,14035978;10,38174215;12,38917607;22,13217707;24,58703611
339,9;64,61155318;65,6181645;67,94551424;29,38143594;19,95473594;25,24676992;15,9476238;13,45941267;23,33466952;10,50335813;5,755810197;11,57279791;6,530266758;18,83557279;16,27144992;39,33152604;31,95619072;27,8591332;33,41973718;29,96986323;41,85191366;19,21945326;21,25090776;15,98444384;6,625243166;6,287958537;6,283329429;28,06832757;34,04603069;20,71643769;36,53445181;22,74960026;21,39135112;5,424595677;4,988819234;5,400768989;4,625031226;3,87586377;4,143684502;14,95812824;11,91709775;6,909465417;11,70612512;10,81862105;12,21878912;3,61851588;3,862247752;3,649932527;21,94797592;15,78582579;22,36335767;14,42814015;13,33339034;17,70136711;10,7764126;16,17087691;10,47269259;12,44139497;22,28134046;24,49516129
340,494;65,03053969;65,86181669;68,13802447;29,36019713;19,92158328;25,220483;16,11373823;13,47901549;23,41740842;10,53136028;5,751714123;11,62087099;6,526899038;18,69400245;16,18040154;39,45034833;32,14038441;27,87064364;33,46034075;29,89444796;42,00961659;19,42118288;21,30692101;16,22257361;6,570863973;6,224350636;6,172933114;28,13075221;34,24801925;20,67143516;36,48915671;22,82996311;21,47320792;5,431123826;5,008293854;5,397077892;4,649531129;3,874574449;4,142274604;15,03925652;12,0116628;7,048337236;11,77962203;10,93263603;12,35694992;3,642727456;3,87349441;3,632014382;22,40999199;15,99933598;22,67151534;14,33147868;13,31143749;17,85064655;10,72436881;16,12906632;10,4839267;12,49177906;22,31408993;24,57072786
341,089;65,52240859;66,64486625;68,69698668;29,598987;20,01079533;25,44523962;16,11632564;13,54033642;23,50830998;10,51000756;5,799599502;11,45322702;6,440114048;18,46496371;15,99535041;39,64160125;32,43516463;28,02465564;33,55633193;29,94531004;42,08546599;19,52085878;21,49830357;16,27123705;6,612344226;6,347119633;6,156624514;28,40301762;34,25252306;20,80247918;36,46663919;22,7480348;21,51181;5,404447744;5,076101765;5,440899135;4,649647181;3,854914402;4,146567532;15,06937538;11,9980454;7,101081022;11,7599616;10,87972903;12,53303157;3,607445498;3,88870948;3,648893562;22,56234789;16,26794574;22,89120327;14,35427963;13,3250778;17,89382365;10,65581926;16,16800087;10,4381493;12,41531088;22,31818569;24,64324655
341,683;65,80414268;66,84852203;68,89572302;29,7023847;20,03599688;25,5253797;16,15943787;13,57217593;23,47381783;10,47610624;5,814382453;11,48778787;6,443988064;18,33082854;15,96437477;39,82020508;32,46862002;28,23275918;33,75533677;30,21456742;42,34494076;19,61777823;21,52890794;16,34978626;6,629664616;6,328279239;6,143667576;28,62703996;34,37816089;20,86618596;36,58864341;22,7466327;21,5964926;5,47212597;5,094711424;5,382306448;4,634807946;3,92577352;4,127440884;15,15646928;12,11453636;7,159222243;11,99855429;11,05019079;12,63169223;3,648348913;3,900228626;3,675079792;22,81198561;16,48279711;23,16787148;14,5332685;13,34433479;17,92633373;10,56361702;16,16205333;10,35364108;12,52147536;22,26684885;24,73282541
342,277;66,1862572;67,42475607;69,40124285;29,65445137;19,99182258;25,59412631;16,19098309;13,568322;23,56784423;10,48495009;5,766257778;11,47308682;6,425633749;18,03662011;15,70696088;40,21171342;32,70868353;28,34627414;33,89232499;30,3090735;42,54826236;19,72604752;21,60401733;16,44385508;6,66954376;6,382558024;6,208415283;28,72456259;34,61734528;20,98265532;36,66884924;22,87340348;21,65158673;5,453825905;5,055157698;5,373518266;4,67409318;3,941276221;4,118695966;15,21560095;12,06816333;7,276510728;12,00003922;11,08014658;12,70635041;3,631452197;3,850979188;3,671878507;22,95590063;16,57255143;23,54054236;14,6755215;13,53175869;18,06962785;10,63648949;16,32732393;10,41731642;12,49649148;22,29448745;24,63601769
342,871;66,70207965;68,00502965;69,66517267;29,63391301;20,01701891;25,53922439;16,20726143;13,66291187;23,67056675;10,51537356;5,790764654;11,45411457;6,400082443;17,99269649;15,61034571;40,46457142;32,98087536;28,44674382;34,0268275;30,40350042;42,64992657;19,89108008;21,67601225;16,51798772;6,688446213;6,352441336;6,196877407;28,91351381;34,68640807;21,00596228;36,71079191;22,88446499;21,6686318;5,549521582;5,168381397;5,460041283;4,697861086;3,96690374;4,146087916;15,32730748;12,18033661;7,250979327;12,10216998;11,11253019;12,91188402;3,643116849;3,903213292;3,667266121;23,27493967;16,81774149;23,71486931;14,76318395;13,6228052;18,23875797;10,61271361;16,34226542;10,49277491;12,55178468;22,2090266;24,72443378
343,466;67,23741609;68,60240899;70,27907672;29,71734664;20,09163526;25,68017694;16,32196838;13,7377675;23,72810576;10,48204101;5,818880142;11,47211814;6,406514891;17,76770924;15,47729937;40,71048561;33,13594072;28,69439714;34,25996489;30,65132534;42,93765238;19,95966895;21,87231784;16,5177997;6,730387409;6,413733268;6,230671414;29,09432295;34,85093111;21,20019406;36,91137708;23,01607054;21,79432605;5,553733762;5,153470504;5,522932033;4,729702655;3,964950649;4,1856486;15,4015858;12,2569954;7,271294373;12,10884183;11,14625354;12,94845653;3,689754472;3,861747111;3,684972573;23,44654952;17,11292729;24,09254922;14,80758061;13,59251321;18,23444547;10,67627426;16,44718691;10,6166782;12,61823036;22,25045283;24,79435441
344,06;67,74504396;69,11723665;70,82578752;30,02799949;20,17332746;25,64856477;16,27443523;13,72677902;23,84032296;10,48164903;5,767682043;11,48817995;6,371402944;17,55034397;15,33436765;40,96424765;33,49406;28,82784931;34,3452209;30,57336674;43,32423347;20,095296;21,85481305;16,83004657;6,719339313;6,442720301;6,188958275;29,46020594;35,10878898;21,38360226;36,9235039;23,04823605;21,79144973;5,53398036;5,156154818;5,500044269;4,740397346;3,896038327;4,189021989;15,55526542;12,32625382;7,442645206;12,28458374;11,29241053;13,11289747;3,583090787;3,821230031;3,6148922;23,65518863;17,4486168;24,51043138;14,83055439;13,74266734;18,3567771;10,70652494;16,4004015;10,54390375;12,54984871;22,30859631;24,79127015
344,654;68,4048223;69,6783106;71,13217713;29,90526699;20,23705388;25,89852625;16,35377482;13,81081817;23,98276705;10,50671947;5,784163092;11,51559756;6,364319337;17,42549366;15,23940227;41,38892947;33,80187565;28,93438686;34,63672554;30,92438426;43,53769391;20,27834878;21,93128614;16,82121682;6,790379909;6,492072872;6,193302546;29,33725608;35,12227772;21,41035092;36,98245135;23,1714429;21,90431192;5,606098392;5,185767146;5,545246881;4,744696889;3,946778679;4,222098297;15,59353478;12,3918204;7,495455762;12,3883203;11,31254696;13,13951073;3,661592819;3,872125635;3,689517804;24,0418167;17,61148376;24,70858537;14,90397627;13,76165506;18,47686528;10,66997244;16,38693723;10,5456916;12,58035644;22,27680049;25,00764515
345,248;68,86435169;70,40327942;71,77142896;30,11939599;20,32457777;25,90100272;16,35813397;13,67519213;24,001224;10,42698311;5,784043992;11,43628007;6,322055682;17,21385711;15,01820173;41,81205573;34,03213043;29,10398435;34,85494349;31,11194058;43,74468452;20,3406808;22,21436072;16,98398021;6,761720188;6,474831199;6,206500585;29,55807356;35,37971355;21,39217792;37,10528445;23,21099191;21,91798541;5,573372453;5,159936245;5,486031788;4,740416597;3,969101036;4,176956275;15,65032755;12,42652295;7,548211239;12,48285322;11,40027612;13,30153315;3,618508947;3,837544622;3,661335255;24,25369371;17,76371475;24,99107934;14,97753641;13,85770242;18,4949443;10,64154817;16,45378626;10,53314028;12,6730091;22,36061713;24,90121977
345,842;69,21621063;70,80869911;72,09974415;29,97928208;20,14498236;25,90337711;16,39569945;13,78084156;24,0094335;10,35781283;5,733920965;11,36638181;6,28588688;17,07292607;14,8995631;41,92349026;34,20339746;29,1734658;34,91587339;31,04164322;43,85601089;20,43538326;22,18488227;17,02409926;6,751416218;6,510878887;6,196098623;29,77441903;35,32765762;21,49266582;37,26733054;23,31732483;22,00793768;5,593924201;5,184981071;5,542032112;4,744394714;3,978116495;4,172263915;15,67220557;12,51698914;7,591892179;12,52257811;11,45531791;13,31219192;3,624165461;3,840429009;3,654232839;24,42422423;17,89638516;25,1411155;15,04300946;13,95732584;18,55607806;10,71150285;16,36089513;10,52477322;12,56232531;22,38105776;24,99016313
346,436;69,55138192;71,00962186;72,32423533;30,14701767;20,26708292;26,06484986;16,41320726;13,85579627;24,14503842;10,42881562;5,757909074;11,37905521;6,283487042;16,82963327;14,75030141;42,25558794;34,46156423;29,43111212;35,06465494;31,3188039;44,00230655;20,55034389;22,43968261;17,16833432;6,868072236;6,554007705;6,308089244;30,02805473;35,49669892;21,64499931;37,31059716;23,37075356;22,09823384;5,633631269;5,206798686;5,550066851;4,779861566;3,973095592;4,181010953;15,78984895;12,60065013;7,720686208;12,61790185;11,63060571;13,59935199;3,627779409;3,822599356;3,635181717;24,69795119;18,1321522;25,54342785;15,11721398;14,07586623;18,71285154;10,72156287;16,50065536;10,57644753;12,66991953;22,36093239;24,90316943
347,03;70,01550402;71,58440064;72,83761291;30,03680641;20,28089445;26,00970299;16,58184551;13,88614608;24,23003973;10,3854666;5,723686874;11,26880043;6,252405399;16,63155697;14,62056227;42,50093802;34,70974736;29,59339244;35,22031638;31,40095585;44,18803155;20,59477845;22,4059081;17,22741892;6,806823285;6,480817181;6,195694261;30,1745898;35,6098963;21,71676333;37,37486442;23,41031581;22,15933787;5,636919249;5,219213693;5,562444511;4,793535394;3,955093033;4,18170964;15,96277666;12,51029341;7,721772002;12,64772014;11,64233998;13,60546952;3,624435966;3,773674355;3,614698546;24,9890534;18,45097562;25,70004646;15,21858992;14,07433871;18,7876565;10,64043469;16,54355991;10,54983079;12,59085461;22,29689129;24,9220938
347,624;70,18330684;71,84497047;72,81276865;30,10858539;20,30208819;25,96176754;16,5315521;13,9085284;24,27997977;10,24550807;5,759436946;11,31578054;6,215598208;16,54489601;14,52083548;42,71781818;34,79317469;29,85199009;35,14116635;31,42890354;44,28621654;20,65735667;22,43468301;17,31160375;6,894281726;6,519487378;6,229510237;30,28770746;35,93337204;21,89422468;37,30136162;23,46664414;22,16442838;5,654739341;5,216982113;5,595763284;4,794506498;3,975590013;4,219157318;15,85829009;12,51172692;7,75679531;12,66695183;11,66611915;13,65887418;3,598023782;3,791335147;3,600868278;25,08010603;18,56886479;26,006305;15,23075927;14,04209104;18,83916267;10,61731702;16,49389078;10,56978724;12,60544463;22,36744651;25,00598783
348,218;70,56086347;72,37221092;73,27919364;30,3639158;20,47966206;26,07380815;16,6338658;13,91945871;24,40554783;10,23036592;5,710254325;11,26668408;6,189204674;16,36805918;14,45515047;42,9984126;35,12260236;29,80160203;35,38256301;31,50146636;44,53314116;20,85680224;22,66040062;17,39536405;6,943033179;6,581371776;6,22089523;30,54100521;36,03947959;21,87618185;37,37437206;23,49315033;22,31507031;5,67824233;5,236563066;5,60137047;4,837215157;4,003303933;4,219637896;15,996555;12,62542615;7,8152671;12,77353541;11,78928457;13,6698105;3,622476348;3,772397317;3,653335782;25,37164578;18,82860121;26,21198099;15,30571053;14,24031726;19,00316025;10,69482866;16,52554395;10,56757984;12,64840328;22,43197372;24,99048473
348,812;70,82288402;72,65732141;73,40863738;30,26224981;20,47819886;26,05948831;16,64205434;13,99512722;24,484226;10,25576897;5,749472495;11,23193209;6,167559366;16,09459834;14,23734968;43,2906201;35,36070857;30,00508633;35,39399408;31,62328941;44,46127252;20,97576803;22,72406783;17,43961127;7,043213596;6,668925532;6,345840985;30,7432607;36,33859619;22,1951877;37,44410398;23,53404289;22,27804076;5,733456769;5,263068761;5,594119743;4,808810647;3,962470587;4,181817961;16,07122519;12,68315558;7,877226034;12,82657395;11,74548208;13,86033302;3,58287068;3,779510255;3,604913719;25,74461825;19,12692779;26,56150789;15,40973883;14,30650928;19,18526461;10,73391126;16,54964951;10,60845289;12,67284555;22,36585184;25,08011427
349,406;71,37613286;73,10089915;73,90291487;30,36093852;20,47323723;26,13090661;16,73921718;14,03172905;24,51781122;10,26078033;5,689425336;11,22981792;6,180004126;16,20558073;14,20931349;43,50491575;35,60957377;30,16699708;35,46522045;31,69391126;44,78266112;21,24152176;22,97157732;17,57242321;7,043675959;6,659916717;6,328346828;30,8026742;36,25313196;22,20581483;37,5836603;23,50368138;22,33364805;5,801131099;5,302126522;5,681929989;4,84271249;4,016787434;4,259466039;16,07227265;12,65998639;7,927812311;12,93206819;11,8318524;13,90162497;3,671776055;3,837669899;3,673644028;25,85281144;19,38882666;26,84358262;15,45868803;14,37912814;19,21496635;10,68743241;16,57100118;10,54937931;12,76774577;22,50009442;25,10137828
350;71,76361158;73,4713214;74,21756672;30,34329343;20,46552075;26,17487062;16,74696331;14,02142532;24,51602252;10,2265107;5,657500989;11,13353859;6,143851724;15,98487776;14,06198568;43,76117971;35,74472384;30,2111851;35,61756472;31,708991;44,71263086;21,33894627;23,00973298;17,68258146;6,964378161;6,707299206;6,349660636;31,05391438;36,46714239;22,22577736;37,60790725;23,58764896;22,31849442;5,699473284;5,266373239;5,639278303;4,848854828;4,0172081;4,247022392;16,13265279;12,78151984;8,028073416;12,977758;11,88405382;14,00633893;3,616219439;3,775978601;3,615279853;26,0434268;19,55865598;27,07412425;15,49967305;14,4230605;19,23658937;10,63914079;16,50087784;10,64318079;12,68584134;22,50887502;25,24125133
350,593;72,00793463;74,02100277;74,61478295;30,33843751;20,40854167;26,24069376;16,74300626;14,10297341;24,65355059;10,17508222;5,676506708;11,16229366;6,113596929;15,76539998;13,96780525;44,07118263;35,99886164;30,44250204;35,78689253;31,69604952;45,05619253;21,33723765;22,97295975;17,7001418;7,05925828;6,725616311;6,298189978;31,12487905;36,58759101;22,22088295;37,65775716;23,69402003;22,4993285;5,779840744;5,329177614;5,70082529;4,889245754;4,025872124;4,312929858;16,20642061;12,74582972;7,979903653;13,03225167;11,93634913;14,15317514;3,634664025;3,762672077;3,619170058;26,22485844;19,70996665;27,25855796;15,64323134;14,47600282;19,27765126;10,58754433;16,61824016;10,62484553;12,71038428;22,39028047;25,05974667
351,187;72,43880517;74,52227509;75,00656517;30,45729817;20,5660398;26,28005503;16,81665593;14,18928729;24,87031471;10,18970968;5,674795595;11,16899979;6,072267978;15,71935488;13,86367429;44,47640415;36,22472031;30,44006178;35,85325091;31,9946451;45,22330184;21,4780836;23,17267059;17,84806492;7,069034806;6,738052676;6,376538365;31,3278332;36,84356318;22,49297384;37,94718668;23,76564679;22,56506026;5,764761617;5,298609794;5,682895569;4,892811195;4,03999026;4,26049791;16,27012729;12,77639196;8,066091444;13,05415233;12,01063294;14,16321444;3,602566717;3,769443695;3,593022277;26,58374826;19,92479954;27,56753821;15,76385443;14,6481324;19,36914001;10,68674336;16,70088632;10,71998031;12,73453845;22,60918753;25,1101228
351,781;72,87677516;74,89572224;75,32210733;30,54399332;20,51542123;26,3861746;16,77314441;14,09812822;24,71459106;10,17482488;5,679632453;11,09150423;6,05333085;15,49120253;13,71933989;44,61336829;36,41199712;30,53933465;35,91171572;31,95757731;45,19973424;21,60829168;23,19265263;17,97731992;7,061819344;6,709067597;6,231283681;31,54331613;36,7669751;22,40946999;37,70477215;23,74149113;22,45473794;5,795239079;5,327743479;5,695487923;4,897492653;4,012878363;4,271297945;16,31502494;12,84267662;8,157517184;13,16643229;12,11435517;14,30603226;3,581097264;3,756982138;3,623741974;26,66885598;20,01545569;27,77380339;15,79597126;14,63028486;19,43149638;10,56883268;16,47042579;10,5366359;12,70675346;22,52509871;25,15979963
352,375;73,25984521;75,45253106;75,78146444;30,47768211;20,4838559;26,44598314;16,84417294;14,15107316;24,81678181;10,03039195;5,642637946;11,00273936;6,063346717;15,39080432;13,65183213;44,88096626;36,6861551;30,76250638;36,07519891;32,09599076;45,44170402;21,84898315;23,36524036;18,06308486;7,100168498;6,796462114;6,347424787;31,55056448;36,89141201;22,46897506;37,87147804;23,78147897;22,50069289;5,82308853;5,34046722;5,694300011;4,924919853;4,033155474;4,265603754;16,37234873;12,81161169;8,129375997;13,19235389;12,18335594;14,35902927;3,616436772;3,762397303;3,628741314;26,96880162;20,39408728;28,08186487;15,86523856;14,64163029;19,44044985;10,56227254;16,48445768;10,5783759;12,74877614;22,53917278;25,12400969
352,968;73,63803732;75,79712032;76,15877965;30,61292334;20,60431217;26,3706126;16,93477117;14,23915594;24,97096176;10,11986361;5,677494543;11,06849956;6,043481219;15,35018512;13,59952392;45,0857578;36,85001613;30,77301951;36,18611448;32,04144253;45,64459041;21,9648032;23,42591935;18,13616786;7,080081598;6,821814735;6,270031194;31,66626338;36,89694409;22,56206448;37,9498369;23,89591945;22,56211396;5,876484429;5,355211314;5,742467878;4,968588021;4,072543207;4,307609006;16,50401991;12,93574425;8,241278298;13,33903577;12,19921271;14,58133557;3,648057623;3,773599221;3,640483321;27,19607372;20,6482425;28,33131387;15,81917713;14,78949449;19,57206003;10,62007006;16,51930002;10,52420452;12,71627368;22,58995199;25,30108146
353,562;74,10427675;76,33892205;76,44216842;30,64508366;20,61362826;26,54532612;16,9241606;14,34716735;25,02494886;10,05376517;5,628013348;11,04142827;5,973418753;15,16133349;13,52139547;45,41832943;37,22831286;30,98702002;36,23656733;32,22780208;45,81064291;21,91721529;23,61125573;18,32350576;7,207949288;6,959848016;6,433969254;31,9886075;37,25924078;22,77112516;38,0192415;24,06601639;22,74478027;5,86167608;5,338928385;5,739874828;4,985369243;4,074685989;4,279770956;16,52327141;12,90418012;8,252892977;13,3888383;12,23444036;14,57836126;3,615681196;3,75558835;3,600874061;27,40273244;20,8614803;28,56509201;15,9759352;14,86201717;19,78701787;10,55032612;16,59119845;10,6375943;12,69738555;22,62512036;25,29625635
354,156;74,58882072;76,81405774;76,89566056;30,60166412;20,61976729;26,56814786;16,98586488;14,39068975;25,12887445;10,04340441;5,637380976;11,04584443;6,001470015;15,13587875;13,45885009;45,7716511;37,33499252;31,08460518;36,33432211;32,32386875;45,87402764;22,15296853;23,68046039;18,45003224;7,190004092;6,90295648;6,442375654;32,05489174;37,32174852;22,83235613;38,12834106;24,00667281;22,68464069;5,893589275;5,418761751;5,795961003;4,996758486;4,098435661;4,329303576;16,65527263;12,99754935;8,252414405;13,41363124;12,32689838;14,70297079;3,613273086;3,764178518;3,62716276;27,54145678;21,17724839;28,66863234;15,99821718;14,98353048;19,69461534;10,57006828;16,63224549;10,65205271;12,75373457;22,58701917;25,40966321
354,749;75,11498662;77,47040974;77,36698403;30,67818077;20,72907977;26,62449583;16,94507459;14,34470888;25,19190774;10,03795715;5,613144306;10,9943967;5,966651701;15,00805706;13,36533389;46,12854277;37,68755146;31,21806966;36,45445677;32,43074485;45,99944803;22,23288391;23,84430003;18,50517975;7,208675659;6,96322429;6,421818836;32,18029866;37,39884811;22,8438728;38,07890314;23,98122979;22,7136185;5,902143017;5,389999597;5,773104741;5,019812934;4,057435954;4,341473515;16,66474843;13,04098871;8,368147468;13,47549929;12,36978453;14,80322128;3,59711128;3,746505046;3,618955086;27,85161345;21,32449881;29,15038569;16,06237601;14,9747297;19,73420242;10,50415755;16,48662224;10,56474432;12,77941524;22,68171933;25,38623887
355,343;75,5619557;77,95431103;77,61999797;30,80804062;20,68713118;26,63435303;17,07592052;14,38326099;25,2658968;10,01356078;5,634490038;10,97346135;5,98162654;14,96235403;13,33966101;46,46146616;37,935284;31,37324054;36,64190898;32,51686292;46,23334293;22,39090242;23,91783877;18,71574178;7,154751646;6,915350575;6,44705364;32,26089866;37,52389313;23,05817294;38,18568936;24,13262171;22,71157513;5,953441933;5,436545636;5,801384038;5,060193619;4,106744646;4,385925517;16,75031874;13,08523114;8,422046269;13,59332964;12,50740536;14,83742249;3,615861977;3,784149146;3,64136271;28,06006288;21,52320552;29,37064227;16,14382927;15,02287261;19,97958771;10,54203028;16,46082293;10,55251436;12,7781121;22,61992883;25,43526575
355,936;75,74753352;78,31146278;77,84600306;30,87539013;20,70346738;26,66667597;17,12067076;14,40301062;25,40393279;10,03955042;5,595971707;10,9233745;5,970830617;14,87099852;13,24805341;46,6987934;38,15584425;31,47730022;36,61106982;32,56841649;46,36339081;22,57193594;24,09618298;18,93303776;7,16901422;6,895491935;6,396785404;32,37667919;37,56774644;23,02948081;38,26672022;24,16116007;22,72105281;5,980833021;5,44073798;5,833887483;5,056494238;4,123043013;4,38934795;16,88409552;13,11463745;8,461474425;13,59634545;12,48078278;14,99800687;3,641491393;3,782254739;3,649607629;28,27326309;21,82300045;29,66404622;16,21234087;15,08958786;19,95072383;10,41902841;16,40201394;10,56636643;12,88511615;22,74223511;25,4997489
356,53;76,22710887;78,74371254;78,39166101;31,02222539;20,77143356;26,80218725;17,09167748;14,45706397;25,40008517;9,939854361;5,616551994;10,9501117;5,943374203;14,83763493;13,21217012;46,98124826;38,43531858;31,56999263;36,84472252;32,69275014;46,51208083;22,73161899;24,01359707;18,93571942;7,242082489;6,986070075;6,447500275;32,57156566;37,77167796;23,08486484;38,34204287;24,14058581;22,78337163;5,9914211;5,466163841;5,810297516;5,079472759;4,113983867;4,384109221;16,95189677;13,14655241;8,550909555;13,76244795;12,57864438;15,07851155;3,630941714;3,792429124;3,647412866;28,44717683;21,92319149;29,82799628;16,27499872;15,20928456;19,92131629;10,5412211;16,45239389;10,60092148;12,87828647;22,62599232;25,48207145
357,124;76,57150806;79,22498196;78,64975299;31,07101866;20,70483017;26,76370543;17,10814534;14,50539888;25,44853535;9,91418725;5,584911079;10,85552884;5,92131672;14,7024714;13,13834292;47,39347452;38,56968478;31,61675795;36,9101385;32,76015759;46,61257556;22,87604744;24,12776676;19,03876324;7,255144391;7,013642939;6,433821674;32,7605763;37,96084783;23,27351;38,37646712;24,24409679;22,75505632;5,9780249;5,449453025;5,849656015;5,078347323;4,127947439;4,386096072;17,04828203;13,17575405;8,580193082;13,78420949;12,60909423;15,19896033;3,622773679;3,762891062;3,611614801;28,57476897;22,15479282;30,14551567;16,31980903;15,39055115;20,09598583;10,48089846;16,47130883;10,6217285;12,9398182;22,69224606;25,65492358
357,717;77,22359446;79,87791179;79,24206938;31,12025339;20,82106355;26,8572779;17,25844054;14,54346983;25,56991023;9,925513316;5,598359544;10,83913718;5,934738671;14,6940994;13,14600661;47,69044498;38,79843551;31,71099726;37,01498552;32,86779195;46,7834982;22,92122531;24,33722922;19,23071614;7,276437869;6,999524765;6,477075882;32,93779746;38,10509651;23,39610645;38,42177786;24,37598281;22,82066728;6,058470259;5,499192727;5,887441037;5,114693822;4,143810259;4,420503479;17,05961516;13,22383162;8,621433244;13,85608728;12,70300462;15,3032197;3,639033648;3,782837453;3,648233798;28,8507914;22,34489351;30,32175825;16,43906022;15,3939288;20,17019381;10,434138;16,42272232;10,49383732;12,83533713;22,73282084;25,56857662
358,31;77,74494579;80,38948647;79,76974328;31,28412841;20,87806122;26,96543025;17,252192;14,54906347;25,64419747;9,919653465;5,583488162;10,86475049;5,911535482;14,55709486;13,02245707;48,06969376;39,25553861;31,95259219;37,16699577;32,99863908;47,16961007;23,14783292;24,55382066;19,40295841;7,254458017;7,020220223;6,446073405;32,96981408;38,18652263;23,42395667;38,54205776;24,42968862;22,86148446;6,059419853;5,542458129;5,890319422;5,150843778;4,186141086;4,447595029;17,14475594;13,29994509;8,634870955;13,93816257;12,80123173;15,47820027;3,633410152;3,784761068;3,647990528;29,05911182;22,57193054;30,6995584;16,46927537;15,4398242;20,13708249;10,4452743;16,32406984;10,54718932;12,94677453;22,76282517;25,67971184
358,904;77,97372541;80,70294404;79,82974584;31,28102658;20,85460048;27,0139968;17,32333409;14,59806608;25,72274156;9,876743052;5,557596119;10,77738149;5,879080694;14,49427126;12,99756659;48,30004607;39,34810424;32,01667067;37,06810128;33,10699916;47,0760044;23,17422139;24,49773011;19,4479051;7,288448268;6,985481802;6,493292036;33,1022558;38,24406546;23,45532912;38,56458345;24,5127453;22,99981551;6,029439202;5,49066536;5,880011869;5,140478775;4,138798396;4,418472808;17,14553679;13,25565004;8,668784299;13,95899583;12,80966419;15,47730594;3,607371711;3,762175853;3,612315433;29,13881535;22,6624651;30,7229268;16,51450065;15,45852859;20,30295815;10,39941148;16,39885264;10,53800414;12,8886434;22,79835986;25,57778023
359,497;78,08562554;80,86468925;79,86508639;31,30061749;20,94536209;27,02329371;17,34402667;14,56617614;25,75834593;9,794212983;5,54756512;10,74109394;5,855804977;14,35534067;12,85222968;48,47919987;39,58723258;32,12975873;37,15810281;33,02131108;47,06897293;23,26087734;24,52482247;19,41658122;7,311029597;7,046489605;6,496722506;33,15949044;38,33479817;23,66096793;38,62375787;24,38694755;23,04181869;6,046010345;5,488464028;5,870555387;5,116588552;4,124402784;4,399690506;17,20042981;13,27834546;8,675480705;14,06333437;12,80910647;15,5490822;3,608531099;3,755666009;3,622618738;29,18448937;22,9266103;30,99060832;16,5242682;15,50346006;20,38680858;10,40671154;16,33852616;10,43594847;13,02739622;22,72316701;25,60117337
360,09;78,45837721;81,24979065;80,14034299;31,33252077;20,89123484;26,99721953;17,42288048;14,63892231;25,81437792;9,809469414;5,594808065;10,77878591;5,855690577;14,30560861;12,82227285;48,62241853;39,752822;32,19656811;37,13811141;33,02412752;47,05442611;23,3590396;24,65347855;19,65635196;7,370292759;7,086104544;6,550676598;33,11369016;38,3004293;23,6499601;38,56271436;24,34160785;23,01024446;6,088681953;5,541003068;5,934232232;5,166492123;4,193072149;4,415316532;17,20315153;13,34617542;8,678540432;14,06790925;12,89869669;15,57688064;3,636378523;3,769971851;3,646945112;29,57286061;23,02656044;31,25887956;16,56054402;15,5684661;20,25648018;10,39226255;16,25679846;10,51865199;13,06970411;22,87258517;25,7234187
360,684;78,81782811;81,61890433;80,61705905;31,4895892;21,04646977;27,11861793;17,4712638;14,67631321;25,92749681;9,790383466;5,542899572;10,76813538;5,839922158;14,22305154;12,78411342;49,119176;40,0812843;32,39068488;37,28170089;33,18130825;47,20133331;23,52155567;24,76992491;19,79265071;7,456047467;7,137384542;6,569064339;33,35750076;38,52131806;23,73422526;38,60168023;24,47779652;23,02692343;6,117506856;5,570445831;5,942293151;5,208349884;4,190515073;4,463575285;17,33891727;13,3867433;8,774069012;14,16427552;12,98799593;15,77535389;3,635610924;3,775607697;3,646363737;29,66180506;23,21045338;31,43137258;16,68700726;15,71323425;20,36255142;10,43067818;16,272159;10,55459587;13,04910627;22,8154778;25,72922557
361,277;79,45834015;82,46365889;81,185831;31,43714907;20,99450585;27,18963761;17,47819122;14,67717797;25,98602746;9,786327956;5,521198408;10,72001002;5,800731358;14,14776296;12,73393522;49,42477812;40,26856244;32,46613498;37,36501782;33,19288262;47,40024047;23,71855622;24,95507332;19,91806818;7,44157025;7,154629828;6,583264712;33,47067681;38,64150527;23,87198406;38,66499505;24,54136159;23,03738983;6,138167211;5,563837658;5,935355008;5,184639604;4,178998214;4,462123654;17,35659378;13,41332949;8,731694741;14,25721175;13,08227798;15,84925967;3,613869014;3,750413659;3,63466842;29,85667609;23,42305246;31,63690667;16,66077829;15,70758901;20,39204309;10,41924723;16,25483538;10,51047065;13,14577621;22,88891444;25,74825436
361,87;80,05282365;82,97778315;81,56927611;31,56920394;20,97810916;27,22671137;17,54353782;14,68317005;26,00719403;9,71421375;5,518887753;10,70968795;5,762957109;14,05648218;12,65801582;49,77697392;40,59005753;32,52640834;37,46082059;33,36318155;47,58032304;23,86299867;25,0318483;20,1044212;7,508527812;7,185368833;6,620631153;33,59298326;38,71783346;23,90495379;38,80498062;24,65802741;23,08919132;6,146141622;5,57634687;5,962946435;5,22067617;4,171476276;4,461194311;17,52240291;13,54035433;8,867587803;14,3698301;13,14634069;16,02182212;3,607163393;3,738658309;3,612062597;30,01335491;23,65611605;31,93613802;16,80305685;15,81797243;20,45521281;10,43164414;16,28142197;10,52734233;13,08929305;22,98603337;25,87134573
362,464;80,55023904;83,48830402;82,23983826;31,68691942;21,05365049;27,28969333;17,55383827;14,77494508;26,1289698;9,723354061;5,505237597;10,73890729;5,790877931;14,04655544;12,58211046;50,28144593;41,0203736;32,8060086;37,65673553;33,5657572;47,78293622;23,98637873;25,23980527;20,26436258;7,493101177;7,293512576;6,680713562;33,78408113;38,9945835;24,10516524;38,94295465;24,6829015;23,18021553;6,157986392;5,600671327;5,963337182;5,217574655;4,195589397;4,468809599;17,58482949;13,55675425;8,930732269;14,41881639;13,21732615;16,0933068;3,596104944;3,756591077;3,631980156;30,23460717;23,88751268;32,15293934;16,82246694;15,90323833;20,64351929;10,3946232;16,26894447;10,53665294;13,10825595;23,0045618;25,95134913
363,057;80,58485449;83,4599528;82,00105925;31,57816589;21,01305883;27,23898081;17,58373657;14,7709786;26,24339239;9,661057917;5,492040172;10,62725826;5,765031131;13,941037;12,52018568;50,39854687;41,12702344;32,8587937;37,62622866;33,46714514;47,70041606;24,08219553;25,31420718;20,43513445;7,624867198;7,30106858;6,643795579;33,80533513;38,93396782;24,19618821;38,82364686;24,69349112;23,18279959;6,198670478;5,59513728;5,996108421;5,236945043;4,207015738;4,470308448;17,45831287;13,53396338;8,928260929;14,4489688;13,22616786;16,14883734;3,630353949;3,754203054;3,634141856;30,1604557;23,93200831;32,24381985;16,87898548;15,80455079;20,58305165;10,34345628;16,07163938;10,42802003;13,20323652;22,99668607;25,96610548
363,65;80,22510956;83,25636485;81,67954537;31,5165583;21,02060912;27,177032;17,68061512;14,83510894;26,26277085;9,63664346;5,493851549;10,55997947;5,736923735;13,8112377;12,32430704;50,30000538;41,1003806;32,84846577;37,39593612;33,35277812;47,49430742;24,1980716;25,3415564;20,23359662;7,637872122;7,360640857;6,715263728;33,78866671;39,0493015;24,33994026;38,70139352;24,59328618;23,18065083;6,214661657;5,610557411;5,981285275;5,268375159;4,207740841;4,526955831;17,54745545;13,53261906;8,946645085;14,54569224;13,27640421;16,14728297;3,627468795;3,752733376;3,638895561;30,31428807;23,97051265;32,14312481;16,95755174;16,04734041;20,55649039;10,35081792;16,06954597;10,48144031;13,10766915;22,98577946;25,93743793
364,243;80,21339253;83,2760622;81,58019195;31,46385506;20,94941765;27,05674324;17,72996476;14,84710873;26,25145383;9,556285773;5,488391815;10,53823503;5,725910544;13,68124384;12,26221372;50,33560269;41,15779825;32,86519443;37,23573722;33,20348434;47,40148691;24,24747651;25,39651339;20,39757402;7,718486777;7,358196215;6,724388694;33,85047311;39,00163922;24,2365697;38,46280139;24,56548286;23,12584338;6,245544411;5,607267353;6,02246659;5,272922184;4,220128278;4,501185051;17,51047955;13,56649928;9,011925524;14,54065135;13,28282178;16,21645161;3,613848209;3,76130901;3,622884932;30,29655418;24,03866809;32,17934552;16,95732508;15,94594081;20,54926425;10,26823418;15,99213816;10,46919954;13,18834896;22,99108709;25,94972305
364,836;80,2761577;83,47156743;81,68827426;31,5153236;20,96528878;27,17593977;17,75124425;14,8657661;26,39904116;9,552539911;5,48008459;10,44952587;5,693318257;13,55013372;12,14055192;50,60743939;41,24779559;32,92967677;37,12763465;33,15791495;47,36537198;24,26236587;25,4201597;20,37615866;7,64154104;7,347679761;6,694387838;33,81287911;38,89810331;24,31956394;38,50422888;24,50676073;23,21110493;6,198899286;5,633370603;6,038682411;5,279843418;4,20990137;4,52622885;17,50619838;13,54764028;9,014467534;14,61858341;13,36659205;16,2942038;3,607235719;3,727452366;3,614351175;30,47419394;24,26825653;32,29049326;16,84329491;15,85893486;20,3673981;10,25582809;15,906182;10,42310137;13,1650123;22,98259925;25,95150815
365,429;80,53136832;83,6225349;81,8293319;31,35445761;20,99728895;27,0343889;17,73249049;14,93490149;26,5066358;9,470278943;5,499902051;10,41377887;5,670882312;13,51099583;12,11667909;50,7869398;41,49011323;33,06956526;37,0660205;33,00524415;47,31114269;24,40489136;25,46120943;20,5065921;7,738724188;7,377181671;6,785733136;33,87761469;39,02869398;24,43065655;38,34280525;24,46207462;23,25123848;6,212216581;5,60612616;6,019844111;5,324569464;4,207363763;4,504281767;17,49595442;13,62953373;9,09018718;14,61503479;13,42617328;16,33147136;3,596852739;3,725902222;3,621567214;30,56520185;24,37693971;32,53451223;16,88092622;16,00223479;20,49530123;10,31382993;15,88217876;10,46321968;13,19048559;22,99338468;26,06501379
366,022;80,68164066;83,75738722;82,06428033;31,38641896;20,94142442;27,09863457;17,88892409;15,04311524;26,55255797;9,482333987;5,451327605;10,34496724;5,616984277;13,39486982;11,99716019;50,91694176;41,74079142;33,02344623;36,97135398;32,94351422;47,31990677;24,4513812;25,58123084;20,48185788;7,743217992;7,411507556;6,746161197;33,92933019;39,0837307;24,29215915;38,31531273;24,35735401;23,1777225;6,240137725;5,638978045;6,057711283;5,275593401;4,216096304;4,495861124;17,54056728;13,59048827;9,084470849;14,72296736;13,42456675;16,40320936;3,588820094;3,710595401;3,617263444;30,58187142;24,5842761;32,6180599;16,97599053;15,9533734;20,46683041;10,18213984;15,78979795;10,31232926;13,15514532;23,01910526;25,97579285
366,615;80,84418322;84,04520422;82,12562399;31,41921051;20,98951066;27,14826809;17,88465376;14,99921274;26,57105519;9,372858041;5,437981189;10,32532092;5,619647093;13,26225591;11,96748316;51,14450448;41,91779375;33,02969967;36,89662887;32,87238531;47,24508202;24,67035079;25,64229179;20,59583912;7,715767441;7,368671828;6,794733867;34,01152431;39,12651838;24,42398796;38,19101763;24,23122126;23,04005445;6,28875493;5,675950238;6,075412269;5,274613037;4,228044723;4,518113897;17,56732109;13,54007772;9,112768243;14,72809216;13,47232768;16,49347011;3,59342917;3,73340545;3,631655515;30,66589929;24,70421035;32,54322563;16,97891171;15,95917841;20,36288453;10,14062023;15,71775587;10,28154338;13,14509427;23,00271537;25,95908631
367,208;81,2666009;84,52454798;82,58467449;31,38531414;20,95260804;27,07600436;17,95292347;15,09979376;26,65012211;9,41497776;5,453255906;10,32095504;5,640865635;13,2016802;11,90461349;51,39326258;42,03995295;33,12592833;36,92334788;32,8987766;47,27797635;24,64701483;25,66886285;20,71031555;7,760178583;7,475500708;6,877515913;34,09798;39,24292235;24,56132146;38,11925575;24,23397334;23,0895446;6,35768978;5,687963142;6,119109226;5,35974788;4,254066676;4,572716595;17,47072809;13,55754654;9,148921976;14,79247009;13,48327566;16,56113536;3,672971441;3,75616559;3,641888868;30,97360914;24,95050538;32,91188359;17,04496925;16,04886333;20,51845348;10,19003782;15,72262536;10,26774886;13,23110063;23,16059573;25,99194867
367,801;81,43222744;84,65743932;82,67730501;31,40690497;20,99073319;27,17152362;17,89063757;15,07282514;26,64256224;9,286535461;5,403307908;10,21919995;5,610410154;13,16509351;11,7879546;51,76141062;42,26348386;33,2910077;37,03692541;32,88594467;47,34852553;24,76318693;25,82889629;20,81714218;7,836290103;7,505759486;6,90973758;34,00790643;39,24914252;24,67391382;38,17337353;24,35494783;23,20366529;6,356772598;5,678424134;6,093350823;5,332515103;4,263937515;4,539802051;17,56365459;13,60783511;9,129715409;14,83953266;13,56589428;16,64676164;3,619962448;3,677779119;3,619652382;30,97768148;25,00741668;32,86129219;16,97688071;16,12887807;20,57300803;10,23140734;15,70522802;10,23850282;13,15314522;22,99745781;25,98281145
368,394;81,68019014;84,90064397;82,942069;31,29293801;20,96252941;27,06982003;18,01136129;15,13441678;26,82105959;9,257263201;5,402394592;10,21356528;5,603135223;13,05493371;11,79938046;51,91816698;42,45348556;33,34664476;36,93908486;32,88327026;47,40299088;24,97148871;25,88698944;20,86310596;7,864843518;7,58251969;6,900610542;34,05362547;39,10011164;24,55296452;38,10473514;24,38279552;23,25800925;6,365480012;5,710930257;6,132272608;5,371726074;4,226218224;4,564944763;17,55642067;13,60547168;9,143725214;14,90709941;13,64182923;16,68631365;3,633808886;3,714297291;3,625106416;31,00476397;25,11989247;32,96892727;17,01688203;16,05176805;20,48517885;10,12513279;15,6623443;10,25739701;13,16194178;23,12924098;26,01491072
368,987;81,84858437;85,25589903;83,05894486;31,35597738;20,99837093;27,20287517;18,00618527;15,1937853;26,8656961;9,15456743;5,350017685;10,07468614;5,542329989;12,91357256;11,70734079;52,06993076;42,6354808;33,40918557;36,88285064;32,84821417;47,2637585;25,1364818;26,12273306;21,05751155;7,891663223;7,690647203;6,957974914;34,05766034;39,33439583;24,64905176;38,15487242;24,34348538;23,23133007;6,351246814;5,709713464;6,173190869;5,379569093;4,231235868;4,549576715;17,54177432;13,6583479;9,232505121;14,92842777;13,66511833;16,71738243;3,596841156;3,712852512;3,597137737;31,10721042;25,42278428;33,28503961;17,04051189;16,03590952;20,40165238;10,12419114;15,55156184;10,15493727;13,23522052;23,08538834;26,21748668
369,58;82,03834256;85,54272253;83,29709311;31,38916065;21,00822204;27,16762122;18,05643282;15,10376569;26,80761595;9,155044632;5,37181683;10,05057617;5,527263308;12,84823101;11,65622429;52,14926452;42,59936365;33,41890788;36,75770482;32,70653056;47,03430329;25,29153443;26,08583956;21,04689427;7,92137097;7,670913201;7,038629319;34,1548275;39,26057532;24,75152171;37,96063325;24,20558246;23,16719239;6,374976846;5,716978149;6,100995481;5,358274079;4,208995685;4,53215208;17,47980865;13,72175608;9,241449938;15,03013475;13,70439087;16,90921608;3,591750741;3,698300842;3,587010835;31,19276036;25,3411158;33,29353667;17,11450721;16,10889171;20,50094682;10,07213473;15,47841608;10,17099465;13,22652316;23,09181503;26,23191666
370,173;82,34693833;85,76283031;83,51645208;31,48681444;20,95636124;27,14634151;18,15617397;15,28371199;26,97175743;9,08452958;5,362452414;9,936898044;5,489966614;12,85039425;11,60058045;52,45357384;42,92700059;33,48065965;36,78480724;32,85152946;47,16885484;25,4010734;26,11745056;21,2893032;8,072982911;7,805357838;7,080399517;34,26116347;39,33442454;24,79636533;38,10257961;24,27792871;23,26517803;6,420649846;5,720031037;6,100555762;5,392361557;4,25972503;4,559100007;17,63473588;13,75865523;9,290096439;15,09817367;13,84905401;16,91772058;3,598194613;3,719052841;3,595352378;31,35386448;25,3909876;33,44741846;17,0358801;16,16386439;20,55454074;10,06592096;15,42616306;10,1169426;13,30878385;23,28670725;26,191457
370,765;82,6506234;86,02502714;83,54079303;31,3917156;21,05792515;27,23310779;18,21582216;15,25464491;26,90327257;9,099612321;5,317157914;9,950337631;5,528321176;12,75979179;11,4963828;52,56527193;42,96217396;33,48001469;36,60827295;32,60781537;47,07024879;25,37182884;26,28802416;21,37274332;8,053214948;7,79416527;7,027822517;34,10293642;39,35829777;24,80649607;37,99055349;24,15579552;23,19271643;6,397673943;5,754660001;6,154544111;5,414711686;4,224625936;4,549236781;17,62381265;13,79309199;9,291818651;15,16383814;13,84921458;16,9290909;3,599527168;3,711588131;3,61860039;31,40447248;25,66810415;33,47747507;16,93151966;16,04242045;20,47307089;9,992628446;15,37881843;10,01758157;13,25047805;23,16868094;26,20030312
371,358;83,06498182;86,45235701;84,01424671;31,59197686;21,07641749;27,10685812;18,28999797;15,37542976;26,96629098;9,084653968;5,344299476;9,962973995;5,51726941;12,71735042;11,50107879;52,88086324;43,28023231;33,53096598;36,48543482;32,77941947;47,23066571;25,46690666;26,2588382;21,32290564;8,105917047;7,980234186;7,108049576;34,16927286;39,34370975;24,91591231;37,98557838;24,14870209;23,15912258;6,457320738;5,822410347;6,216150301;5,477473515;4,301662455;4,622429943;17,56236366;13,73636812;9,28231429;15,21252094;13,89692832;17,05481091;3,622494762;3,747589764;3,638946768;31,53606661;25,68411227;33,42113913;17,06733897;16,16517922;20,49690697;10,01600482;15,34106907;10,0752157;13,31750112;23,20780806;26,31271246
371,951;83,26488967;86,86062956;84,14110688;31,72356523;21,23618212;27,21963928;18,29059227;15,31675801;27,00214918;9,010100716;5,313644562;9,880222856;5,512858889;12,67044767;11,52500759;53,12562692;43,40283359;33,69379838;36,57815788;32,78786138;47,10328355;25,61722471;26,40902746;21,55157173;8,142434358;7,907258874;7,110369103;34,16110608;39,33480784;24,95330538;37,96140667;24,18992447;23,22592022;6,440810833;5,764468842;6,196326283;5,446336922;4,262943389;4,61899867;17,56933483;13,77736038;9,317831338;15,32828851;13,96868309;17,24814456;3,612964741;3,67696711;3,594629463;31,38398899;25,72701491;33,5725173;16,96047496;16,14009667;20,51391057;10,05494439;15,28384823;10,05163212;13,31689842;23,39239773;26,31645142
372,544;83,60196445;87,03754146;84,54745502;31,48744028;21,05807604;27,21328807;18,18762257;15,3008982;26,99573536;9,013460591;5,306188812;9,895144138;5,481663692;12,63445338;11,55690738;53,37206942;43,58836372;33,60942825;36,54697931;32,74399976;47,09394074;25,62916686;26,53645243;21,57111766;8,17349157;7,957598772;7,078272257;34,06695457;39,38649984;24,87937937;37,86250887;24,18418486;23,18299831;6,482727192;5,764522996;6,192232246;5,449922161;4,28279988;4,593509805;17,56019197;13,87655996;9,332882779;15,40244154;14,02730401;17,23038164;3,569244889;3,687419646;3,624836253;31,56603463;25,94787716;33,81058278;17,11469003;16,16965634;20,56010687;9,992892435;15,25181374;10,01575376;13,33436142;23,25660118;26,33617442
373,136;83,70717134;87,26212398;84,51034262;31,50507302;21,09102699;27,22837168;18,30163251;15,35755215;27,09984396;8,957725706;5,287094893;9,84791806;5,463448402;12,61438326;11,48867678;53,57242214;43,85966038;33,68856142;36,58229623;32,72337104;47,21125461;25,69603785;26,53100982;21,76265989;8,31590403;8,007548371;7,217750586;34,26052727;39,36342969;25,0052071;37,76622895;24,29998822;23,23252407;6,44854368;5,75968938;6,2385988;5,456958485;4,277327838;4,559027685;17,56009426;13,773377;9,297232272;15,34562934;14,06503993;17,27874221;3,595237756;3,690435441;3,607076155;31,44095142;25,9777126;33,6772957;17,06844166;16,14647495;20,49558217;9,944315361;15,22753696;9,994769197;13,3545405;23,32101772;26,46752792
373,729;83,90466805;87,43791281;84,61895406;31,60345792;21,08008332;27,19595925;18,3043501;15,39255237;26,95582467;8,963775919;5,357379052;9,853216771;5,568672679;12,59538536;11,50982957;53,90013997;43,91262018;33,65485924;36,58789206;32,76714387;47,19237026;25,83163928;26,66588379;21,74003773;8,327150586;8,029962374;7,281269107;34,19963258;39,48335959;25,07032304;37,74503431;24,13993305;23,15974186;6,553950181;5,844712027;6,230059589;5,541038418;4,326594002;4,602037769;17,57128775;13,82887507;9,399568797;15,46291912;14,13629114;17,29289176;3,632827881;3,743044249;3,639786847;31,5710108;25,80443988;33,78318143;16,92871724;16,06904753;20,38381464;9,872182509;15,17286583;9,925548027;13,39766278;23,4294575;26,43364292
374,321;84,07501835;87,87807445;84,85867664;31,54691062;21,01079967;27,23710458;18,3342784;15,34412384;27,00790585;8,924821856;5,294953825;9,843630252;5,505177019;12,62325011;11,54226412;54,0780948;44,06948132;33,68198255;36,48002809;32,63813316;47,06984034;25,98134047;26,72167096;21,95828197;8,251978943;8,09316439;7,265249349;34,18337838;39,26671351;25,02338262;37,71764745;24,16225944;23,19015304;6,570730684;5,844169531;6,254986657;5,495579218;4,332474271;4,65183214;17,57550688;13,80659409;9,299392554;15,50754337;14,17965411;17,44747526;3,640368875;3,740594201;3,606100551;31,71779955;25,96120555;33,81067816;16,97802393;16,11803719;20,38551618;9,894602462;15,01216955;9,885782835;13,33880797;23,40119563;26,45516496
374,914;84,52482476;88,33765652;85,1958588;31,57753998;21,16132879;27,23861342;18,29970225;15,37689826;26,91048908;8,820389976;5,245724951;9,752592592;5,496739605;12,5699506;11,49535097;54,18540832;44,33782452;33,78176033;36,46930042;32,6064107;47,15007703;26,12249686;26,86164946;22,05632173;8,396657505;8,17290265;7,28688225;34,09695549;39,29632376;25,13859485;37,63269951;24,14027919;23,031929;6,531574911;5,812595101;6,2363333;5,468530314;4,327603005;4,614905927;17,60426248;13,83737007;9,394306687;15,54805598;14,23668189;17,51282045;3,63771319;3,706262236;3,583441929;31,67848483;26,17305624;33,7299829;16,83029642;16,08966628;20,32490875;9,922621829;15,09539413;9,889039488;13,34198279;23,4226588;26,51068737
375,507;85,06857308;88,72052698;85,46647014;31,71211332;21,12914302;27,29615978;18,32847629;15,38911007;26,9091821;8,837403834;5,264815066;9,769125679;5,506202062;12,56684814;11,50567402;54,51872758;44,59890804;33,78966509;36,56729168;32,71732555;47,28562103;26,10813325;26,90380885;22,19843893;8,334215636;8,064673433;7,286741145;34,08578213;39,08133474;25,051868;37,73767715;24,21945774;23,12399955;6,540283837;5,876551388;6,248336782;5,514098946;4,3263459;4,606073537;17,57686989;13,88339851;9,394153926;15,53173576;14,2802096;17,60134826;3,590285638;3,694796656;3,605257247;31,7108783;25,99135909;33,86862435;16,88019597;16,01221758;20,16561148;9,8818621;14,91009646;9,801243242;13,38200475;23,348491;26,53174393
376,099;85,11785658;88,97288769;85,6467299;31,66551633;21,08694055;27,4393668;18,36389305;15,36911803;26,9202498;8,84767051;5,2726825;9,747716878;5,509992452;12,62248099;11,54849714;54,84913808;44,80442223;33,85720739;36,47405818;32,65768086;47,22784758;26,2993995;26,85809182;22,31431871;8,415021933;8,167966649;7,418427245;34,04824591;39,31854134;25,13004604;37,62852708;24,12588885;23,01564877;6,538172449;5,838102286;6,253872828;5,507389069;4,33314866;4,636792822;17,69831048;13,87672938;9,421061146;15,65832329;14,33088995;17,63281254;3,60481755;3,721092113;3,635703577;31,58964726;26,08326751;33,99694293;16,86324862;16,02097416;20,1062904;9,877156187;14,94994485;9,815461918;13,36180743;23,43661945;26,50603949
376,692;85,63966742;89,60532849;86,22073635;31,70909193;21,18386049;27,4329157;18,28968875;15,29850812;26,85019173;8,8173234;5,214478732;9,710713335;5,50192234;12,62306667;11,51713175;55,09471928;45,05660474;33,92418604;36,47914915;32,78590663;47,38715711;26,4239688;27,14211418;22,39213036;8,435029016;8,189119325;7,327818708;34,11307649;39,23887698;24,99212815;37,7663542;24,1834707;23,05882444;6,555368769;5,852793629;6,253056899;5,481882198;4,32441256;4,617772433;17,65697258;13,87541486;9,485567725;15,68877275;14,34913069;17,74990655;3,602160413;3,710474444;3,608876234;31,61316232;26,14317127;33,97481231;16,79191022;15,93807908;20,01816298;9,813766076;14,7741274;9,710559886;13,41468352;23,39307237;26,6220157
377,284;86,02140296;90,07606806;86,50223617;31,78625758;21,09899988;27,45481108;18,37014869;15,26803526;26,86403426;8,827940364;5,255164438;9,750956314;5,533283008;12,60323256;11,5588283;55,49843707;45,28581378;34,10290035;36,59160068;32,86667103;47,35423403;26,54395167;27,20315644;22,48981485;8,452020618;8,189100109;7,453280453;34,08057198;39,09604319;25,0645141;37,75042837;24,22488057;23,10807658;6,631964119;5,893551428;6,282398873;5,545713163;4,341572726;4,625423603;17,68167089;13,99303596;9,5009896;15,88133317;14,52468366;17,86152004;3,607341382;3,729920422;3,629147481;31,63035959;26,0928849;34,01207737;16,80251324;15,91050718;19,96788778;9,840593067;14,77404639;9,624355305;13,48254545;23,49762064;26,58973748
377,876;86,59492488;90,53507605;87,08246023;31,79957335;21,22683063;27,42157994;18,3918878;15,37749603;26,84642756;8,862843713;5,222581448;9,732656589;5,546168373;12,73037746;11,61553436;55,6968314;45,46937811;34,0114108;36,54054369;32,86147999;47,38725181;26,61865921;27,28346881;22,70693504;8,556904609;8,24593837;7,450544403;34,04477633;39,12268336;25,15545244;37,78496603;24,23082664;23,12136292;6,588961325;5,913750778;6,356824195;5,598820445;4,375510774;4,662245931;17,78802183;13,93893032;9,513601286;15,9069792;14,58896053;17,96337195;3,637486268;3,718666912;3,627391189;31,80998089;26,15849971;34,03364287;16,73068561;15,9808026;20,07403591;9,822614335;14,6862933;9,733836779;13,41141661;23,38325837;26,6941196
378,469;86,78234451;90,6494644;87,04505247;31,83900448;21,19401919;27,39041545;18,40340424;15,26783133;26,87939042;8,802088757;5,229746826;9,648192518;5,600788731;12,68440785;11,66697748;55,84373254;45,68027368;34,18675259;36,58503724;32,83272024;47,48165191;26,79480699;27,48014433;22,81516467;8,531581619;8,266659991;7,467512794;34,01898556;39,15064987;25,16336046;37,72734114;24,27357225;23,20609285;6,598177005;5,946934495;6,324741097;5,573623636;4,350246786;4,653782262;17,69533583;13,94200378;9,481432392;15,95619674;14,55412361;18,00379475;3,648140764;3,736402441;3,609888083;31,59130025;26,20084253;34,02310343;16,61208044;15,94141825;19,99410941;9,789038524;14,70594726;9,645092732;13,59173144;23,47171808;26,90835562
379,061;86,66213039;90,46566188;86,95280927;31,62047014;21,04569229;27,45991289;18,487336;15,32914503;26,95009459;8,77123779;5,239902217;9,673746514;5,605435425;12,78242351;11,72524312;56,07614067;45,82072507;34,16608898;36,44067975;32,71370032;47,24076626;26,77205289;27,50918123;22,87962966;8,494173515;8,290661015;7,481138832;33,97238743;39,17347611;25,23645564;37,55960332;24,2669197;23,18553692;6,651293276;5,946398588;6,344361287;5,626603953;4,355910569;4,689397545;17,68430744;14,00131533;9,590492738;15,97252925;14,64932573;18,09125953;3,633449496;3,763294673;3,65239827;31,60718042;26,080813;33,83478435;16,62067633;15,86998068;19,90973817;9,747716112;14,59972809;9,634694957;13,59381946;23,51942162;26,62643436
379,653;86,58959032;90,60508127;86,74593884;31,72728546;21,10584352;27,34087629;18,47983164;15,27567654;26,79312709;8,771295258;5,20887114;9,587441813;5,621640806;12,83968698;11,77867518;56,0150733;45,82687471;34,13571258;36,3164865;32,62446308;47,15456538;26,86705477;27,5874511;23,0117762;8,475217519;8,290012376;7,488950511;33,90889985;39,1642574;25,10908796;37,44602684;24,17546652;23,13377192;6,621199078;5,909942314;6,348453045;5,586669804;4,314838982;4,68666631;17,75420057;13,91832027;9,524289898;15,96281876;14,5525461;18,16967076;3,638278234;3,734606788;3,643314367;31,62110206;26,19231927;33,98162316;16,66377876;15,85428621;19,70187764;9,69206533;14,53022865;9,598546291;13,60894093;23,52836373;26,71885286
380,246;86,59348129;90,51516285;86,69054857;31,75563459;21,07973467;27,33273863;18,52629717;15,29738084;26,82953994;8,69274363;5,179830571;9,564362508;5,661076178;12,87672219;11,80702081;56,21228261;46,03979494;34,1853307;36,22847615;32,62030289;47,18539122;27,06780144;27,63066817;23,16807348;8,581185995;8,373780075;7,500825856;33,99821193;39,10105735;25,16094232;37,31951829;24,04397054;23,06042134;6,632194108;5,891250183;6,288269383;5,590059274;4,320818865;4,644414627;17,79201934;13,94040013;9,551576705;16,01305072;14,62623871;18,22244739;3,634015176;3,741727885;3,617228546;31,49579373;26,08666986;33,81455832;16,51232502;15,87861552;19,72654067;9,713437382;14,48831739;9,595417472;13,62703389;23,57812788;26,77517029
380,838;86,90891262;90,7860853;86,98254731;31,62072693;21,00749864;27,34937679;18,54942216;15,21709405;26,82445806;8,738203642;5,246217087;9,565029551;5,711249525;12,89955249;11,79432942;56,23143207;46,16740434;34,07049351;36,04761689;32,61749493;47,16856879;27,14035578;27,69633209;23,10447886;8,528278464;8,359092774;7,484230323;33,77150095;38,99171125;25,14492551;37,24148192;24,05884718;23,09776743;6,6853687;5,936682656;6,351808044;5,603904077;4,373021328;4,66688208;17,73446554;13,86645869;9,639642485;16,2027453;14,69831138;18,17835163;3,629142682;3,776318343;3,671994699;31,53604628;26,09181014;33,6304569;16,5099004;15,74254816;19,66119964;9,669801964;14,43219001;9,490747259;13,60143153;23,48043765;26,75965184
381,43;87,02828417;91,1211398;87,03025299;31,72764433;21,02879723;27,42491612;18,55443949;15,28606937;26,73742691;8,697820976;5,219244607;9,498509;5,744491464;12,88671934;11,82988975;56,58808219;46,36235083;34,18020681;36,04144621;32,47388609;46,99004031;27,33169597;27,86093054;23,3367657;8,688719982;8,426592238;7,669592851;33,74896971;39,0988294;25,28234874;37,23736599;24,06718892;23,1565726;6,707204325;5,93803642;6,356950277;5,564070416;4,353804594;4,629689033;17,66873724;14,06772453;9,660961673;16,31721313;14,81673203;18,26838549;3,660839145;3,765126337;3,640938326;31,47031557;26,05598019;33,74831472;16,44675814;15,8199064;19,80665963;9,796947757;14,3896711;9,585918187;13,57317272;23,56943652;26,81518684
382,022;87,22070459;91,39551695;87,18283625;31,8112647;21,09922906;27,37915905;18,59851854;15,38600976;26,66272334;8,692164713;5,202589618;9,567039047;5,785945815;12,95841907;11,9277129;56,83210085;46,52179412;34,2107892;36,0570586;32,51014337;47,1266676;27,39751359;27,8628075;23,31116971;8,580067963;8,509936548;7,645347098;33,77633342;38,90191044;25,17895434;37,17620344;23,9634481;23,09849545;6,75885973;6,00984013;6,405373465;5,653995158;4,391675434;4,697797052;17,74903898;14,01170063;9,652157557;16,2954928;14,83560021;18,29107357;3,687738533;3,765913719;3,67156114;31,63532092;26,05564229;33,76279783;16,3725584;15,70063007;19,63543898;9,696588815;14,37502834;9,467881054;13,65893706;23,52501177;26,86004982
382,615;87,4809462;91,65421709;87,33149485;31,80433999;21,050831;27,49970793;18,62689296;15,33330531;26,70292186;8,642028674;5,255448006;9,595187486;5,751808488;13,0577714;11,96644227;56,9382186;46,60750548;34,32728431;35,94465721;32,55328469;47,0069438;27,41633847;27,96490744;23,44965076;8,624006145;8,527903354;7,649819832;33,77451722;38,84732063;25,21477414;37,20403938;24,11366074;23,0411726;6,712825511;6,046267683;6,443688676;5,701395254;4,410187911;4,717438343;17,7062447;14,01632571;9,634443796;16,42010885;14,96072039;18,41144549;3,685439936;3,810111292;3,687425123;31,54885077;26,07646778;33,76587373;16,43147467;15,69338235;19,53761704;9,694726693;14,20728936;9,493412068;13,70953522;23,7133138;26,89360645
383,207;87,86640794;92,04193198;87,77406909;31,82874479;21,15806207;27,47967633;18,68023168;15,3212278;26,64134467;8,657508587;5,201029009;9,501776154;5,712383067;12,8992897;11,81969876;57,37150911;46,80327273;34,34271945;35,8908336;32,47799156;47,10961229;27,65721766;28,14785281;23,65927359;8,703319004;8,591993262;7,689276866;33,83668931;38,69734791;25,12698269;37,08947128;24,00026299;23,06130909;6,762210055;6,04135541;6,43962642;5,645817084;4,383918114;4,718663586;17,75689526;13,98552336;9,662716976;16,44938096;14,99147643;18,4683689;3,614993076;3,775028912;3,649770138;31,5451851;26,19579076;33,86009822;16,28662936;15,66149088;19,38178851;9,637973135;14,1978626;9,4622025;13,77353757;23,83396147;26,97171067
383,799;88,28047179;92,66484624;88,29100213;31,82466654;21,15044831;27,58297952;18,66807971;15,27160482;26,58931471;8,580381981;5,207723957;9,479524259;5,707358492;12,84181981;11,87604085;57,62992397;47,19280879;34,28205403;35,91474378;32,42081577;46,97986566;27,69595016;28,21329395;23,70734638;8,710797854;8,659521372;7,776722679;33,77910932;38,95668353;25,19749509;37,13627192;23,95860317;23,00135412;6,713306588;6,039827012;6,442992291;5,665347893;4,370436371;4,70002884;17,72004693;14,02930468;9,670616978;16,50766456;15,04119456;18,46739484;3,627776966;3,735663533;3,640630814;31,5646169;26,24773236;33,76494872;16,34341552;15,583867;19,39633699;9,681244713;14,16291415;9,38290499;13,70121471;23,71009982;27,11289209
384,391;88,58740351;93,01646649;88,54456831;32,00079829;21,15449149;27,50846795;18,71025686;15,2975082;26,52591036;8,557470879;5,178881798;9,426869464;5,655802368;12,81551802;11,76175798;57,78970967;47,32499452;34,26764497;35,95677281;32,50013597;46,99878509;27,77606855;28,18825605;23,8752912;8,828158661;8,679840459;7,85798785;33,72643182;38,7828299;25,09192086;37,12723209;24,01406089;23,08662905;6,766685491;6,02583906;6,457974974;5,665579593;4,376983795;4,730984611;17,7899372;14,06297543;9,714760155;16,6039707;15,13284335;18,56382741;3,639918214;3,747784656;3,640818587;31,59803422;26,31495048;33,91815076;16,32348705;15,60911251;19,39506966;9,665768497;14,18254391;9,393816193;13,79552028;23,82666564;27,21260422
384,983;88,89373718;93,40475188;88,81911;31,93322008;21,18240747;27,57446839;18,78158116;15,32335013;26,59061038;8,508550549;5,153720845;9,408236154;5,668502462;12,73444667;11,74700938;58,06251022;47,62111782;34,37388446;35,85586009;32,37425667;47,00463608;28,01601145;28,25172023;24,06031014;8,886361391;8,787504336;8,016718427;33,78115575;38,87748703;25,05385045;37,10776805;24,0459737;23,0708948;6,826675123;6,075954189;6,472784385;5,739422469;4,417483179;4,716677056;17,66047083;14,01047209;9,718910855;16,6249837;15,09768079;18,62828831;3,661851767;3,775511024;3,663746792;31,64652926;26,26266626;33,78559272;16,28475891;15,60279724;19,40005561;9,647309404;14,13599466;9,303941732;13,79821927;23,86669867;27,32948691
385,575;89,27390071;93,674032;88,92442244;31,92496782;21,18981932;27,53644236;18,7654581;15,29311884;26,57016065;8,511525677;5,155693259;9,353950993;5,640701611;12,68160503;11,65587599;58,23675268;47,87871339;34,35072308;35,81485829;32,31263707;46,92504191;28,0897187;28,34577228;24,17348798;8,906935706;8,847793339;7,92005462;33,70381518;38,83378846;25,14753464;37,13680918;24,01363739;22,95330318;6,814580985;6,083081158;6,511994901;5,729826361;4,419632871;4,712040244;17,7498547;14,06857933;9,695069116;16,6977565;15,16241639;18,76304703;3,643298784;3,730647573;3,613148043;31,66326333;26,29609908;33,96475136;16,20123831;15,59492064;19,33202929;9,636170773;14,17099263;9,345508224;13,89558637;24,02898528;27,35471696
386,167;89,55111948;94,06525949;89,13712186;31,95059221;21,14920279;27,61978166;18,73771632;15,32112988;26,51167157;8,438828335;5,135247963;9,281959451;5,558238358;12,57478047;11,54229918;58,45272534;47,98465096;34,28095582;35,71738318;32,2841708;46,83738325;28,08878192;28,43528345;24,19826609;8,982265512;8,79788657;7,991134541;33,61422995;38,75296666;25,16654449;36,96425943;24,00832515;22,92387044;6,80875767;6,057570173;6,476198871;5,727123822;4,349636676;4,710126759;17,71761271;14,0269508;9,667975003;16,70257675;15,21873599;18,71988306;3,60799434;3,717569727;3,616896618;31,62197053;26,33416046;33,82215261;16,09337173;15,44754266;19,22568722;9,514177595;14,07034891;9,248631506;13,82679111;23,91113119;27,4008557
386,759;89,97192891;94,3803135;89,38821707;32,02102238;21,31364716;27,65728916;18,77956536;15,24758851;26,37767104;8,405055972;5,154416219;9,244878317;5,544767207;12,56987148;11,57025549;58,76651376;48,10077362;34,27970966;35,73931752;32,29729099;46,86376498;28,09544641;28,52482595;24,24771901;9,094799243;8,890849706;8,079918903;33,54625646;38,65407718;25,0255469;36,87004772;24,00335825;22,8446283;6,835234789;6,099741653;6,524429677;5,76552557;4,42309218;4,760338695;17,820441;14,06975069;9,724888091;16,80416244;15,33272674;18,91863264;3,63312904;3,727252656;3,623486963;31,56783353;26,2538534;33,82498472;16,10057952;15,49303842;19,1534978;9,46656801;14,0513541;9,216297747;13,84441678;23,90030224;27,29982303
387,351;90,32292239;94,87139623;89,81650723;32,06911789;21,22900479;27,65889173;18,83139755;15,26789916;26,31550608;8,318236952;5,099891593;9,204472942;5,513149638;12,41556039;11,49560121;59,05427436;48,37646538;34,33544187;35,72121867;32,30739474;46,93129473;28,18989615;28,55447977;24,40523987;9,118960749;8,819966488;8,068400087;33,49792893;38,68492021;25,05330337;36,78622124;23,91177747;22,96247716;6,866066882;6,07042324;6,512638429;5,739995715;4,422009296;4,750204041;17,79295464;13,9871937;9,650875098;16,8550196;15,32421448;18,91807266;3,615483348;3,720484605;3,618054121;31,63095442;26,43753421;33,92256734;16,04626918;15,39557802;18,95526404;9,444436627;13,93865101;9,125702464;13,91192012;24,08587786;27,39208947
387,943;90,5409625;95,04797812;90,01668823;32,18237162;21,256236;27,73014812;18,89033916;15,23789217;26,37255117;8,296107862;5,108632003;9,13647124;5,479933855;12,37596344;11,45359742;59,09610993;48,56671592;34,36668053;35,68980169;32,22896786;46,86941711;28,3503577;28,60782916;24,43462141;9,20338688;9,014068229;8,177001176;33,67208947;38,70214752;25,15999273;36,89215132;23,93393292;22,93307064;6,891823744;6,14124289;6,587386928;5,774910042;4,429141244;4,73100908;17,83972464;14,06962422;9,723610835;16,87787259;15,31140084;19,03674447;3,630959898;3,712876636;3,649540206;31,63416985;26,47811805;33,97722657;16,07874451;15,43964022;19,01018268;9,461769149;14,0472093;9,158080511;13,90166717;24,11454763;27,55954664
388,535;90,80834262;95,45677839;90,23633376;32,18624876;21,24653031;27,73463924;18,83770479;15,19955805;26,25629355;8,208815685;5,093480038;9,102918951;5,455705562;12,35728618;11,42341536;59,43059121;48,78985892;34,22065632;35,47439904;32,20148961;46,76248771;28,4437404;28,75068508;24,55718092;9,207237839;9,010321019;8,224242566;33,61122438;38,67411184;25,12676662;36,78035767;23,90065533;22,86468359;6,948240502;6,128211381;6,593277003;5,808044222;4,46476281;4,782229201;17,74068199;14,01179085;9,668296024;17,00239805;15,39907981;18,99459872;3,636844734;3,709419766;3,645064694;31,69478856;26,52633472;34,01796549;16,0746959;15,35189109;18,98099651;9,410494747;13,98793484;9,076055658;13,95997069;24,26801381;27,58977362
389,126;90,8009141;95,70138092;90,32221624;32,148928;21,24834857;27,73710579;18,80801258;15,15555351;26,20223481;8,195451217;5,048479608;9,050532865;5,436781886;12,27010925;11,37496713;59,59527509;48,97500082;34,34465313;35,50794423;32,14171509;46,68616062;28,554769;28,77729122;24,6601356;9,236390002;9,022769117;8,262824288;33,63632525;38,59165224;25,09287415;36,70619125;23,867421;22,7806161;6,913726036;6,120607086;6,613605236;5,783147338;4,422691577;4,739380513;17,79210349;14,03029157;9,718641166;17,01425336;15,37622307;19,07692992;3,608621531;3,692440639;3,605686314;31,69515682;26,41957057;34,07612791;15,87927326;15,3090108;18,89851921;9,429820872;13,85449154;9,00309794;13,95214384;24,17672171;27,58639335
389,718;90,96520907;95,87712973;90,42194952;32,2275187;21,27422831;27,73444329;18,77581836;15,10767519;26,07421324;8,160540472;5,064521139;8,957440995;5,42058312;12,21990161;11,33443025;59,63439156;49,08036078;34,20963111;35,38463226;32,12740214;46,44132886;28,65210546;28,79028252;24,72742019;9,28770292;9,079085967;8,238492398;33,596057;38,55301125;24,99818309;36,65846155;23,85444029;22,78686799;6,94308256;6,140167326;6,574758073;5,817525808;4,433983495;4,748590137;17,72381363;14,03404432;9,641620248;17,03197312;15,38812059;19,10931472;3,614201735;3,702018667;3,58764275;31,83067785;26,48895058;34,07300325;15,83806555;15,25110509;18,8520891;9,40811027;13,89580865;8,969986378;13,8763104;24,23213961;27,63829254
390,31;91,13098552;96,13857225;90,52981294;32,11953573;21,27237342;27,7846389;18,81839563;15,04284454;26,05103644;8,125646635;5,070045232;8,985229593;5,413221889;12,14028888;11,27780786;59,99231848;49,24407297;34,18650356;35,32888289;31,99355146;46,42924114;28,78215015;28,85443347;24,82156482;9,385513458;9,157360884;8,292145152;33,44896108;38,55437899;24,99597222;36,62119957;23,92083745;22,75266351;6,928811403;6,185198322;6,598051739;5,845729511;4,449875171;4,791864216;17,79477445;14,02660514;9,689744772;17,16326688;15,51813949;19,22839532;3,618070657;3,707566394;3,61994759;31,69632902;26,55525872;34,06865009;15,79997859;15,15881703;18,8441823;9,41145589;13,90090592;8,984109366;14,02137909;24,24479755;27,70365573
390,902;91,64172654;96,4677096;90,87040301;32,1509952;21,3335761;27,82405966;18,80278994;15,08738511;26,00507714;8,105733318;5,042628567;8,935530224;5,430517067;12,07973918;11,28511279;60,02705819;49,3222904;34,09747922;35,1719483;32,00306796;46,39546207;28,86146798;28,87693116;24,9516266;9,421259154;9,11628899;8,320826911;33,43937066;38,41109157;24,90807003;36,56068585;23,87782059;22,73995822;7,025589004;6,173198123;6,652438296;5,813958944;4,451519352;4,794686563;17,68059422;14,02645836;9,664499845;17,17361171;15,52123809;19,25524416;3,616656912;3,724411676;3,636667894;31,64801658;26,47849753;33,96932846;15,7050875;15,00874357;18,69529789;9,316894648;13,8161171;8,928972673;14,01917336;24,2893996;27,71725845
391,493;92,128997;96,96140339;91,46632541;32,28986515;21,31440864;27,90206514;18,84315213;15,02462897;25,90625514;8,091641243;5,037045348;8,891699169;5,385120727;12,00480248;11,2107232;60,54141006;49,72553564;34,25310079;35,23343557;32,04889554;46,48637256;28,96254906;29,01615786;25,10416845;9,501044553;9,30257083;8,445515321;33,6369753;38,43955742;24,89013215;36,6557456;23,84670205;22,81806477;7,022684903;6,195844012;6,63985033;5,875930974;4,482781334;4,775439636;17,80853442;14,09884075;9,707460024;17,25370817;15,65893143;19,41332395;3,642334598;3,71667485;3,636466425;31,82391212;26,50984646;34,01211264;15,74722505;15,15477775;18,7378317;9,418787635;13,90953569;8,952591315;14,10051303;24,46325652;27,96831107
392,085;92,41554673;97,2512502;91,61212486;32,38916599;21,36339203;27,92248233;18,72898556;14,8920896;25,82494249;7,988768258;5,00978026;8,833512851;5,334316836;11,99472807;11,19826998;60,72402592;49,90725543;34,30169482;35,23804381;32,00821309;46,51136566;29,01907011;29,08809563;25,26934849;9,543306817;9,315991311;8,45231415;33,45632026;38,50542179;24,87856498;36,62489726;23,94525306;22,71095742;7,009110778;6,178412605;6,66587299;5,822798518;4,424697046;4,752661611;17,78206172;14,02387082;9,65827411;17,27422414;15,59904638;19,37440627;3,592908976;3,68226636;3,562929764;31,77922782;26,56076472;34,12019976;15,68386955;15,00302972;18,67157471;9,349956468;13,83149771;8,918354902;14,03459647;24,44606428;27,99968952
392,677;92,8190745;97,72410234;91,94509418;32,41432623;21,42108063;28,02132728;18,81504877;14,90188593;25,721659;8,009208241;4,990257077;8,806200214;5,353416797;11,97748399;11,21509472;60,91598575;50,11300559;34,28892606;35,30029165;32,11255164;46,40040897;29,08542774;29,20652953;25,44808855;9,619451001;9,472528768;8,533443718;33,59363694;38,67073438;25,0540401;36,62442426;23,99104702;22,77855649;7,037331321;6,220051465;6,675990068;5,849161061;4,460066891;4,779462611;17,840679;14,07073686;9,731765674;17,39071253;15,75021203;19,48322557;3,601618745;3,685195364;3,5803555;31,76599788;26,57822169;34,01870944;15,71242556;15,07104901;18,69294831;9,446844628;13,90128706;8,996471472;14,04115005;24,4392078;28,18368984
393,268;92,6412056;97,69485028;91,85492363;32,32690893;21,3728503;27,83752542;18,76406244;14,87874123;25,55782801;7,953987705;4,997696135;8,803747842;5,35402239;11,98785164;11,2632219;61,01715582;50,29149651;34,28581255;35,18355867;32,07864018;46,34737722;29,2071434;29,23131157;25,43777395;9,677275165;9,431278293;8,594456541;33,56793807;38,62851262;24,90376366;36,52394418;23,93982336;22,74614969;7,055341882;6,243856869;6,674771577;5,888448617;4,442961351;4,79559357;17,87163294;14,17256625;9,748729873;17,42370305;15,81421074;19,51741685;3,62760928;3,694270218;3,598476929;31,78796678;26,4408212;34,01428124;15,55949043;14,9006261;18,66811538;9,339152442;13,80529608;8,937838604;14,03847506;24,39643419;28,07301958
393,86;92,72233098;97,66375508;91,87272927;32,37871705;21,36854463;27,9640587;18,82173306;14,84083538;25,45106009;7,937587037;5,014204398;8,809764538;5,375770675;11,95897516;11,2306008;61,16571591;50,41579374;34,28950075;35,09510786;31,97338872;46,33640034;29,18885332;29,21079327;25,60065176;9,65578187;9,461935405;8,539276035;33,48729301;38,44030905;24,83709699;36,31705809;23,89893983;22,68841584;7,097592751;6,217206223;6,708549998;5,860377879;4,468513392;4,804330582;17,7585174;14,11227787;9,741188904;17,39887965;15,8091917;19,53334681;3,595647985;3,699719612;3,608200902;31,6626855;26,43465469;33,98522698;15,5560285;14,83949752;18,52441768;9,356804114;13,74047704;8,831307909;14,06112191;24,51191469;28,1251587
394,451;93,18439674;98,14499228;92,2071501;32,41265975;21,36731775;27,97668493;18,77666597;14,74602737;25,36023484;7,907716753;4,989446092;8,698314622;5,339564249;11,90512298;11,25465794;61,40975164;50,48388497;34,26829972;34,95784654;31,97056495;46,34728789;29,34072673;29,32196793;25,70662689;9,733793047;9,512755085;8,633213081;33,52347699;38,39688167;24,89165895;36,29764529;23,8027217;22,65921536;7,09581474;6,199187933;6,724089975;5,887556325;4,44007504;4,77593418;17,81935822;14,14225678;9,719054901;17,50056958;15,8880353;19,6235401;3,589595972;3,689112246;3,590578856;31,74320095;26,50542805;33,86140832;15,45048309;14,86558974;18,56244424;9,287054468;13,73507355;8,804257068;14,10860425;24,6798182;28,18977131
395,043;93,44740763;98,45672976;92,42378193;32,39056398;21,34100107;27,9553911;18,76350827;14,79911644;25,27137341;7,854923118;4,974661195;8,735676452;5,315978844;11,90370633;11,21930839;61,57432384;50,71652795;34,28592425;34,99405232;31,9401787;46,26524926;29,37264162;29,28776298;25,72600255;9,771738502;9,599964948;8,681092286;33,55281337;38,38403192;24,8024677;36,22669479;23,86987423;22,76241947;7,138814506;6,213350991;6,697307049;5,866437247;4,458757491;4,771742489;17,78053619;14,11588434;9,736742711;17,51738128;15,89318997;19,60229184;3,584074901;3,684024324;3,602511218;31,6736923;26,37479896;33,92983716;15,47014864;14,86150205;18,50768242;9,301756036;13,80506953;8,79263778;14,05988489;24,55648968;28,23363491
395,634;93,52986626;98,48372492;92,42104685;32,42209671;21,35446561;27,93719171;18,77229818;14,80147217;25,19373172;7,855287103;4,978135601;8,694465543;5,335981723;11,93300437;11,26778374;61,70312695;50,93967815;34,41873229;34,99738145;31,91211668;46,28113046;29,49830667;29,31627296;25,8147689;9,813568183;9,688284411;8,78229842;33,56717954;38,48797027;24,94061156;36,20561946;23,82905303;22,73723852;7,131572039;6,244367343;6,752031122;5,901651296;4,471967609;4,778585125;17,73007266;14,13364825;9,746325948;17,53759978;15,91314553;19,63187014;3,590865945;3,68976102;3,587566711;31,73186218;26,32427463;33,94312645;15,47063837;14,87391526;18,46619089;9,300668138;13,74896218;8,825732626;14,15636936;24,68377805;28,2679557
396,226;93,50259367;98,4968214;92,3914605;32,27678867;21,32506044;27,94309102;18,78916562;14,79101548;25,0979627;7,863468301;4,998450506;8,731522565;5,345136561;11,95279752;11,32992851;61,89874748;51,11205158;34,37492777;34,85091533;31,90814653;46,32653848;29,59385875;29,42967951;25,88062849;9,881498483;9,727297663;8,840061391;33,51777072;38,35455321;24,8567644;36,09377598;23,79191349;22,72677477;7,181496021;6,309449998;6,775813295;5,917938605;4,495909672;4,819229566;17,705534;14,09041274;9,783782869;17,65056307;15,96055284;19,71922789;3,619597466;3,695650001;3,606795695;31,50249995;26,22746333;33,67306042;15,42048722;14,80925089;18,36551759;9,346888118;13,752415;8,838139446;14,14615143;24,65049739;28,37834097
396,817;93,53025795;98,55041516;92,58507281;32,30768991;21,30360584;27,93991789;18,70650907;14,70876685;24,92515088;7,821188689;4,954326669;8,653315357;5,363084682;11,9620094;11,35787606;61,89864965;51,14902885;34,36740488;34,7527455;31,73611397;46,1745301;29,54414644;29,43875852;25,99414521;9,889674848;9,752406653;8,793933862;33,45856294;38,27057809;24,72919556;36,06954257;23,74216015;22,72447803;7,157072067;6,274170708;6,75501565;5,899905323;4,485318854;4,783420699;17,62931339;14,11721068;9,779642371;17,63506181;15,93426188;19,70478515;3,588086836;3,688754396;3,589951723;31,53194449;26,08832062;33,55558531;15,24804727;14,67606316;18,30530708;9,247224002;13,59288402;8,7514062;14,24337635;24,76912841;28,35461217
397,409;93,80245505;98,93762416;92,66702204;32,33569255;21,41974374;27,87910908;18,74432884;14,66994426;24,75885759;7,813750334;4,972534903;8,661735007;5,355786132;12,009634;11,4309699;62,13735437;51,43325716;34,39249491;34,7292137;31,87707942;46,18039038;29,60351892;29,47129009;26,08375994;9,956145438;9,820001263;8,90267831;33,56937337;38,2099582;24,75007827;35,95846624;23,67342973;22,6934624;7,176238224;6,314233972;6,805203811;5,925636076;4,474225651;4,835035511;17,62848542;14,09613506;9,75833374;17,65525418;16,03389065;19,75132215;3,596749742;3,712227826;3,604041797;31,55380875;25,98510097;33,64714402;15,23492403;14,67712663;18,25863809;9,283125937;13,65915874;8,759597894;14,2386739;24,74285381;28,48069461
398;94,02065135;99,08690686;92,84259575;32,2738437;21,40145953;27,92505312;18,77528039;14,56953977;24,65058455;7,78048739;4,9727728;8,642829456;5,394911874;12,1415404;11,51157252;62,18762106;51,48662952;34,39030284;34,69088882;31,78653565;46,1575974;29,66557719;29,42542526;26,09355914;10,0123385;9,876186096;9,045736294;33,50646271;38,28023269;24,7848764;35,95632862;23,74444338;22,7327922;7,214834666;6,29745877;6,773916836;5,950509851;4,503803653;4,806387132;17,7653069;14,17740438;9,828604846;17,80642942;16,12479542;19,7824157;3,620967979;3,707486626;3,620334458;31,49515801;25,8244839;33,54911731;15,21733265;14,6051005;18,23174162;9,230585526;13,7035059;8,727849696;14,26197761;24,86216103;28,54377182
398,591;94,22466975;99,30845794;92,89545763;32,49750896;21,46066047;28,03034084;18,73402248;14,64730463;24,50000291;7,802180028;4,98704482;8,695172988;5,430391201;12,14222981;11,5834964;62,42909018;51,7307339;34,38996013;34,6234039;31,79923214;46,17123058;29,72548254;29,42385461;26,11801446;10,10167885;9,922096628;9,053244824;33,47417046;38,2904689;24,62538351;35,93797399;23,77148353;22,63896193;7,22514981;6,347537314;6,820371386;5,978187301;4,525006366;4,829354046;17,69251079;14,10880797;9,78162187;17,81243082;16,10453578;19,82153114;3,650510945;3,756147832;3,663882637;31,4485595;25,77909219;33,47990655;15,15043948;14,55283931;18,1312974;9,246981769;13,69910511;8,700600028;14,2987582;24,9072517;28,47310895
399,183;94,47722236;99,6531745;93,23881434;32,52409141;21,53174159;27,89446187;18,60562413;14,53070716;24,27249347;7,766822359;4,953439182;8,588619185;5,404902822;12,20859965;11,67222846;62,59130581;51,99709617;34,3616421;34,58752982;31,92678707;46,32795579;29,82117459;29,42810493;26,22252056;10,10886969;10,04436021;9,188274506;33,47757097;38,28346861;24,63374823;35,94164884;23,71213343;22,69917413;7,224543405;6,318373556;6,806152414;5,936177723;4,492239253;4,786444563;17,65722602;14,11823038;9,827879651;17,99341104;16,13274271;19,95158908;3,598207452;3,68487517;3,600352205;31,2838036;25,58947577;33,40295023;15,10027515;14,52044305;18,1095856;9,268991077;13,70514585;8,737722518;14,43552267;24,85550135;28,55317829
399,774;94,66465682;99,7598103;93,2836871;32,46496135;21,37276615;28,00197157;18,71113276;14,55938783;24,15975265;7,795542833;4,966363388;8,618555927;5,473684622;12,29702789;11,80392362;62,81534602;52,0745477;34,47169607;34,62462331;31,90666279;46,25408964;29,93364101;29,63734273;26,36084868;10,20166747;10,06537437;9,280170351;33,50237815;38,22453992;24,62113854;35,9041234;23,82594545;22,72245376;7,255499321;6,346591329;6,854489223;5,969026633;4,490828574;4,826108423;17,7358432;14,11958041;9,815853942;17,94526622;16,14601898;19,90892485;3,633596197;3,727023812;3,624763165;31,29843584;25,38688951;33,30849478;15,10976039;14,54402302;18,06921875;9,243666586;13,73380069;8,730255279;14,44979552;24,93166341;28,79631393
400,365;94,83330315;100,0692981;93,46035543;32,48775213;21,49371261;27,95309975;18,50807491;14,4228445;24,00560285;7,746474659;4,919768415;8,561700784;5,414675196;12,30995153;11,85805778;62,97633286;52,34609479;34,47246402;34,51325938;31,82711126;46,27388122;29,83512558;29,56958633;26,54244096;10,28052345;10,15779166;9,378782043;33,54265586;38,21360046;24,58328692;35,86710672;23,79489501;22,74965568;7,243549077;6,334135278;6,855082959;5,928701191;4,441004558;4,772715528;17,70330749;14,13641879;9,811761717;18,01522135;16,19694781;19,93708679;3,603426377;3,681644014;3,594598888;31,16108558;25,30103043;33,30075815;15,07078883;14,45524646;18,05970033;9,272972635;13,67707831;8,719845294;14,48678719;25,0889062;28,76092906
400,956;94,83447996;100,2304922;93,56242746;32,43725351;21,34850646;27,93561447;18,5333008;14,38155778;23,80666886;7,751284048;4,931109959;8,549907398;5,476480509;12,43091078;12,0083145;63,16943049;52,58192833;34,5226552;34,63782045;31,8376432;46,28558661;29,93685667;29,72348784;26,52791348;10,31836743;10,17460712;9,385900654;33,55121626;38,14688643;24,54026144;35,88357082;23,80794032;22,74918097;7,255880432;6,387076313;6,854159601;5,924112857;4,498235567;4,809521126;17,69105895;14,0947977;9,809834028;18,02536013;16,25441679;19,95401018;3,611544567;3,738314761;3,626350152;31,18927641;25,26850472;33,16379716;15,01008544;14,35730854;18,04025956;9,254334074;13,66413217;8,676323068;14,50898303;25,15692666;28,76525027
401,547;95,18697036;100,4483731;93,77740678;32,34877238;21,35118381;27,9948831;18,49186078;14,30294189;23,6342781;7,748535591;4,952779884;8,607143901;5,526220698;12,56275178;12,12328595;63,2845135;52,7285989;34,46384883;34,56207277;31,92166706;46,09447608;29,91692091;29,58907342;26,58951398;10,34180793;10,22330394;9,453825593;33,45045379;38,13302734;24,48870262;35,73770062;23,7817343;22,66020474;7,283439084;6,37168362;6,85379231;5,973823665;4,503330143;4,7848763;17,64986611;14,09571003;9,85201991;18,07175846;16,27674639;19,9914402;3,636480361;3,754531854;3,621991086;31,08900763;25,09008593;33,02525558;14,91468961;14,3292199;17,9850044;9,201911108;13,61075253;8,668157662;14,52187488;25,13315453;28,8453119
402,139;95,33090118;100,5076994;94,01645653;32,42190877;21,34027896;27,96660071;18,42500394;14,19794776;23,5261657;7,74528183;4,982898854;8,559205661;5,582159686;12,69685805;12,32094363;63,40080038;52,82351592;34,39904334;34,55006637;31,87828675;46,16074089;29,92384638;29,71223777;26,77009343;10,56685808;10,41267048;9,553548421;33,49659022;38,11843515;24,50746921;35,67488934;23,76692672;22,59995928;7,316692534;6,401087876;6,891150729;6,008973317;4,550351349;4,83294591;17,69407639;14,06608029;9,801247029;18,07235382;16,26431171;19,9822678;3,664152164;3,78795285;3,669180704;31,09390913;25,00902235;33,08957551;14,86352598;14,36950114;17,97047823;9,254537512;13,6166665;8,713297597;14,54577977;25,2858991;28,93827025
402,73;95,44054811;100,6920673;94,11944482;32,3577957;21,36585692;27,90829926;18,36335496;14,15739403;23,42639094;7,747158498;4,969716971;8,584421893;5,618312124;12,83338372;12,49611707;63,60188027;53,03809417;34,42221155;34,53430719;31,84161156;46,23564858;30,01306279;29,61439742;26,74315491;10,53460912;10,33496728;9,597012944;33,4262172;38,07633854;24,39926005;35,75751637;23,77517312;22,60107762;7,340092669;6,448084823;6,905197104;6,033374467;4,542835354;4,828096476;17,72988959;14,14100333;9,885464451;18,15778814;16,30544432;20,0597915;3,680290765;3,81434286;3,682355627;31,06377838;24,92036822;33,07490594;14,88086206;14,26575076;17,97817122;9,163432543;13,56016628;8,701028777;14,57862137;25,26565148;29,054363
403,321;95,70125859;100,9868925;94,57382327;32,48103813;21,35665491;28,09242859;18,38721147;14,11837449;23,24440537;7,730905372;4,958080028;8,543992009;5,606409411;12,96836787;12,62115086;63,964148;53,27738605;34,40619226;34,51646649;31,83183433;46,12309734;30,1372081;29,83576403;26,89180638;10,70145096;10,49098351;9,71441089;33,40984084;38,05678962;24,43990895;35,64394434;23,75008081;22,58839102;7,366503584;6,46166938;6,883868671;6,033010418;4,533070773;4,814729516;17,75604768;14,14480925;9,913110656;18,21719875;16,38817789;20,07022642;3,683185595;3,805151554;3,667674507;31,20556154;24,94507123;33,04527995;14,80341598;14,21887236;17,95805349;9,195498349;13,6249325;8,777944421;14,65733045;25,31398734;29,15969279
403,912;96,14903351;101,3662342;94,82295823;32,49033481;21,31878846;28,04346251;18,27855161;14,00529744;23,01493657;7,674852499;4,913800047;8,553307977;5,633770332;13,06956321;12,8113416;64,20395428;53,5216292;34,46800756;34,63118247;31,93984311;46,25124074;30,12209357;29,94231167;27,0918414;10,73642442;10,59457937;9,84831689;33,53374591;38,16866569;24,46521487;35,78461728;23,78942155;22,64440342;7,355792371;6,464045155;6,93114846;6,03212419;4,531381793;4,810736703;17,77267919;14,15150984;9,926193141;18,23049318;16,47732988;20,10232398;3,65545366;3,795946953;3,661799179;31,14604485;24,86650443;33,02502383;14,81151949;14,27407364;17,90257493;9,262771829;13,70847447;8,779570561;14,74181874;25,49604482;29,22303275
404,503;96,30917613;101,5800998;94,96925974;32,58036607;21,44323337;28,09888125;18,17482757;13,94380863;22,93013355;7,720542441;4,934579325;8,563475563;5,658251745;13,21230411;12,98026453;64,40262195;53,67846917;34,48037445;34,55402069;31,99412222;46,20138414;30,13481745;29,87732974;27,16599433;10,74688211;10,57415907;9,828781329;33,43841862;38,05551588;24,3351167;35,79558123;23,88798402;22,70785473;7,392001185;6,502372991;6,976371392;6,019071896;4,524091934;4,81861059;17,779775;14,14466847;9,848246325;18,28619006;16,44113768;20,09318774;3,675255398;3,81550511;3,673031997;31,08291065;24,78420623;33,14886872;14,74883133;14,20563988;17,78282495;9,181792151;13,61989497;8,690996342;14,71070967;25,47423029;29,39255709
405,094;96,44053952;101,6881413;95,07862352;32,61087168;21,46970122;28,08966298;18,07720529;13,87726155;22,68663484;7,703780195;4,941398201;8,533639427;5,703820605;13,36003911;13,17747046;64,45601841;53,88327845;34,45137903;34,52484133;31,95077316;46,13086214;30,19491499;29,80268235;27,17839192;10,88741533;10,64598249;9,900488834;33,47828002;38,06875538;24,38437431;35,7189561;23,77729225;22,66667568;7,392071139;6,523875757;6,942682526;6,047117834;4,547049105;4,819997285;17,79194118;14,16492055;9,927295791;18,37154338;16,52780515;20,16207038;3,693056106;3,856210982;3,698092645;31,21751041;24,80200367;33,07404559;14,72368128;14,22062775;17,81819381;9,26700366;13,67505588;8,677773416;14,6855186;25,61313117;29,40856561
405,685;96,59814394;101,940103;95,23246289;32,70312959;21,47661278;28,19063143;18,03825939;13,78171623;22,54234857;7,685310435;4,940830881;8,46592935;5,734871679;13,50569742;13,37106042;64,6932968;54,21986322;34,53091467;34,57238327;32,00786849;46,1670366;30,16348006;29,77221715;27,18414241;10,93259278;10,80546465;9,986196882;33,50394053;38,12522955;24,41535782;35,72892259;23,84625701;22,71937166;7,446677855;6,511375079;7,002450456;6,067659862;4,553126146;4,840370947;17,78815612;14,1893671;9,942326694;18,48855288;16,53719987;20,23071458;3,712567063;3,872585315;3,71049154;31,04644705;24,74265046;33,08486184;14,7613065;14,2532542;17,84196978;9,274803542;13,67198759;8,792999071;14,70684063;25,58006766;29,39965526
406,276;96,65806943;102,0088636;95,26614038;32,55544349;21,47425354;28,18176406;18,02677242;13,66627217;22,39824603;7,649199584;4,914917671;8,48046332;5,76474054;13,67633332;13,5661718;64,61847988;54,32976013;34,56191114;34,48822692;31,93119638;46,11291875;30,20667641;29,81855413;27,30984303;11,05181563;10,88752171;10,0183773;33,67509401;38,06686704;24,43846404;35,67567708;23,86824632;22,80002305;7,416990819;6,53411271;6,970483271;6,053564201;4,538957889;4,814930979;17,80099758;14,18301369;9,954657657;18,53548345;16,52279421;20,19772086;3,715414806;3,890540413;3,707452374;31,00847304;24,65434989;32,98564733;14,76319836;14,13968292;17,77510059;9,286173512;13,59780641;8,759862568;14,77078542;25,61481055;29,52824554
406,867;96,56888145;101,9606501;95,23758612;32,64250907;21,41158468;28,14623026;17,88205311;13,59309172;22,16823419;7,628985957;4,895949688;8,42631674;5,785811149;13,80818948;13,75608678;64,76721561;54,47494267;34,41379048;34,4466655;31,90472178;46,02535233;30,19821821;29,8217116;27,31317681;11,12367239;10,90644605;10,0802077;33,55392137;38,06512988;24,3046022;35,58658136;23,78648803;22,64174904;7,419188267;6,543427194;6,96137378;6,062083376;4,529561105;4,808626029;17,81278987;14,15260788;9,921242888;18,47371727;16,55828515;20,15210779;3,719951096;3,889612474;3,711200884;31,0805847;24,7756627;33,01812678;14,63701417;14,08789872;17,76285632;9,262362578;13,61444633;8,704324603;14,74145241;25,68347301;29,55342152
407,457;96,60385888;102,0316262;95,36658939;32,56096087;21,48572962;28,08936335;17,70534207;13,45495763;21,97616303;7,626503616;4,892628531;8,409535543;5,775414624;13,92667741;13,89609422;64,84316592;54,64024448;34,4455469;34,29001587;31,92372629;45,97095432;30,08217415;29,81947189;27,44248635;11,06135503;10,88388704;10,13564979;33,54290691;37,98912967;24,25878058;35,54930039;23,79954604;22,67626944;7,425724298;6,52455181;6,983127263;6,054032369;4,533189971;4,80450318;17,80448461;14,12474352;9,924572246;18,48326326;16,55026514;20,18656857;3,707355128;3,879831584;3,719128731;31,17111049;24,7817304;32,97853779;14,59265244;14,06023874;17,7018275;9,24163149;13,56455527;8,711526725;14,72203181;25,7327916;29,69748301
408,048;96,65313698;102,2795512;95,30205736;32,47726591;21,39374972;28,10035531;17,66191319;13,39805849;21,81324797;7,578151967;4,899087064;8,389848678;5,821390992;14,02274939;14,14169625;64,86967957;54,69364789;34,35071166;34,19981661;31,84569378;45,8922974;30,23337705;29,81076273;27,52687166;11,16032491;10,89190368;10,13231596;33,57888994;37,99309001;24,2548935;35,48738581;23,81592984;22,70906052;7,458594574;6,571191338;7,016404535;6,06021958;4,541533625;4,81109269;17,75781299;14,09926668;9,947951655;18,46596006;16,6237554;20,13787014;3,738562265;3,900371375;3,753771655;31,11992303;24,79465298;33,01089078;14,5270163;14,00583882;17,63137604;9,206887628;13,52295157;8,616939377;14,85251233;25,83923106;29,77504975
408,639;96,60001938;102,1625975;95,366979;32,49464537;21,3944226;28,03398751;17,56693776;13,34823768;21,64056717;7,579196086;4,922540346;8,381368185;5,863161081;14,14433819;14,39634178;64,81803883;54,74729323;34,24236102;34,10738418;31,81570415;45,82557744;30,10219136;29,73323169;27,48248235;11,20390542;10,96959064;10,28709678;33,57855339;38,0577633;24,27737833;35,44935462;23,81096507;22,71000844;7,439293259;6,598037601;7,024370237;6,086016068;4,52886088;4,802329914;17,71598359;14,0566393;9,934600069;18,47933764;16,59654885;20,07579076;3,753505426;3,941951926;3,762201638;31,11747596;24,81677882;32,93322739;14,58300631;13,99399886;17,63959524;9,256165285;13,49710248;8,667499624;14,79484765;25,79987885;29,79962921
409,23;96,87569813;102,444264;95,48694728;32,56524617;21,46196764;28,05047308;17,45325674;13,28766605;21,40636772;7,549682197;4,909939199;8,369340647;5,862774473;14,28292158;14,56653023;65,02232832;54,96130327;34,27228645;34,10688904;31,77017285;45,72060027;30,17784795;29,7949503;27,45612235;11,21595986;11,00088846;10,30145343;33,6311287;37,96067158;24,27448169;35,51857484;23,86520991;22,69031775;7,450046057;6,597425985;7,001815176;6,123788768;4,579932989;4,814265424;17,76468243;14,07721028;9,947886816;18,50112865;16,61262085;20,12735025;3,790772571;3,964088397;3,793264455;31,25656079;24,76093663;33,03268814;14,47122833;13,91515795;17,60465866;9,266051447;13,48840782;8,65725552;14,90294824;25,84587163;29,88983985
409,82;96,98279954;102,5936381;95,59598346;32,5040517;21,43503365;28,08457677;17,36294058;13,16492761;21,30157639;7,527669943;4,896939204;8,318176491;5,883963673;14,41096291;14,78530185;65,10811308;55,18166577;34,24100606;34,07746345;31,79758813;45,75624754;30,18270785;29,74466288;27,58194569;11,33933282;11,08037937;10,34434817;33,68495871;37,91203765;24,24658948;35,46598226;23,84671142;22,70044091;7,488453125;6,617908064;7,079809897;6,064571713;4,565374574;4,795725003;17,74945566;14,06839333;9,965598521;18,50717637;16,62441011;20,1164952;3,794521821;3,992660315;3,801141381;31,1877462;24,80488163;33,11123081;14,43642541;13,91966167;17,63997905;9,272077511;13,50295477;8,64812613;14,89558991;25,8724232;29,94991901
410,411;97,09323773;102,6506121;95,61208662;32,61497445;21,48326645;28,16107507;17,29014399;13,11703546;21,15312566;7,537023285;4,868239982;8,32844898;5,930630053;14,48515268;14,945692;65,26828139;55,34061426;34,20154048;34,02627721;31,77709237;45,65860246;30,18624531;29,82745245;27,75468616;11,42156718;11,15956576;10,5784802;33,70003086;38,05868111;24,29493607;35,45731353;23,92167426;22,71224077;7,469966359;6,592643222;7,038724229;6,078976587;4,558109608;4,795844611;17,76087159;14,09329894;9,952891833;18,53330406;16,63551516;20,15303976;3,782729841;3,978988525;3,805001099;31,35829751;24,93415989;33,31503654;14,45585852;13,99585533;17,7209954;9,312088513;13,52482154;8,674074677;14,95939997;25,979748;30,05073677
411,002;97,25984327;103,036468;95,84539617;32,59617925;21,36360301;28,16529211;17,1926203;12,96869374;20,91059179;7,500164426;4,873220681;8,264259773;5,92886766;14,54157101;15,11945526;65,44613512;55,55517844;34,19586721;34,06516607;31,77334796;45,71717757;30,11154327;29,78425022;27,6767811;11,3662242;11,07858744;10,53684653;33,65475715;37,88111753;24,16806383;35,47824332;23,86344699;22,67491987;7,433235655;6,628123019;7,040056821;6,066378503;4,557580203;4,802746825;17,77102045;14,09433212;9,973450573;18,57385409;16,67354803;20,21181967;3,804845771;4,019376758;3,803927044;31,42751819;25,0201528;33,3772792;14,34106423;13,8494578;17,58691278;9,243535296;13,49990344;8,590519588;14,91579289;26,04958513;30,10150357
411,592;97,25839802;102,9479737;95,93134597;32,53555824;21,40068548;28,18972256;17,06000049;12,93503918;20,79621478;7,465517911;4,877989242;8,270906967;5,959338202;14,66696776;15,29691125;65,44803341;55,65433035;34,1435042;33,90465123;31,70577996;45,55991529;30,19135338;29,7868959;27,7891809;11,48516457;11,24632114;10,64983662;33,7744246;38,00585096;24,20336804;35,50704811;23,8671485;22,7230022;7,463912353;6,636162309;7,064662384;6,087544781;4,546090425;4,785367839;17,73998088;14,05455069;9,992039673;18,52266977;16,60485377;20,09672238;3,817264722;4,060983851;3,855733469;31,43125478;25,0198223;33,34872886;14,38581389;13,87830954;17,58267071;9,275505534;13,59895248;8,661028849;15,03959087;26,10174039;30,20885677
412,183;97,36447565;103,0866066;95,84685932;32,51487754;21,38220624;28,06317464;16,9488266;12,83898771;20,50480766;7,43762126;4,892048429;8,216088706;5,957690139;14,67098476;15,45534962;65,26951733;55,68553876;34,10889926;33,86938934;31,71220441;45,43881492;30,00876593;29,60488424;27,70696004;11,5538044;11,29835652;10,71219857;33,66433014;38,02730545;24,16421632;35,40638905;23,88226417;22,7159555;7,465503005;6,636352405;7,042360639;6,077956834;4,549749741;4,793852832;17,74034184;14,13227682;9,990857723;18,54611125;16,63774742;20,07949329;3,838626019;4,06914738;3,857554764;31,4969056;25,03164848;33,35696987;14,32082355;13,8765802;17,54287572;9,258769159;13,51174415;8,601017909;15,13058616;26,12618996;30,15315561
412,774;97,20342318;103,0396807;95,85938082;32,55417334;21,44490654;28,12549812;16,87375063;12,6569605;20,3513555;7,438167977;4,877281265;8,218466305;5,973200642;14,73541319;15,5554054;65,38477992;55,74137825;34,02573838;33,76312006;31,82813337;45,38259171;30,05768319;29,5243752;27,74212827;11,62986976;11,29066147;10,82473575;33,67844872;38,02716651;24,13380516;35,35076192;23,84026913;22,6702011;7,517780311;6,678168471;7,082511823;6,077021124;4,567943048;4,802633848;17,80376641;14,06417616;10,02481754;18,52725885;16,6574937;20,12557097;3,853517202;4,074854528;3,869270813;31,47583248;25,15208661;33,29906067;14,26299872;13,81448023;17,47999929;9,24734503;13,51093829;8,589435595;15,04030234;26,16308387;30,24266914
413,364;97,4225084;103,1303339;95,95282054;32,58289917;21,42067087;28,07690823;16,71278764;12,55925703;20,10362052;7,368784149;4,840014551;8,193768483;5,980146;14,76884657;15,7306004;65,372115;55,82052054;33,95423089;33,7495664;31,7823144;45,28778493;30,083079;29,56993171;27,87680205;11,68947519;11,3634124;10,97716504;33,69918384;37,98516452;24,10082696;35,36209633;23,86825278;22,72804037;7,468477291;6,632767098;7,068331001;6,066530726;4,539642498;4,782684672;17,82133614;14,06248757;10,07322122;18,58152654;16,64061694;20,11949385;3,84362644;4,080347958;3,848532013;31,5099628;25,21333053;33,46214206;14,27887347;13,77510059;17,48279378;9,294234565;13,59044779;8,612867543;15,17168206;26,23146005;30,38720093
413,955;97,54382081;103,2151173;95,97353488;32,60684125;21,42758244;28,15559146;16,63162728;12,52950682;19,86658672;7,412301637;4,872282912;8,118135187;6,017067695;14,83117912;15,86687009;65,55929914;56,01545061;33,9041235;33,74998634;31,82377571;45,24192351;30,02984801;29,52007466;27,87649674;11,68794111;11,43824613;10,96529796;33,71500491;37,95155808;24,08938607;35,32231664;23,87149962;22,70710626;7,496398447;6,668464685;7,073806221;6,101822843;4,557883396;4,794940927;17,82474314;14,05620233;10,07997034;18,5143812;16,63890336;20,02767378;3,885137311;4,107129501;3,87237911;31,62891278;25,24218806;33,4505335;14,15488403;13,74028433;17,45968236;9,259014604;13,53916474;8,591332307;15,1731012;26,20133814;30,39917242
414,545;97,51876812;103,2440011;95,99056072;32,59151289;21,39906413;28,10814185;16,48940232;12,3896418;19,73746385;7,352331675;4,862172078;8,139954883;5,996568515;14,88633028;15,97027021;65,50131513;56,04421317;33,97449437;33,63553885;31,702887;45,27412834;30,03437451;29,55097404;27,9716933;11,76311211;11,52706152;11,09718459;33,7359967;38,07820922;24,09066251;35,27352982;23,9074425;22,78210615;7,484159907;6,652739577;7,088621445;6,084323846;4,569618661;4,771067705;17,80873737;14,10733539;10,10172797;18,58741839;16,648501;20,02920225;3,882254952;4,127336888;3,893180858;31,61782885;25,3611071;33,54421766;14,20151413;13,76065181;17,48568829;9,320337059;13,54912677;8,666497273;15,21057022;26,37364163;30,54836523
415,135;97,6295118;103,261787;96,03902689;32,57615095;21,46766766;28,14258014;16,37960901;12,33452781;19,50441693;7,349751333;4,852368342;8,138595972;6,004332195;14,95151664;16,15330536;65,59760685;56,17935138;33,94036101;33,73213032;31,80317656;45,26581856;29,94034444;29,52218093;27,90544193;11,7750391;11,51056324;11,05600338;33,6832464;38,02821673;24,0552403;35,26838592;23,90132187;22,75513997;7,47055163;6,66987649;7,065383263;6,079999407;4,555439001;4,790416177;17,75813691;14,0492024;10,09309693;18,58417613;16,65774465;19,98551151;3,867144629;4,137667999;3,903546665;31,79393146;25,39813725;33,60171303;14,14894519;13,69527483;17,44110839;9,303223168;13,58574355;8,569897494;15,22023065;26,41835233;30,6150349
415,726;97,49754834;103,2398409;96,01350929;32,55916583;21,38688437;28,14491256;16,25226876;12,20311352;19,32581388;7,332963197;4,839047292;8,126477259;6,018438332;14,96540544;16,24982245;65,55764663;56,23307773;33,81812175;33,74650333;31,78165842;45,25604486;29,78586503;29,47731197;27,81648876;11,83564123;11,53820017;11,19947428;33,69517435;38,06743044;24,1017753;35,23570827;23,89465752;22,75489013;7,491707563;6,679009411;7,114621554;6,099831424;4,558749332;4,779297862;17,86106893;14,08723408;10,11090999;18,58706044;16,66794612;19,8740945;3,888643973;4,162140362;3,930836575;31,67870111;25,39318664;33,66866367;14,10265539;13,72380278;17,41960042;9,310630293;13,59974309;8,578781342;15,29786896;26,43095118;30,60911836
416,316;97,63678722;103,3759799;96,15102837;32,65500466;21,4557754;28,19127077;16,09370282;12,11995023;19,0924654;7,341837865;4,84654106;8,118522119;6,023308279;15,0216246;16,42028369;65,74078013;56,34581181;33,81578628;33,65671138;31,7837948;45,20957678;29,88177877;29,48089344;27,9706032;11,89100396;11,63041928;11,33026604;33,83920165;38,06204898;24,12898009;35,23964269;23,8878121;22,76725133;7,500476175;6,706656045;7,127349959;6,114223095;4,563668299;4,778265387;17,79638793;14,07262119;10,11511587;18,62361405;16,66165436;19,81733511;3,917273926;4,18500868;3,938676128;31,84443631;25,49145601;33,73224459;14,19720464;13,72433846;17,50225784;9,376793336;13,6938707;8,631969546;15,47295683;26,49313089;30,78733596
416,907;97,59630346;103,2625661;96,12746439;32,56943814;21,40129931;28,18769048;15,95344337;12,03106648;18,87808502;7,337153719;4,822410492;8,081426635;6,029314811;15,1103621;16,53211433;65,74620762;56,48421949;33,85080776;33,74532297;31,80267386;45,22809611;29,67053747;29,38932339;27,84402729;11,85015644;11,66323725;11,439237;33,7934391;38,07763125;24,05259851;35,2576351;23,95606324;22,78100915;7,502366229;6,700717644;7,088044986;6,085803599;4,571021538;4,768284697;17,85639464;14,10497848;10,09362515;18,62380383;16,64293681;19,76858811;3,914481726;4,189534483;3,930222403;31,79648749;25,42375547;33,62895432;14,10591973;13,71167426;17,4326575;9,328365164;13,71473085;8,662485173;15,37014785;26,47447279;30,74711852
417,497;97,74577311;103,5986283;96,31938973;32,55635996;21,31178766;28,10444303;15,85196013;11,9432338;18,63685516;7,312700092;4,840830993;8,056716887;6,040748693;15,13055255;16,71496272;65,72195372;56,56000716;33,75572548;33,67294489;31,86711684;45,20721841;29,63753802;29,2316478;27,88096289;11,93888137;11,74936467;11,46991205;33,73386032;38,02960813;24,07187729;35,25777088;24,01390102;22,77358217;7,48705453;6,708632165;7,110042888;6,09819304;4,561366658;4,742684538;17,90096604;14,12018781;10,15001776;18,66703585;16,66330345;19,76127908;3,911571329;4,17069561;3,918008403;31,8672732;25,51158964;33,77535054;14,06885941;13,70611988;17,46504293;9,341793508;13,65205802;8,669460025;15,4499575;26,61074735;30,77790735
418,087;98,0168672;103,5806544;96,42306609;32,55296478;21,39000636;28,15635317;15,70658591;11,88216325;18,56864772;7,317802989;4,84507846;8,068092451;6,078287358;15,24318632;16,86376301;65,81661253;56,74156174;33,69816048;33,58070655;31,81965224;45,12972247;29,53346277;29,30731285;27,9014647;11,94160686;11,83742138;11,56044406;33,80494225;38,14682797;24,04422383;35,20006827;24,00678684;22,70050645;7,491642136;6,718467566;7,118462231;6,109044716;4,546232227;4,784721778;17,88204077;14,05000956;10,13018801;18,62194847;16,66930245;19,74822043;3,924321316;4,209929792;3,931040961;31,91814945;25,60852465;33,8331425;14,11851281;13,67999374;17,41498733;9,300632625;13,64344229;8,636566074;15,49228805;26,66753073;30,88892562
418,677;98,09451965;103,5767668;96,50653312;32,67150414;21,38217227;28,18115406;15,61893935;11,75986487;18,32822715;7,318994185;4,842546851;8,097345944;6,113064772;15,35386878;17,00599278;65,71363602;56,69016565;33,7294429;33,62876388;31,81323879;45,1096408;29,50031119;29,11591109;27,92837517;11,926022;11,7632384;11,65150819;33,89745691;38,10109427;24,0679351;35,31690543;24,04794741;22,74690754;7,484593827;6,747909672;7,147265685;6,098519463;4,569425865;4,780149544;17,97194752;14,11259609;10,16740944;18,66101624;16,70801854;19,70126031;3,957223964;4,2215142;3,95537947;31,990145;25,48839588;33,87869851;14,07236674;13,63245666;17,51895322;9,35117888;13,62004363;8,564928317;15,55426553;26,6400314;30,90974031
419,268;98,23533353;103,5239395;96,62939964;32,57191444;21,37666503;28,13170991;15,45970827;11,65920471;18,12488418;7,271669004;4,833297056;8,060346644;6,129005676;15,44498666;17,12808374;65,62293935;56,866947;33,64524704;33,59359838;31,83487627;45,08285616;29,46184193;29,17350746;27,957543;11,94870505;11,82028214;11,74660193;34,02317948;38,21644004;24,09250599;35,30679647;23,98341939;22,72511558;7,519316004;6,752132884;7,0953134;6,083165291;4,566960401;4,743236235;17,94011785;14,11624515;10,16113739;18,67355861;16,62347733;19,62007341;3,953524431;4,234261083;3,966028803;32,06217967;25,53468871;33,86077096;14,04570989;13,68327939;17,45116563;9,300833763;13,69520374;8,629267555;15,60112694;26,77213542;31,06312562
419,858;98,36350718;103,7576874;96,86446876;32,68848896;21,3796526;28,27411999;15,36781138;11,57464035;17,97986846;7,302364524;4,836027648;8,096499267;6,140718775;15,58807041;17,35194007;65,815372;57,09265007;33,64739689;33,67977449;31,96191987;45,17838516;29,43063663;29,13116606;27,89667205;11,93375642;11,79678946;11,74188203;33,96870334;38,15595977;24,09196373;35,41243445;24,04847582;22,79717392;7,538859055;6,754914666;7,136560257;6,111915634;4,570979031;4,786285309;17,96837967;14,14917192;10,2497226;18,7402068;16,70641813;19,72426391;3,972410307;4,238812456;3,994131495;32,04972926;25,50382772;33,91215878;14,0365875;13,67427538;17,47350764;9,360012923;13,68149067;8,625593488;15,63209079;26,81173742;31,16061207
420,448;98,52007735;103,7421826;97,1039311;32,74412326;21,41780148;28,3070261;15,25334934;11,50241596;17,74351932;7,332938524;4,838137013;8,097108252;6,200968279;15,69392113;17,50816006;65,7718427;57,19810917;33,67859192;33,68389576;32,02755011;45,26932347;29,39476387;29,0427066;27,98118541;11,99565136;11,9104085;11,86794171;34,14516798;38,37376773;24,15945609;35,40084481;24,0601091;22,7822815;7,536313773;6,764877078;7,113693661;6,101144918;4,538635245;4,751665041;17,99605687;14,13107997;10,22642756;18,66651504;16,70924109;19,61756965;3,9656359;4,256230035;3,970752541;32,04677011;25,47253126;33,97229774;14,09355357;13,65315388;17,49715075;9,347696986;13,78422465;8,641131355;15,65920046;26,8580877;31,22364211
421,038;98,67902718;103,8724781;97,24586962;32,75629215;21,46313951;28,3298521;15,06449785;11,39541996;17,64983579;7,30604705;4,824362645;8,067031581;6,181608282;15,8373024;17,72641086;65,88553145;57,4190715;33,6171917;33,71806536;32,05806891;45,3584897;29,26360232;29,00793579;27,93071773;11,98309466;11,90116436;11,91399224;34,14407318;38,40562466;24,06425352;35,41648554;24,14325858;22,81645485;7,527126316;6,770659264;7,140758085;6,099697928;4,543151501;4,724952322;18,05356601;14,16711151;10,31409099;18,64916475;16,70909531;19,65154021;3,961036451;4,248356502;3,974738941;32,03995152;25,46275695;34,01037727;14,094803;13,69749634;17,51422727;9,33005699;13,72965614;8,632714038;15,71300951;26,95548477;31,24663717
421,628;98,68578322;103,8429488;97,24203705;32,68479725;21,4393531;28,37621613;14,97281815;11,29951219;17,47766373;7,34084419;4,852837503;8,107741304;6,280306935;15,93880231;17,97619999;65,98491055;57,59158073;33,6683645;33,85557389;32,21663057;45,49599528;29,18777885;28,95581295;27,95895916;11,97915508;11,9126235;11,98319403;34,24498461;38,37404608;24,07546776;35,49383254;24,16098245;22,88496225;7,572444748;6,795133322;7,180473299;6,110843717;4,577248941;4,77669076;18,03111649;14,14791484;10,30130683;18,63846882;16,64245136;19,57602787;4,004959542;4,30312969;4,028027206;32,06492741;25,41326056;34,04178319;14,1108115;13,6823509;17,53651422;9,333256582;13,75171324;8,676670259;15,74345382;26,97287923;31,30800299
422,218;98,57259369;103,8966364;97,33289087;32,70875662;21,47448246;28,32382754;14,84730147;11,19962196;17,26373122;7,339648459;4,816008054;8,081264394;6,260829984;16,11280868;18,16659429;65,95020357;57,61862118;33,68179643;33,84486974;32,28326957;45,49823815;29,16145996;28,86225491;27,97651794;11,9729347;11,89117404;12,00326369;34,1545194;38,35674655;24,05479447;35,4707625;24,17595583;22,88126561;7,52951311;6,775964795;7,172485911;6,103619029;4,542421177;4,725478176;17,98135699;14,13171877;10,34621374;18,6489023;16,66121745;19,52359126;3,959840473;4,273289158;4,009424895;32,20113928;25,40992938;34,06940488;14,02181585;13,62796685;17,51701712;9,344874883;13,77359231;8,648824487;15,85796164;27,04798688;31,31031533
422,808;98,64269317;104,017049;97,31203439;32,7233133;21,45971445;28,27938963;14,70638498;11,10250174;17,09129331;7,329670877;4,839443198;8,092581992;6,3536664;16,28156816;18,37306891;65,87797042;57,60823635;33,64434567;33,78347085;32,33463958;45,50823325;29,09760324;28,78872249;27,90895274;12,00051636;11,95327515;12,15885571;34,22425394;38,49622567;24,086532;35,43510131;24,20474495;22,93166621;7,539666187;6,784726916;7,148941689;6,064909334;4,556989483;4,728868859;18,03385859;14,20390725;10,35007662;18,65262139;16,65931089;19,53555761;3,984229811;4,321999868;4,026185143;32,12058494;25,35210444;34,06622448;14,00480675;13,67947948;17,51800399;9,395953143;13,76594453;8,653687443;15,84556733;27,08316833;31,38042482
423,398;98,56862477;103,9602782;97,17036261;32,80068978;21,47053147;28,30096315;14,53906541;11,01767094;16,89419103;7,346517567;4,832041457;8,089628527;6,369708629;16,49605447;18,52888921;65,82086711;57,69619568;33,64393431;33,89020564;32,37608475;45,50184582;28,93588897;28,79728958;27,87011923;11,98781399;11,92155219;12,19200794;34,28316143;38,4786307;24,05317417;35,45016042;24,22473587;22,89687781;7,546561746;6,793583925;7,164858333;6,065244094;4,572615089;4,722225239;18,066139;14,22168212;10,39462013;18,64707181;16,60138539;19,45967324;4,000987628;4,313379265;4,052305378;32,18957206;25,31110729;34,06169119;14,04388433;13,65355225;17,58835883;9,349854474;13,79574299;8,635287262;15,88555837;27,16029565;31,47263945
423,988;98,49479891;103,8836172;97,28703233;32,71612361;21,36992519;28,21026332;14,42118264;10,93070151;16,6861522;7,3462553;4,83656778;8,139691616;6,427469749;16,64775419;18,83569971;65,66464719;57,72798131;33,66335462;33,87725764;32,30646559;45,49902796;28,82679165;28,59486857;27,83732539;11,95604967;11,92205386;12,19081784;34,30193903;38,55403497;24,06447987;35,47261498;24,21014238;22,87910453;7,569617209;6,844728173;7,193151992;6,095276757;4,581621723;4,749773383;18,16233794;14,18038999;10,39402506;18,6123002;16,55918056;19,35574282;4,032587758;4,355309953;4,047244536;32,15034721;25,14924155;34,01079097;14,01588933;13,63527775;17,56180131;9,410331538;13,76768796;8,646244307;15,94707944;27,19061534;31,47353009
424,578;98,63207913;104,0090776;97,36568041;32,62130046;21,42882318;28,27110677;14,30918999;10,86511406;16,5114159;7,366287183;4,837020734;8,123311478;6,453791074;16,9158824;19,13642547;65,66901666;57,88084972;33,63907423;33,95968501;32,36744459;45,5862695;28,72851384;28,58221038;27,84832936;12,01360601;11,92288259;12,25944847;34,35828213;38,49580477;24,01301509;35,45165082;24,20182006;22,89602527;7,579804052;6,817489416;7,178658887;6,061905151;4,559122119;4,711868052;18,1200369;14,16712294;10,37100184;18,53808441;16,53168444;19,30351022;4,047628571;4,350794148;4,074101927;31,99692032;25,02747334;34,00609181;14,05268065;13,6337828;17,59595599;9,361788973;13,75481843;8,692582555;16,02721146;27,19472801;31,43145792
425,168;98,55860397;103,9476273;97,2479628;32,61810116;21,34762543;28,17845241;14,20498447;10,76858993;16,33755835;7,359768511;4,863144172;8,106994923;6,519055865;17,18176566;19,38884187;65,52270757;57,97039896;33,67517029;34,05620138;32,48033783;45,70573132;28,69717685;28,48622289;27,78880756;12,05579424;11,94856979;12,36373851;34,3728625;38,53355247;24,07669259;35,48566326;24,2089282;23,01185908;7,582414154;6,853879968;7,197146859;6,062660364;4,562792326;4,739302123;18,1622589;14,1897697;10,4073788;18,54588128;16,48644452;19,23312896;4,055190444;4,394784818;4,088597179;32,16751767;24,96096966;33,95168225;14,04347275;13,67986213;17,5561181;9,384472721;13,83456229;8,727367178;16,1034458;27,31543784;31,54146934
425,758;98,49359443;103,9359904;97,25157649;32,58963481;21,37657619;28,23763335;14,06019531;10,64208299;16,12129332;7,337597498;4,854215433;8,089009396;6,550660384;17,43896236;19,63646422;65,44382474;57,97888622;33,6567144;34,13139222;32,57877364;45,63731008;28,52899638;28,2393213;27,76954712;11,94307751;11,85343803;12,30224985;34,3414365;38,51621381;24,04231397;35,5074201;24,20578735;22,99513216;7,565296724;6,842803902;7,156069869;6,061093754;4,540256161;4,691856432;18,08807373;14,17277561;10,41193081;18,44847327;16,44529703;19,16490048;4,076312178;4,416905398;4,106662596;31,93109778;24,78060501;33,9349226;13,9435896;13,58985889;17,56669442;9,353363325;13,75673894;8,641583863;16,09988313;27,30372168;31,59953823
426,348;98,33271605;103,8399838;97,09591801;32,60572558;21,33337948;28,21599138;13,92051216;10,58371593;15,94907234;7,363200329;4,86764778;8,117081642;6,620972605;17,73513326;19,97507782;65,36288928;57,8025691;33,5228294;33,99658494;32,51361476;45,65494676;28,32041997;28,08705599;27,49379644;11,90113399;11,91127793;12,36029508;34,43726405;38,56920526;23,99481874;35,33436217;24,17424521;22,91880195;7,57671652;6,852935745;7,174759752;6,057774215;4,546690516;4,700909693;18,10234337;14,19230755;10,47108475;18,41148006;16,316987;19,08006638;4,103537422;4,449351366;4,130928213;31,96105699;24,71310043;33,88579813;13,96580405;13,62547081;17,60347774;9,374511906;13,78316161;8,686592779;16,06303983;27,27926397;31,5613439
426,937;98,19777247;103,7353016;96,95265898;32,49737135;21,30576543;28,20500003;13,76004345;10,53586205;15,79158964;7,366469768;4,857308127;8,145661385;6,684314661;18,04784806;20,29605328;65,14978257;57,9769843;33,61402379;34,11943591;32,58108105;45,60293552;28,17342125;28,00847739;27,52119386;11,88882306;11,830589;12,39042014;34,45071149;38,5175473;24,02032289;35,41583513;24,23549009;22,99754763;7,569134401;6,865132068;7,182425045;6,043955299;4,546552356;4,693210675;18,12058651;14,17777519;10,47813168;18,37609994;16,32459305;18,94923024;4,123535167;4,478701138;4,147660841;32,0167498;24,53025717;33,89697822;13,98468183;13,61302881;17,52492647;9,354958906;13,70603912;8,674060451;16,07922262;27,30849689;31,62567209
427,527;98,05270399;103,7471468;96,97400391;32,46462064;21,23624521;28,05629133;13,63795873;10,43822532;15,64688708;7,373938142;4,861808072;8,138949266;6,751581029;18,39982772;20,5891213;64,86218162;57,98073914;33,53159459;34,07125729;32,65349193;45,60138303;27,95720941;27,82396287;27,41746491;11,8498606;11,72862822;12,43120277;34,34603491;38,46853604;23,95179987;35,37005382;24,22840058;22,96694968;7,560758181;6,854565905;7,166551532;6,04024129;4,564778302;4,695935958;18,15067272;14,1768041;10,46228009;18,2875253;16,25785482;18,87289728;4,140335877;4,526073475;4,167853521;31,91721596;24,48023462;33,78459031;13,91950016;13,56640677;17,58812573;9,369835058;13,77959795;8,680276229;16,10712576;27,32472329;31,64334015
428,117;97,97546111;103,8712788;96,9908092;32,45992145;21,2280624;27,9804331;13,47145374;10,29050258;15,47540505;7,365364003;4,851605625;8,075160862;6,788676229;18,69769636;20,96516177;64,58772656;57,72176584;33,39045574;33,92944893;32,51025931;45,49465779;27,88021681;27,75440758;27,35454829;11,80623734;11,68957705;12,46235168;34,4183708;38,5976097;23,96000487;35,34150168;24,20326061;22,98310999;7,527429809;6,887628242;7,153175435;6,024701528;4,548652699;4,698792313;18,18030559;14,13694413;10,46906505;18,15983403;16,23512744;18,80327918;4,159824758;4,548115688;4,181099607;32,00937866;24,39347707;33,82330675;13,9558974;13,61327882;17,56982748;9,365175739;13,7354476;8,717837932;16,16767805;27,35132427;31,65034318
428,707;97,96128091;103,5968036;96,83023431;32,25286188;21,22427589;27,96524242;13,38848381;10,26177628;15,30197445;7,374663853;4,859604771;8,089676728;6,84001881;19,08198838;21,33387969;64,46501145;57,8136275;33,32111182;33,96346275;32,54260272;45,52697704;27,59100288;27,44329769;27,23531329;11,73051001;11,63075652;12,40229016;34,44721724;38,5606701;23,97202549;35,24988578;24,24468507;22,98946856;7,519775664;6,860538883;7,183288003;6,032531344;4,546716279;4,713254138;18,1561359;14,13026016;10,42286968;18,14894302;16,17806493;18,62691643;4,175815822;4,596309179;4,234640924;31,93965914;24,34133607;33,79864012;13,95665917;13,60374734;17,50839465;9,380912619;13,74050354;8,685653557;16,19394336;27,35880309;31,60082461
429,296;97,70900396;103,4742548;96,62999659;32,37479939;21,23343566;27,98984773;13,24674184;10,15268368;15,12254811;7,334489746;4,854916059;8,086295337;6,941537872;19,53495787;21,75354496;64,19923892;57,75515133;33,2339027;33,93249209;32,55230887;45,46576873;27,48547016;27,35104617;27,20050231;11,74563217;11,6016791;12,54684615;34,46125751;38,48672985;24,01722191;35,22596718;24,23847394;23,03246873;7,532429601;6,854139055;7,147481703;6,01716954;4,505838964;4,66389113;18,08860294;14,0135328;10,47563604;18,04451049;16,04623467;18,49383652;4,201699079;4,642498613;4,269702957;31,94917714;24,31901703;33,90468401;13,91820526;13,58667543;17,49608625;9,327202333;13,74342102;8,655240227;16,23016447;27,47207972;31,68585307
429,886;97,7335901;103,4837262;96,49721173;32,32136573;21,20494791;27,90234075;13,05278951;10,05474656;14,92384939;7,340545439;4,831960302;8,080363497;6,982558047;19,91665288;22,12768362;63,96695332;57,6753071;33,17657736;33,83931558;32,49128737;45,37468415;27,32495243;27,08147342;27,02592069;11,66246928;11,52675234;12,42111625;34,39272163;38,55113945;23,87657892;35,2657827;24,22168289;22,96834653;7,539195914;6,83062072;7,154030287;5,996171903;4,527967434;4,648333836;18,05825453;14,03320745;10,47704392;18,00448081;16,05986372;18,37347612;4,242856119;4,695607022;4,294306633;31,99497072;24,27331879;33,91476797;13,85947859;13,59309472;17,46681466;9,31678466;13,68383028;8,694982133;16,105058;27,44010536;31,68104664
430,475;97,50885042;103,2037204;96,4809421;32,32739373;21,16823414;27,86142971;13,00353244;10,05103845;14,84857824;7,318754618;4,836045406;8,06820171;7,071779134;20,38737407;22,56629861;63,95203669;57,64479637;33,15319652;33,87771592;32,57838088;45,35323398;27,10532238;26,83685965;26,90241369;11,61316766;11,49336723;12,42177335;34,39878544;38,59009434;23,96099725;35,20459473;24,13191272;22,99794664;7,513742366;6,853738345;7,162419296;5,967467328;4,535336182;4,643354691;18,11113747;14,01457734;10,50409002;17,97886328;15,98598464;18,28329731;4,292973816;4,761238796;4,339366561;32,01187029;24,30416291;33,91832472;13,8264442;13,52016804;17,50055776;9,361553374;13,69730142;8,661163404;16,10858553;27,50901961;31,68738111
431,065;97,45056378;103,2870601;96,4554596;32,24783491;21,1217604;27,88580461;12,84264561;9,933100358;14,70282373;7,352440189;4,838611008;8,035810149;7,169900584;20,89608676;23,0433677;63,75688075;57,70684324;33,03981909;33,77360893;32,62550361;45,37327045;27,0036456;26,80273562;26,81286143;11,5802348;11,52229493;12,48158318;34,52539679;38,57178726;24,01587774;35,18194425;24,21778758;22,97698724;7,542689184;6,879890501;7,114979855;5,962996061;4,542862411;4,661124056;18,13570121;14,03158583;10,45350709;17,89254522;15,9606731;18,17656711;4,331340424;4,822550476;4,37847017;32,10774182;24,45993417;33,99192002;13,95056704;13,53559598;17,61125136;9,365724727;13,71040532;8,773955888;16,25160612;27,53053155;31,85610675
431,655;97,38367249;103,2093232;96,35602614;32,18894474;21,10035847;27,87936215;12,76358521;9,859117658;14,5788199;7,333136101;4,865649289;8,024243049;7,226616559;21,39084855;23,50802621;63,5054341;57,52301909;32,90808014;33,80407099;32,53416842;45,29767318;26,82361338;26,50696675;26,73628068;11,58620359;11,45455586;12,47387825;34,58463828;38,59164148;24,0321746;35,20165554;24,18579995;23,00848085;7,506091785;6,875299688;7,133171939;5,993411283;4,531279961;4,670470213;18,12673129;14,05542815;10,52051993;17,88132562;15,89947804;18,06812139;4,384018979;4,872327016;4,421175862;32,1984852;24,50378306;34,17510297;13,84755598;13,50420206;17,54412872;9,411101657;13,7091848;8,739333696;16,15870851;27,57571104;31,84672163
432,244;97,16835454;103,0362459;96,17791685;32,17745314;21,07343051;27,84296121;12,66807356;9,804927133;14,40526516;7,348116911;4,834534956;8,029367261;7,310148886;21,86173005;23,90703027;63,36395441;57,51982373;32,98161653;33,74288922;32,61130995;45,29012488;26,59373461;26,42405004;26,55343635;11,4915063;11,41599991;12,56164799;34,61441699;38,77678935;24,0426269;35,24733382;24,22576162;22,9864878;7,466432464;6,883701977;7,139386038;5,970423407;4,537044006;4,632634367;18,14689716;14,01468983;10,50447363;17,80831838;15,84184102;17,9653891;4,413561443;4,960015668;4,469359559;32,30931117;24,51557619;34,30011528;13,90501785;13,58490295;17,48406603;9,40890238;13,78620134;8,77528337;16,22521822;27,56616793;31,85409209
432,833;96,96406996;102,8826192;96,01766428;32,34750186;21,06677412;27,88557379;12,55785986;9,729958684;14,22793835;7,282962029;4,851438388;8,045633261;7,386142828;22,4855132;24,42432562;63,09253646;57,56217798;32,82629933;33,70577834;32,57132973;45,23552733;26,31897558;26,22529835;26,50100206;11,39874159;11,34743772;12,50810167;34,57076068;38,67836062;24,04801923;35,25953455;24,16352522;22,97548126;7,497943046;6,875601987;7,122124254;5,93539096;4,521925204;4,628091058;18,12191627;14,06422001;10,53051607;17,78383646;15,79519319;17,86522574;4,443136642;5,050980836;4,545505885;32,34287861;24,65201481;34,2538343;13,89038725;13,57515328;17,57749207;9,376192785;13,72196503;8,719099096;16,20201237;27,63562374;31,97505735
433,423;97,00670612;102,8854073;95,99455858;32,13031102;21,08469559;27,82526446;12,39597163;9,630968855;14,02498045;7,281889095;4,825385871;8,048423544;7,484436122;22,90807024;24,85756598;63,00215018;57,66490513;32,84836025;33,72079686;32,60759071;45,22511143;26,17310948;26,02329642;26,34145946;11,33207272;11,28021626;12,51346332;34,66456623;38,82142841;24,01481736;35,17195636;24,15061224;23,00898418;7,470035009;6,870646311;7,102482456;5,889953082;4,486598157;4,599634836;18,16786745;14,02847393;10,54697619;17,68458017;15,73484514;17,70051386;4,485174289;5,095279067;4,588637842;32,5176758;24,80501956;34,50251474;13,81800673;13,60353628;17,66855146;9,390150927;13,79716029;8,693111899;16,28905827;27,65854713;32,10554767
434,012;96,84366938;102,7702415;95,80648752;32,22328901;20,97556869;27,8509434;12,3250114;9,607802514;13,9059669;7,273722229;4,830583836;8,013219932;7,555858103;23,54567177;25,42577346;62,73029148;57,42728687;32,72012048;33,63556897;32,60411833;45,09522155;25,90227126;25,85697069;26,23781864;11,29730975;11,22863945;12,54390895;34,68380726;38,8603835;24,08207607;35,29917546;24,21991574;23,04932552;7,483766564;6,880823274;7,139603711;5,940940532;4,51919696;4,601151551;18,21963864;14,03361653;10,62297411;17,67124761;15,74099723;17,62251812;4,569955755;5,188467888;4,634911476;32,54287038;24,93566851;34,55028666;13,83743078;13,61507093;17,60777687;9,452705984;13,85050188;8,743335096;16,26647398;27,73543848;32,05887983
434,602;96,65053073;102,6444809;95,76551581;32,10739276;20,99429024;27,79476227;12,21768382;9,531931674;13,78972845;7,27713038;4,823353031;7,991468226;7,622924375;24,07681422;25,86971086;62,49630162;57,51210731;32,50198638;33,62856276;32,48283007;44,99793409;25,80575393;25,73386768;26,07127293;11,21335183;11,18726518;12,47288505;34,6915715;38,79481854;24,00480001;35,28864717;24,15252907;23,09999793;7,432586647;6,868321241;7,098112885;5,916582094;4,506749741;4,586671788;18,20162705;14,01823242;10,63115202;17,58330477;15,63378665;17,51209421;4,621750779;5,299795975;4,671317372;32,6482987;25,20393688;34,70074958;13,90861017;13,59500861;17,62040011;9,434225253;13,81651078;8,742776758;16,28485971;27,71965139;32,07747592
435,191;96,69404658;102,6102183;95,75753652;32,09297112;20,97225754;27,76354409;12,10867648;9,420346126;13,61543169;7,281213265;4,835402938;7,983021517;7,695334312;24,66618377;26,40286192;62,2448161;57,34958142;32,35617643;33,58639662;32,43792902;45,02243735;25,58654531;25,60920027;26,06183517;11,09004804;11,10899884;12,46942302;34,74858499;38,9643629;24,08855241;35,24331027;24,14096629;23,05061364;7,455908344;6,886301239;7,08937529;5,895831855;4,482784774;4,58184305;18,24717677;14,03391012;10,6463761;17,5637759;15,62665594;17,4839632;4,688202162;5,411170696;4,767914201;32,88118232;25,27841496;34,96041956;13,92171413;13,58908042;17,60816245;9,423946407;13,83849481;8,721841084;16,31685979;27,80942131;32,3395957
435,78;96,54294563;102,6195207;95,65109741;32,11631596;20,98024696;27,7014186;12,01532043;9,363443633;13,52017699;7,263735634;4,815097303;7,958305995;7,761712531;25,2525742;26,92168761;62,10137876;57,26201252;32,36654663;33,61939583;32,50888027;45,04163476;25,45753197;25,45336313;25,92404811;11,01508853;11,0091409;12,35535352;34,79157775;39,05011621;24,12872934;35,26653445;24,20891559;23,11153318;7,411593312;6,877186689;7,092063781;5,879484252;4,47746131;4,576765363;18,26222742;14,04337101;10,64795295;17,56036983;15,54636201;17,35224144;4,727220644;5,504312837;4,831399388;33,01569304;25,56704283;35,01212042;13,86642017;13,62268603;17,64750804;9,438986877;13,90275648;8,750014193;16,38485723;27,86525194;32,19610171
436,37;96,31548087;102,2545324;95,44845915;32,06328444;20,96185417;27,82552473;11,86961254;9,349845566;13,32706975;7,259133821;4,815690364;7,973181221;7,821334142;25,86215271;27,37384219;61,90811689;57,2514179;32,28799182;33,56559321;32,46863079;44,84449013;25,28939048;25,23484272;25,80706226;10,90599743;10,93883072;12,34391327;34,82621824;38,96530596;24,12727855;35,21711092;24,17225447;23,06762659;7,421547536;6,880210633;7,102977951;5,853760073;4,462446545;4,553618768;18,19620323;14,060456;10,68167246;17,45175496;15,52562204;17,28411363;4,801373137;5,600869982;4,925281226;33,13059734;25,70209892;35,18839205;13,86778583;13,6150012;17,52999639;9,430860191;13,83991505;8,723428317;16,42770987;27,87344149;32,39613702
436,959;96,36838463;102,3569761;95,35561513;32,17672314;20,9882997;27,76690121;11,81731092;9,24609417;13,21944828;7,239763878;4,813386945;7,951152257;7,909477095;26,48559453;27,82711276;61,60450001;57,12945052;32,10795222;33,43184838;32,37463608;44,78201873;25,06494933;25,15318363;25,5923369;10,82029229;10,88778308;12,30391463;34,86815675;39,05941032;24,18537514;35,23275022;24,13983267;23,02804847;7,396050104;6,881271029;7,060931169;5,83535362;4,463929396;4,548887437;18,27429552;14,04801511;10,7417645;17,38802359;15,4294937;17,13386767;4,849665866;5,72475904;4,987592183;33,19643127;25,87120255;35,27535553;13,86085917;13,59506011;17,68096612;9,457428027;13,80519366;8,756716763;16,45393092;27,88704892;32,38919323
437,548;95,97457696;102,2488414;95,1583864;32,08646485;21,03823461;27,7979058;11,65614566;9,127366989;13,09357932;7,24493878;4,811294633;7,936485495;8,001952302;26,98677164;28,36875643;61,4973555;57,17574104;32,05627052;33,48288098;32,41659908;44,86760741;24,8096675;25,01972212;25,52416942;10,71209388;10,79476574;12,19086241;35,02521053;39,11751035;24,17774993;35,37164726;24,23856952;23,13779847;7,369165461;6,854568033;7,065636478;5,825683642;4,492861175;4,553232437;18,26455771;14,07153019;10,71172519;17,28963038;15,40661861;16,9669473;4,935164983;5,830995409;5,07763876;33,28019042;26,02511024;35,46116121;13,87881335;13,61260427;17,67810272;9,446686466;13,86576432;8,786655623;16,4604692;27,97628544;32,53628524
438,137;95,99572891;102,1087299;95,17131868;32,0256455;21,02075437;27,66066306;11,58095911;9,130737954;13,06381947;7,248600421;4,810144134;7,964387987;8,066231697;27,57485359;28,8115661;61,22146702;57,01525318;31,93748749;33,47778632;32,40572815;44,52423951;24,48116097;24,84132997;25,32828043;10,59324192;10,78083951;12,14758562;34,99686008;39,1532828;24,24166202;35,19522911;24,23318594;23,09461156;7,40132628;6,903473096;7,088931982;5,862162947;4,492562322;4,527208021;18,32002624;14,07530989;10,75052764;17,21734262;15,33764516;16,85552653;5,01586621;5,967321447;5,160455377;33,37926017;26,23211723;35,56232213;13,91486373;13,61597255;17,68987227;9,475105027;13,83848635;8,84324869;16,45402576;27,92765848;32,50461383
438,726;95,87875448;101,9689182;95,04106279;31,97730241;20,95150079;27,63555167;11,48153172;9,054328311;12,95104362;7,249435135;4,825467196;7,953890264;8,150061354;28,10588224;29,29487909;61,07792769;56,92653092;31,88790679;33,37890707;32,38766832;44,58864451;24,36596824;24,64867811;25,11307349;10,51513297;10,6177626;12,08107434;35,0963477;39,1434927;24,18547934;35,25966637;24,27223398;23,13116658;7,38360653;6,89189455;7,054347594;5,845339704;4,474599345;4,561604625;18,35031348;14,10217172;10,75120377;17,1583903;15,3257623;16,86855122;5,091225647;6,070746404;5,221845964;33,60650886;26,449513;35,80539924;13,88029259;13,65369964;17,67002272;9,485930755;13,88647865;8,805026635;16,46113183;28,02076333;32,57343439
439,315;95,69898532;101,9221858;94,92133255;32,0939422;21,02009626;27,75560453;11,38046314;8,995521407;12,82695333;7,26927459;4,821526714;7,929227519;8,19031298;28,69568183;29,72938575;60,85522687;56,83375383;31,7963817;33,29828962;32,39265144;44,56281918;24,17750477;24,49262332;25,01889191;10,38530291;10,51050773;12,00856675;35,06618107;39,1886432;24,20105616;35,33584749;24,27647039;23,13738377;7,351601123;6,856119962;7,053051559;5,774564603;4,431646395;4,538288983;18,36088394;14,11481219;10,80856507;17,08898594;15,25297277;16,75334263;5,126721943;6,221861575;5,313839381;33,68560806;26,58869263;36,00865999;13,89599432;13,61747234;17,6950972;9,486641091;13,92064982;8,855356842;16,51190691;28,15518361;32,68421995
439,905;95,66322979;101,8710976;94,97748809;32,02113629;20,93264415;27,67633747;11,26405827;8,908055976;12,6787071;7,24303966;4,817285241;7,948661687;8,287703783;29,26920789;30,16110694;60,6910149;56,91417932;31,72225325;33,35939073;32,51110133;44,52453375;24,04814498;24,31683321;24,90553697;10,31436034;10,42302319;11,97086286;35,27307004;39,29654766;24,30030311;35,35489517;24,28044289;23,22205513;7,347537238;6,875137754;7,071336664;5,779127522;4,446145591;4,499833303;18,3792117;14,11435351;10,81537982;17,0409423;15,22148783;16,64106109;5,22463904;6,312441815;5,398738124;33,78774923;26,77355793;36,18414935;13,89051468;13,66065985;17,79412626;9,515732622;13,88154983;8,810556396;16,52194822;28,09966484;32,67955716
440,494;95,53351203;101,7149083;94,94405628;32,03814499;21,00372499;27,74325093;11,21755223;8,863823718;12,59865847;7,286484223;4,813756699;7,97440754;8,402715436;29,74121816;30,6385421;60,56413469;56,85356014;31,6749054;33,37064925;32,50103457;44,53940561;23,85888544;24,17607562;24,81937178;10,17841043;10,31428435;11,93394258;35,24865078;39,29535136;24,29758393;35,44817067;24,34996014;23,20923851;7,322161043;6,891600285;7,083155597;5,785382501;4,444387679;4,497231283;18,46885108;14,15602015;10,83161656;17,03968975;15,17666122;16,60468232;5,268240783;6,440844731;5,488154909;33,99490895;27,01240225;36,33144761;13,99514929;13,61773334;17,82713156;9,497952045;14,00604065;8,866861329;16,63893566;28,10681732;32,76925811
441,083;95,28997018;101,4009347;94,64490152;31,99909747;20,96973424;27,63517826;11,0986268;8,785804462;12,48308512;7,29547423;4,819076075;7,955845655;8,45514513;30,30092404;31,08935766;60,10707023;56,67348142;31,43154394;33,2318021;32,43428522;44,35476231;23,61041151;24,00008108;24,60870828;10,06264633;10,17731507;11,89918874;35,38386469;39,3996911;24,2957595;35,40273958;24,36280057;23,17539525;7,320142869;6,885597375;7,04689971;5,779003112;4,460119034;4,489617964;18,50379341;14,18889241;10,88866772;16,92891409;15,09656627;16,51085299;5,344443247;6,575086065;5,547181141;34,14159494;27,13376303;36,51506147;14,05666063;13,69569608;17,88114202;9,552373516;13,98476096;8,901244827;16,69644587;28,21124763;32,91082376
441,672;95,30225548;101,5361738;94,54563003;32,03905246;20,95381767;27,69142333;11,03710613;8,76114249;12,41735909;7,301005325;4,830099842;7,9818402;8,502009152;30,90734765;31,51100582;60,0944891;56,72135794;31,44605094;33,38633579;32,57512206;44,48204205;23,46403807;23,84984467;24,49067097;9,879828098;10,10141785;11,83337197;35,39512905;39,39719091;24,24210182;35,55030119;24,38945906;23,3143665;7,297876591;6,888842785;7,058170072;5,784348471;4,448143036;4,490434415;18,51120742;14,24247959;10,86377706;16,91898402;15,05713813;16,43552733;5,425071129;6,685393773;5,610402743;34,24169626;27,36076797;36,73476667;14,02719509;13,75005602;17,87059686;9,609922127;14,03776964;8,907364715;16,57784975;28,1690437;32,95145166
442,26;95,10010044;101,2472532;94,47220527;31,93546402;20,86618846;27,5784861;10,96068464;8,686354372;12,29080832;7,290190397;4,829518132;7,966228138;8,609601008;31,32579704;31,82440693;59,75803461;56,61220357;31,36936204;33,30478039;32,61409526;44,37374691;23,11132878;23,64119606;24,3307337;9,760039686;9,96612125;11,76946618;35,41940006;39,40192194;24,24629631;35,54932778;24,47658386;23,28111026;7,277606585;6,841733275;6,987750038;5,742686694;4,452303101;4,4887994;18,53394801;14,26049501;10,88084239;16,83199146;15,00354902;16,34554041;5,461180625;6,776325023;5,663543717;34,34138958;27,5130253;36,70851195;14,01015872;13,69110816;17,85337061;9,594358928;14,06470083;8,944822847;16,65595558;28,22304045;32,95233516
442,849;94,84330135;100,8866419;94,08108243;31,86814636;20,85505258;27,64469091;10,86499598;8,638128688;12,22715326;7,322333078;4,828116819;7,97436275;8,657783008;31,85316257;32,17028276;59,48861721;56,44411727;31,284882;33,34184248;32,59275244;44,30472496;22,94646152;23,5493635;24,24512765;9,67838974;9,827286492;11,68305185;35,51637323;39,55770052;24,23583811;35,50124756;24,42388428;23,28302612;7,273156201;6,837154515;7,005866308;5,730100331;4,428492105;4,493388388;18,56803957;14,23106234;10,93903947;16,79707559;14,91855074;16,23758797;5,515704893;6,893639978;5,740966078;34,44194996;27,57947474;36,92850033;14,03768896;13,70996562;17,81578095;9,601676814;14,04972494;8,955362769;16,60498706;28,25970088;32,97521432
443,438;94,71666748;100,7244327;93,95900488;31,83622082;20,88843836;27,59530768;10,76976072;8,579183269;12,1655021;7,308664795;4,837436403;8,01250686;8,757564678;32,35076699;32,64726552;59,18649439;56,34858148;31,14815783;33,36309075;32,64985134;44,3362342;22,80209049;23,35261203;23,99560669;9,422200428;9,61475741;11,60490537;35,44650778;39,50052053;24,25648244;35,56057612;24,46744946;23,27778945;7,277905855;6,856465809;6,9529955;5,706863481;4,427918864;4,472481163;18,57560825;14,21500534;10,98841569;16,65875042;14,84615694;16,16827619;5,594635259;7,009709582;5,837842613;34,57866947;27,70470669;36,99990869;13,9955538;13,64767178;17,79529142;9,552340909;14,0133082;8,98466859;16,69335498;28,30845687;33,06137928
444,027;94,53225623;100,5799112;93,67203794;31,84948132;20,85628313;27,53993805;10,69843562;8,505161104;12,00603912;7,337220242;4,840591761;7,98218642;8,832945312;32,94310771;32,94415968;58,93570725;56,27507711;31,13164635;33,40878626;32,7135696;44,30240458;22,47982821;23,14409388;23,68697915;9,304253077;9,537222836;11,5353797;35,52837826;39,6752018;24,2843082;35,58200708;24,44062814;23,34085461;7,272666345;6,855743989;6,959946582;5,711156026;4,43555883;4,454719098;18,51319769;14,18679712;10,99093572;16,58132632;14,70036574;16,02146078;5,63494349;7,075021484;5,900431723;34,65892866;27,71944084;37,02020905;14,01579748;13,69746;17,8060959;9,594677174;14,02152334;8,990792612;16,66129923;28,24986283;33,05255413
444,616;94,17426608;100,2501487;93,41661027;31,77879898;20,88195527;27,57923482;10,57252796;8,44349136;11,93241868;7,375016417;4,847458348;8,022057902;8,90148246;33,38260234;33,36124072;58,68733504;56,11611047;31,03250627;33,40522668;32,67877602;44,38819353;22,27757448;22,99891038;23,62430525;9,168278954;9,401550923;11,32215908;35,60907919;39,60777039;24,32734481;35,55782243;24,46694735;23,3344422;7,235893919;6,852517789;6,958744164;5,707876872;4,430053358;4,449441353;18,57678219;14,23703253;11,01144528;16,50218248;14,69231749;15,95552482;5,708719836;7,213434617;5,964071204;34,7796851;27,86153862;37,17715249;14,06120858;13,73188965;17,85337017;9,538118733;14,07520613;9,054897327;16,78028655;28,3786296;33,12934318
445,205;94,07514308;100,0636081;93,29300608;31,76374181;20,81739848;27,45284487;10,4984369;8,425493798;11,80890351;7,412652527;4,826833612;8,017951725;9,025803095;33,86868545;33,7916606;58,45801358;55,9531419;30,95873804;33,42682395;32,79041649;44,27571382;22,06503327;22,78554514;23,45470928;8,998580684;9,245206559;11,24453854;35,59239836;39,66383595;24,30845052;35,64660224;24,47577748;23,39770302;7,215672427;6,817591516;6,929682679;5,666696669;4,409845892;4,425007681;18,57197007;14,17318073;10,99144583;16,42271898;14,62423785;15,78192046;5,760894271;7,282039796;6,015548351;34,79438364;27,92968307;37,36444284;14,09260398;13,76100712;17,86207554;9,629584828;14,08871616;8,993363786;16,76127857;28,3538815;33,1228436
445,793;93,96934845;99,8451466;93,20819744;31,8436819;20,82648463;27,36377189;10,429195;8,386098655;11,7256874;7,411479467;4,849209676;8,043314083;9,102485487;34,46739458;34,23583395;58,26586209;55,97506536;30,9026494;33,44982655;32,82744121;44,4778399;21,93591528;22,64324125;23,28650829;8,855345239;9,124743388;11,18893418;35,63569067;39,79945162;24,4374717;35,60460035;24,45842484;23,41588479;7,193138158;6,837410588;6,945976321;5,699863481;4,407709048;4,445389143;18,62099397;14,21768717;11,02490117;16,34662891;14,57024699;15,68824251;5,842217091;7,399020866;6,099712815;35,06516884;28,13392308;37,50496008;14,08208368;13,71356236;17,91470984;9,635445425;14,1836339;9,078192181;16,86688496;28,38098461;33,30776437
446,382;93,89989781;99,6797487;93,15449445;31,75341518;20,76777384;27,43263621;10,37476054;8,343078159;11,62458622;7,429014171;4,832004808;8,043613569;9,176510147;35,03841611;34,65656414;57,98107447;55,84657507;30,90167214;33,50529376;32,86352028;44,3319104;21,77880467;22,4747251;23,11788982;8,776086635;8,982959942;11,10899223;35,71853815;39,85922866;24,42036233;35,67362219;24,58318683;23,4264268;7,146183731;6,802216789;6,935680904;5,624757335;4,376982314;4,403494235;18,68346703;14,25571065;11,06165824;16,28313332;14,53186944;15,62568754;5,877174457;7,492144946;6,166163257;35,12278665;28,09049698;37,62551554;14,16537686;13,85394578;18,00933287;9,746096735;14,23303643;9,095087609;16,88043363;28,41432535;33,28841603
446,971;93,76682487;99,39778767;92,9305206;31,93868287;20,85102371;27,45031615;10,29762437;8,34035128;11,61294126;7,463897978;4,859070419;8,095551644;9,295343457;35,63367211;35,06444622;57,7702468;55,59722799;30,83644473;33,63415352;32,95531675;44,39579006;21,47801805;22,34408481;22,9573121;8,63135987;8,836679525;11,04005308;35,77499913;39,92132496;24,49292477;35,71329143;24,6139476;23,42707151;7,181932411;6,839134468;6,932867446;5,628562022;4,380593207;4,398600396;18,71604073;14,23919073;11,0836797;16,15574739;14,42306383;15,5083036;5,990563281;7,635222438;6,266696369;35,13584328;28,32957533;37,72774096;14,1840293;13,9208271;18,08602516;9,742178837;14,31292698;9,082111218;16,98634448;28,52180317;33,42369293
447,56;93,49879021;99,22897576;92,70145148;31,87436318;20,87924844;27,45292465;10,25508039;8,262818286;11,48048626;7,496344608;4,862132768;8,083744628;9,42840427;36,28437068;35,46268226;57,53576327;55,62319351;30,90095496;33,71087063;33,04121706;44,45667333;21,24663193;22,1700845;22,73874593;8,438779107;8,628221985;10,88156952;35,74989673;39,97130463;24,51961366;35,80608012;24,62145051;23,45766399;7,13655366;6,810920432;6,902717828;5,607879926;4,383689164;4,407293555;18,78793104;14,31549531;11,14333513;16,09385647;14,4204892;15,47977785;6,03352559;7,749270745;6,378162897;35,25538019;28,28863836;37,72374711;14,10753849;13,95634495;18,04517948;9,678453636;14,23672445;9,06879141;16,99240391;28,46631239;33,44439478
448,148;93,20887193;99,05859659;92,50629288;31,81740518;20,8499462;27,42544402;10,19193718;8,251928059;11,43768522;7,528190199;4,86337348;8,175244827;9,527553549;36,81182032;35,9175786;57,39290645;55,45288967;30,7583765;33,83744626;33,14813536;44,50591894;21,06732286;22,05814269;22,64079538;8,338855913;8,515906501;10,78453663;35,7615982;39,98052492;24,47584283;35,79335385;24,68871568;23,49043463;7,104112926;6,813895104;6,896537299;5,608020553;4,383057771;4,394018968;18,75696601;14,31855424;11,18660852;16,08745767;14,40014876;15,4118635;6,107002128;7,879095597;6,433183116;35,36783952;28,36829767;37,84070477;14,26942764;13,98920162;18,13855974;9,765873538;14,29129601;9,160660031;17,09084935;28,54170463;33,49899271
448,737;92,96181242;98,73704982;92,30655932;31,72937105;20,76262666;27,36450464;10,13838908;8,242315207;11,32977197;7,532904588;4,890683391;8,137882672;9,641400368;37,48395533;36,35652404;57,04726012;55,21083552;30,68802885;33,86009248;33,1304669;44,57937847;20,7969956;21,84899648;22,35341093;8,191242901;8,381850987;10,60501205;35,92173794;40,16533805;24,62958369;35,76267685;24,69895172;23,49208816;7,130399751;6,806561097;6,912278241;5,611227907;4,396208496;4,379844043;18,80918988;14,33691759;11,24254131;16,04341509;14,29243594;15,30623545;6,203014693;8,010583413;6,540490527;35,45799818;28,43570581;37,92499369;14,31000578;13,98933503;18,08116406;9,739261321;14,31880792;9,153188497;17,06305508;28,54605579;33,4536464
449,325;92,54803247;98,27849975;91,97573627;31,7316299;20,76395716;27,36683685;10,02272539;8,194611186;11,30384553;7,597075611;4,889680542;8,161468611;9,738993017;38,16136011;36,7955202;56,80692083;55,08944779;30,79242525;34,04289826;33,24831513;44,71986674;20,58495859;21,71291435;22,2061593;8,031369196;8,199953976;10,48115948;35,94553658;40,09941114;24,57238761;35,92473471;24,76116919;23,54457162;7,082376703;6,781682941;6,835552013;5,547925006;4,368611013;4,391295704;18,83465739;14,37672674;11,28384721;15,95454237;14,20748678;15,23621424;6,289821065;8,124331952;6,615029239;35,43071586;28,54409455;38,05015282;14,23196829;13,93873869;18,12955088;9,707207224;14,28751613;9,122808521;17,03805883;28,49445808;33,49609368
449,914;92,30978942;98,12586006;91,74148505;31,63804387;20,65368608;27,3304008;10,01819577;8,149596902;11,20781581;7,611751001;4,881689934;8,201914111;9,870527599;38,70486354;37,08817411;56,57655662;54,93936599;30,65900127;33,94894443;33,19245595;44,62716835;20,36296268;21,45993248;21,97514951;7,840671523;8,019360268;10,35607922;35,98151016;40,15097787;24,59912273;35,83136147;24,70051992;23,52301113;7,067300273;6,791962952;6,857437287;5,555877459;4,358770897;4,38374928;18,83111324;14,29588384;11,31622116;15,77297905;14,13127177;15,07575358;6,380288004;8,295667005;6,723112725;35,61605922;28,59796197;38,08913157;14,25524633;13,95072697;18,04617649;9,746160551;14,29973577;9,204286796;17,14351313;28,5454004;33,47011
450,502;91,90959012;97,65862391;91,33058361;31,67938627;20,76347995;27,32672909;9,946725958;8,125564252;11,14106904;7,659687578;4,931582381;8,235233311;10,00500035;39,47177789;37,63719898;56,36408001;54,70671989;30,64880378;34,06816908;33,36310728;44,70167055;20,13323137;21,31909912;21,74058251;7,733374205;7,94082376;10,24016073;36,08032239;40,32075055;24,75270163;35,86971639;24,70822603;23,56690436;7,038188527;6,783765659;6,826595574;5,556949819;4,359548765;4,378261975;18,85833248;14,3698484;11,29880584;15,73594489;14,09714878;15,00905145;6,456355396;8,41726901;6,849147414;35,74049072;28,6589785;38,11688204;14,33014672;13,93635869;18,16391692;9,710619615;14,28463574;9,181864458;17,08068014;28,64287873;33,50463727
451,091;91,62675812;97,53423129;91,23088127;31,64009733;20,70374671;27,26784697;9,914870354;8,115415837;11,09607102;7,741054545;4,929454542;8,298475707;10,15009474;40,3133381;38,11293777;56,17580048;54,60432087;30,58669752;34,18169201;33,46611643;44,863524;19,86687109;21,10086159;21,55199257;7,568019884;7,863051042;10,21315303;36,14570625;40,43514408;24,78239127;35,91521639;24,73781657;23,52530848;7,029317475;6,803363316;6,809774235;5,53400428;4,36045515;4,367126059;18,92541354;14,36837047;11,32987907;15,68873489;13,97688369;14,91855021;6,585129804;8,639842763;6,9469679;35,7592695;28,65362106;38,23463987;14,34148378;14,06649251;18,18631778;9,810562599;14,40367407;9,26221953;17,13979262;28,64645724;33,50157135
451,679;91,44864104;97,21863737;90,96367406;31,64531633;20,64031256;27,3483339;9,825873992;8,035639577;11,00758817;7,71538833;4,934149007;8,279391051;10,22828956;40,91238749;38,51750127;55,77849113;54,42909953;30,46566072;34,26744948;33,53586904;44,84635936;19,70158242;20,9352656;21,33113313;7,400330908;7,661879723;10,06309279;36,21441036;40,37892803;24,80368937;35,94775854;24,73143006;23,54371084;7,030996855;6,803382306;6,791499022;5,516417664;4,354125092;4,330180998;18,97462048;14,41438181;11,42254969;15,60261171;13,96922147;14,88563192;6,656538315;8,721630178;7,043736548;35,85541231;28,66840101;38,40271642;14,34119033;14,04645701;18,12985441;9,812633416;14,43039174;9,228154223;17,15434164;28,69675512;33,49990129
452,268;91,02691428;96,75697883;90,6764909;31,48042768;20,56319416;27,26151869;9,772645004;7,995873447;10,9391539;7,740729238;4,914773724;8,305865778;10,34295971;41,57573659;39,02559961;55,54388116;54,31228598;30,48310833;34,34717433;33,65010821;44,87704083;19,40412517;20,77334854;21,07389266;7,125841342;7,466071748;9,861183811;36,20486753;40,40118042;24,77963341;35,95417512;24,78787226;23,62726669;6,995625248;6,755209929;6,751754589;5,471005357;4,314343709;4,328342118;19,04934001;14,45095171;11,39538362;15,51401199;13,88497214;14,8171257;6,743884394;8,864500566;7,170011011;36,00497786;28,73185674;38,45480755;14,32974885;14,03499697;18,28464824;9,784466651;14,40561433;9,223908056;17,13261015;28,70470593;33,55550965
452,856;90,9252496;96,8871456;90,59624362;31,59431232;20,62023924;27,22194426;9,735113555;7,99584517;10,88440829;7,820599295;4,944784834;8,340565625;10,50388172;42,38238592;39,55312979;55,30864913;54,20338245;30,44497091;34,4812652;33,75656202;45,04633606;19,23575167;20,59255222;20,90145819;7,019612391;7,398002904;9,796229508;36,32801766;40,52672335;24,90820162;36,07641359;24,89488863;23,71098009;6,969737332;6,757216157;6,7942444;5,475339848;4,315701079;4,308935012;19,04797264;14,39276308;11,44151769;15,45485456;13,81836405;14,66307078;6,853894951;9,065190029;7,227424837;36,02550296;28,84977387;38,55416161;14,34259285;14,13210175;18,36813682;9,816807427;14,45978083;9,263370576;17,16897512;28,67290663;33,53842363
453,444;90,85742775;96,61531894;90,58247179;31,48178893;20,63554785;27,22449116;9,630873137;7,93163353;10,734072;7,850968713;4,938296906;8,364227378;10,57975456;42,90976995;39,93439382;55,04251792;53,88774139;30,37639579;34,50362188;33,87819094;45,11184372;19,02578596;20,45568763;20,74016823;6,880609389;7,17834804;9,625688697;36,32332764;40,55898717;24,91147969;36,08226669;24,8992058;23,66868604;6,898502391;6,735616463;6,734672337;5,44448932;4,288968145;4,300874969;19,03115683;14,44789168;11,50049325;15,40593864;13,7846342;14,6479773;6,941126545;9,221433436;7,371299448;36,18100891;28,82198523;38,70752139;14,42950639;14,15779436;18,33150369;9,798656447;14,50812549;9,218025352;17,18377526;28,71459112;33,58362097
454,032;90,34779025;96,02747572;90,07323029;31,51595182;20,62223615;27,17395986;9,615953754;7,9009149;10,73153364;7,87711622;4,978956896;8,396843044;10,71696792;43,62905619;40,333897;54,72731583;53,80498303;30,34451857;34,61736546;33,85854427;45,07259555;18,80011444;20,17256958;20,47091551;6,721134917;6,927246364;9,417554251;36,39400498;40,6398629;24,90826579;36,09292975;24,83321713;23,76941927;6,913778386;6,749516159;6,703930148;5,425895652;4,330949025;4,331399083;19,05880806;14,45174663;11,53638584;15,3460865;13,7379962;14,59071014;7,073298119;9,444995802;7,511763006;36,21011382;28,93729321;38,77447672;14,45444757;14,18852895;18,38134578;9,799313912;14,47733792;9,264933309;17,11187026;28,7717504;33,53270135
454,621;90,06372128;95,69041753;89,8463613;31,43133976;20,5964137;27,1538927;9,606215139;7,938721096;10,71302721;7,899230827;4,959533858;8,441760937;10,84910087;44,32074555;40,84530945;54,45832523;53,65013321;30,30384819;34,70919106;33,91678846;45,14518232;18,47053196;20,0846075;20,33699054;6,582860367;6,799707599;9,218425043;36,39468134;40,7118408;24,87935026;36,08550301;24,88289209;23,7720459;6,904388731;6,72789665;6,700821093;5,417342282;4,31627646;4,291780111;19,05743916;14,48786758;11,54009204;15,22663328;13,57448749;14,45342965;7,190873829;9,628092452;7,636967275;36,27083855;29,0002536;38,93941388;14,4384587;14,16949646;18,39387735;9,787804753;14,47306466;9,309036028;17,16376755;28,6618076;33,59479648
455,209;89,5679318;95,2384916;89,41018767;31,30833523;20,57047668;27,04350398;9,507831369;7,878834836;10,58274248;7,939560709;4,979487495;8,466193209;10,93721021;44,9961415;41,14311966;54,08772432;53,32278954;30,21890672;34,70348231;34,00605803;45,10684913;18,32752132;19,81751986;20,04489317;6,473187489;6,655476873;9,165671816;36,43487502;40,60614343;24,97124904;36,07848308;24,84901728;23,76782383;6,851354949;6,70411697;6,677770263;5,411845966;4,317826972;4,284659533;19,1082512;14,48886847;11,55982064;15,13179241;13,49879175;14,31164686;7,315188044;9,83496256;7,743286361;36,29380176;28,95205389;38,92406065;14,48752489;14,2333208;18,46652355;9,831534844;14,49046057;9,300092483;17,13122679;28,68848367;33,47589603
455,797;89,42646798;95,15184768;89,28143231;31,34626804;20,54411967;27,07387393;9,478663333;7,844170606;10,54048198;7,983517695;4,951442372;8,485300332;11,08194155;45,54899057;41,53474662;53,8716889;53,06853977;30,21041931;34,76740083;34,03189819;45,16109813;18,13635076;19,62249906;19,81083838;6,341413668;6,509775346;9,055004192;36,55086598;40,71874731;25,02561484;36,09957538;24,97664786;23,78456668;6,860571426;6,713955281;6,670881629;5,392078772;4,313817787;4,288314451;19,13423809;14,42800643;11,55031393;14,96623438;13,43014635;14,16510821;7,405929049;10,02723739;7,885032547;36,58129195;29,14208044;39,09921687;14,5660313;14,23429317;18,43727734;9,856684842;14,49577324;9,420702793;17,15723822;28,77783724;33,53802256
456,385;89,15310565;94,6987689;88,9716799;31,30299654;20,49708949;27,12750342;9,426762924;7,85073391;10,50087314;7,971755378;4,979314929;8,509387445;11,1810861;46,28507076;41,90672042;53,55334968;52,91328414;30,04077043;34,97692757;34,09793125;45,23639504;17,84385236;19,43137591;19,69231697;6,168421624;6,306892782;8,870158143;36,62065529;40,85199776;24,9884893;36,10933879;24,97402439;23,79437398;6,818235914;6,711092552;6,654697091;5,365709487;4,293662066;4,2896767;19,16206627;14,53931762;11,63271593;14,95885007;13,37430487;14,16066423;7,507353008;10,21188209;7,999970175;36,53618821;29,19289314;39,23360977;14,59581861;14,2522577;18,57148206;9,835056565;14,49930421;9,353493587;17,01357351;28,64992923;33,51582053
456,973;88,88481915;94,31965779;88,69742002;31,23951254;20,52260318;26,9890629;9,391050925;7,764224786;10,46200889;7,99923291;4,965684371;8,469215454;11,26254105;46,80947823;42,37709017;53,46928236;52,77640062;30,10503868;34,91886889;34,15959969;45,2923778;17,70588571;19,25751339;19,46025571;6,023242177;6,141019268;8,683004989;36,64049481;40,96097638;25,02551234;36,08652757;24,95140686;23,83574596;6,784123661;6,667950167;6,659452631;5,35071026;4,277779991;4,251645324;19,21701945;14,55167907;11,70300885;14,95360881;13,35582197;14,09228849;7,598609575;10,37669274;8,127636807;36,62571803;29,32605637;39,43705353;14,58636468;14,3044128;18,52754021;9,779375054;14,53812002;9,318067633;17,02739407;28,74773902;33,53823717
457,561;88,57483312;94,14869738;88,56021047;31,25145063;20,48970974;27,02825304;9,368980378;7,749386469;10,36010658;8,007108704;4,984294045;8,529227513;11,36767273;47,45422844;42,7783538;53,08266736;52,47435623;30,05173554;35,09089975;34,25064276;45,29334219;17,46956933;19,09563601;19,31186999;5,94877717;6,024990541;8,530848894;36,81055936;41,03520128;25,07321756;36,09372707;24,9391479;23,85353178;6,7806874;6,679993403;6,630593562;5,30972961;4,288657464;4,244004139;19,20657179;14,58347871;11,65135312;14,93388235;13,27589871;14,02044505;7,750312935;10,60005688;8,259959779;36,74617484;29,42938115;39,51402958;14,65921443;14,33522876;18,56744214;9,882755528;14,62070488;9,397346818;17,06511659;28,68439342;33,59933423
458,15;88,36311946;93,86136908;88,40843118;31,24292352;20,50610018;27,03453986;9,306993354;7,764428039;10,3753776;8,025491498;4,987555452;8,488033516;11,47139952;48,15819372;43,15733919;52,90078092;52,42273502;30,04327804;35,19745423;34,31732139;45,28508177;17,31771297;18,86352319;19,03649855;5,879634729;5,900003294;8,418464906;36,84383294;41,03471733;25,15725937;36,18763607;25,05556714;23,86666682;6,768410029;6,671143815;6,646317177;5,302375616;4,278101398;4,236542212;19,34534674;14,53066645;11,71835481;14,80036266;13,19336208;13,87736212;7,848053957;10,80796825;8,409375422;36,93894277;29,51211345;39,68185977;14,6777803;14,3761285;18,59658246;9,926041051;14,64458446;9,360012271;17,06955659;28,70294628;33,61515292
458,738;88,31931858;93,68512283;88,31127577;31,27214534;20,48862943;27,03801176;9,268715672;7,716098292;10,27907687;8,048692178;4,977239825;8,4887217;11,50424337;48,65127346;43,54034355;52,63499252;52,2611927;29,90684074;35,17099439;34,35588328;45,44794663;17,04018121;18,70886557;18,8821796;5,670884242;5,773321666;8,245667354;36,86459416;41,18199801;25,21069166;36,24758414;24,99276184;23,91755679;6,716078617;6,642422458;6,585090178;5,271049613;4,247113398;4,228122034;19,31538477;14,59515851;11,79648793;14,77930653;13,16086562;13,8368574;7,983012031;10,98889901;8,509999173;37,07716455;29,71772321;39,94709385;14,66752837;14,37526557;18,65278583;9,942413527;14,6548552;9,427302947;17,06283118;28,72689349;33,72425779
459,326;88,18327553;93,45298844;88,18108924;31,33619146;20,49901967;27,10499791;9,204459503;7,666324461;10,22036912;8,006323433;4,95660751;8,456363586;11,55564892;49,18811438;43,91961816;52,52543811;52,08812303;29,86792291;35,35651996;34,50671856;45,52087232;16,83852621;18,53216968;18,67983738;5,524571039;5,630262926;8,102198212;36,89313389;41,25695782;25,17938119;36,40211665;25,09321811;23,97425274;6,736789426;6,639098402;6,597112982;5,259453529;4,245996513;4,218355379;19,43577765;14,71148726;11,8158055;14,73248494;13,13366991;13,74523926;8,084550564;11,1634392;8,665539923;37,30694305;29,94638646;40,10427523;14,75643837;14,38362654;18,65189055;9,95009416;14,6497833;9,420733551;17,02470575;28,76686319;33,67659738
459,913;88,19028712;93,4630327;88,33768426;31,41727829;20,56625367;27,16747184;9,223678146;7,702775528;10,17865558;8,060062543;4,978346769;8,536834133;11,64858441;49,72346891;44,36358527;52,4290134;52,038997;29,87904805;35,49270325;34,6290829;45,61771692;16,69125725;18,39386919;18,60472491;5,407259065;5,520853329;8,003064625;37,09130759;41,35338129;25,26701583;36,52314746;25,1644743;24,04816741;6,716232647;6,657679927;6,583916276;5,276510921;4,256499502;4,227137439;19,52567869;14,71123719;11,83318383;14,70179047;13,0993075;13,70756955;8,228493291;11,41706895;8,829740563;37,58023639;30,15994136;40,41852201;14,83977092;14,52025512;18,8009167;9,944931589;14,86150215;9,453565527;16,96699658;28,77790409;33,84473004
460,501;88,03158804;93,39990495;88,27843718;31,41691633;20,57706641;27,20076604;9,141734837;7,652158423;10,10425008;8,007310509;4,977616976;8,524078594;11,69854122;50,18418945;44,62539062;52,20702809;51,97605674;29,87871069;35,56953012;34,64609396;45,7567649;16,46473088;18,24495722;18,32266953;5,283663582;5,390271066;7,840449715;37,14526369;41,50993245;25,27506786;36,5492889;25,16545478;24,10779556;6,67826398;6,621802472;6,56057727;5,256601711;4,232001515;4,190581068;19,60199976;14,76623341;11,89613631;14,64167837;13,05764189;13,61793146;8,327720916;11,58405172;8,938419929;37,80293883;30,36412449;40,59606602;14,83215435;14,53597004;18,80964671;10,04364625;14,83105329;9,421623373;16,93702388;28,69284399;33,69261894
461,089;87,51981936;92,78367134;87,82306391;31,30397168;20,48858757;27,16873664;9,141123253;7,65132069;10,09059005;8,02219137;4,989007214;8,515336523;11,76050376;50,560028;44,90743883;51,94917092;51,6995863;29,79116626;35,62350084;34,81485246;45,69757466;16,31256213;18,08086878;18,14527188;5,123790975;5,22278226;7,671037065;37,11128151;41,51923272;25,26295814;36,59761645;25,17991078;24,17078769;6,661503404;6,609305523;6,554342184;5,235497758;4,233924164;4,193625558;19,56881394;14,78928211;11,98294114;14,61303139;13,01731409;13,55432645;8,436375157;11,7944896;9,144994415;37,84023696;30,51723722;40,78166207;14,84999969;14,53478187;18,88083016;9,97445186;14,83328688;9,442003758;16,95226421;28,74242159;33,72500529
461,677;86,79474456;92,18964733;87,20897697;31,29305631;20,54011706;27,03628;9,055529305;7,630840027;10,01997587;7,997793997;4,988587662;8,483819599;11,79018005;50,86495477;45,01937251;51,40500645;51,24978785;29,57866059;35,5339356;34,66868578;45,4629809;16,02945837;17,91938118;17,9091841;5,025263811;5,15997484;7,567304867;37,23725584;41,50266475;25,38987607;36,46889081;25,09795145;24,11743046;6,631665226;6,606345408;6,513645489;5,21304718;4,235244859;4,203567806;19,59583021;14,7459346;11,92882086;14,49121481;12,8467959;13,38829242;8,560004837;11,94773227;9,232154553;37,95546292;30,56770951;40,87953309;14,85894888;14,58807512;18,85985554;10,03344846;14,86062809;9,461957299;16,90874215;28,62006255;33,6333262
462,265;86,21593839;91,6486199;86,59099624;31,19355889;20,47393893;26,95909397;9,016952925;7,587731124;9,911937655;7,979638082;4,961688734;8,455355321;11,77241371;51,13175898;45,2978453;51,04205771;50,98596684;29,47416431;35,51612682;34,6777897;45,30504932;15,87050946;17,72613443;17,68962684;4,89603699;5,035577484;7,442736177;37,17153283;41,66214634;25,41533776;36,56035131;25,13672703;24,16639296;6,564693404;6,550921699;6,466655728;5,184640549;4,208439421;4,175296675;19,60485765;14,74270024;11,97408958;14,42937037;12,787708;13,32239619;8,645973024;12,17652773;9,323799888;38,0902221;30,76543698;40,95546268;14,88600588;14,64625457;19,01223413;9,988554797;14,90376726;9,579857928;16,93552937;28,62036107;33,67285495
462,853;85,8325492;91,15598026;86,07410296;31,08509051;20,44229735;26,86207636;8,982795166;7,545425601;9,88347832;7,948631084;4,954117379;8,427244002;11,80826442;51,51979464;45,4762965;50,55019723;50,63528662;29,25566081;35,37540837;34,61587927;45,24283344;15,60480772;17,51594487;17,51212689;4,750007231;4,873297315;7,241567737;37,25490224;41,66642971;25,46230035;36,43330112;25,07540502;24,0969267;6,541182315;6,534693038;6,420568733;5,159108245;4,214272789;4,162965628;19,617795;14,74865456;11,98557888;14,32438951;12,67984631;13,19716013;8,766499613;12,30630465;9,44978966;38,27630587;31,0786727;41,26240571;14,91960116;14,66731832;18,97179455;10,07058178;14,92192181;9,576667016;16,85863574;28,61480897;33,55697312
463,441;85,26559483;90,75031203;85,77792171;30,97057061;20,3541984;26,82522491;8,968475869;7,56305779;9,842667982;7,952066838;4,963387416;8,42247888;11,86126386;51,85377061;45,73612984;50,33075835;50,41150357;29,21714027;35,49944194;34,6335989;45,14804989;15,4221461;17,38026726;17,23842107;4,655201206;4,776397175;7,120687187;37,27789529;41,67010029;25,46478519;36,47366066;25,19641522;24,1384403;6,549607839;6,543321832;6,43626136;5,170190219;4,225211922;4,169479862;19,63298566;14,76565776;12,03860125;14,25930795;12,68283879;13,12521182;8,920101887;12,54250981;9,554868812;38,51371746;31,2219414;41,41156147;14,9483975;14,63756872;18,93771251;10,11518056;14,94905954;9,619244351;16,75435387;28,51543861;33,37077186
464,028;85,08463688;90,49338583;85,50575751;31,09571239;20,40447506;26,76891726;8,909606967;7,51545717;9,792114981;7,918498224;4,971727184;8,409958169;11,886371;52,34583757;46,10945371;50,21574628;50,20601464;29,06567106;35,49238898;34,62566385;45,131423;15,22348334;17,20963932;17,20387072;4,533744902;4,594513958;6,924359101;37,35078727;41,75005053;25,44400424;36,55471254;25,24266101;24,20482155;6,487374898;6,494029046;6,441405337;5,137011076;4,20348565;4,158795231;19,67910367;14,76284537;12,02047478;14,19067808;12,62354186;13,08284296;9,004999332;12,74494957;9,734135799;38,77029632;31,51122334;41,71571196;15,01717859;14,69865786;18,98845083;10,05713262;14,88481978;9,652988658;16,81880908;28,51758725;33,49257486
464,616;84,74744738;90,20234554;85,24442138;31,08466972;20,30626998;26,73495058;8,914008322;7,50077781;9,767544542;7,913430278;4,968118925;8,417975588;11,96875594;52,64116622;46,25476834;49,91312796;50,00544501;28,92932835;35,50015174;34,74361108;45,05989375;15,04800402;17,00225468;16,83714514;4,457663059;4,511261087;6,834077053;37,38660611;41,75744254;25,5878842;36,54877779;25,2736804;24,18927513;6,510994273;6,502850631;6,424891179;5,123668576;4,192690357;4,164922166;19,72542636;14,85276197;12,07737178;14,12125162;12,56610908;12,9935628;9,133475603;12,88865226;9,859656333;39,04634195;31,76282853;41,91171755;14,99838659;14,70315058;19,09077272;10,1253886;15,01194695;9,671771586;16,79281023;28,51134195;33,4930785
465,204;84,42617372;89,81620547;84,82105144;31,02750597;20,32510344;26,68186898;8,905660133;7,475589012;9,691595868;7,907702375;4,943464751;8,357825293;11,95948501;52,94622138;46,52275851;49,64078728;49,75312886;28,81691885;35,48614896;34,70815049;44,91886319;14,87510651;16,84556393;16,62009298;4,357648334;4,444805289;6,690307222;37,34627365;41,90127919;25,59012598;36,60055476;25,29187678;24,20847974;6,493642816;6,495696331;6,400725536;5,094873421;4,188935662;4,142964943;19,6926576;14,81711892;12,1579802;13,99189407;12,60133019;12,90671537;9,239655029;13,11625732;9,986640463;39,07510319;31,87714129;42,1249881;15,01423852;14,72819197;19,07357192;10,13709774;15,02118335;9,670985177;16,80624884;28,41493926;33,4515946
465,791;83,94663075;89,34402153;84,42938783;30,94762424;20,24067762;26,70845453;8,830565403;7,435963854;9,668675479;7,852523147;4,942328116;8,339321584;11,99755343;53,33130036;46,86270905;49,35533567;49,5213514;28,66003742;35,54214356;34,69364412;44,88346455;14,73230168;16,75157838;16,50248869;4,222297703;4,304556374;6,507305698;37,54619921;41,92766709;25,62385834;36,5993763;25,33815237;24,21873902;6,435867609;6,472379158;6,348202511;5,071279775;4,161555399;4,123712183;19,68938102;14,83118648;12,1311401;13,8911167;12,43133741;12,76613736;9,311958091;13,26114039;10,04120041;39,29543933;32,19097565;42,46249116;15,08808873;14,74482734;19,13110373;10,0896499;15,04432908;9,7042739;16,77743366;28,45773263;33,46366898
466,379;83,64887604;88,9517225;84,10452288;30,94207477;20,29261506;26,68117196;8,823422495;7,448267425;9,645923459;7,887742959;4,975432704;8,36130882;12,07917242;53,71205649;47,04563262;48,99441145;49,21485293;28,53067;35,4300839;34,60232767;44,77278083;14,47453617;16,56111577;16,27927931;4,096998126;4,179286249;6,435082836;37,71476374;42,07527812;25,74641697;36,67755048;25,32458079;24,19852125;6,425214202;6,47753091;6,32085992;5,073972998;4,156369487;4,12254814;19,72062161;14,87306814;12,17186654;13,88211793;12,36876469;12,78489986;9,404928099;13,47023167;10,18346149;39,62880139;32,39919359;42,61427346;15,12602074;14,72938686;19,21149012;10,13134967;15,12791259;9,733521257;16,70814325;28,38677245;33,31217296
466,966;83,08752528;88,33554912;83,63472689;30,8903878;20,30162297;26,59861749;8,828015363;7,471764444;9,582267145;7,895508328;4,946533769;8,331583789;12,11019558;53,98262337;47,08827193;48,65182061;48,91968775;28,43333659;35,37726064;34,49779805;44,64426449;14,36717657;16,39196925;16,0021691;4,028517409;4,117488212;6,298532153;37,6929207;42,1643726;25,7423298;36,599943;25,31447173;24,23275164;6,406905114;6,441751596;6,340305483;5,043032947;4,149645535;4,105056128;19,78832019;14,909197;12,17400986;13,77999472;12,32777846;12,6496642;9,51876771;13,62229965;10,34149202;39,69353619;32,55882915;42,80440684;15,16115299;14,81692846;19,18204994;10,17644458;15,1771877;9,760878818;16,72557033;28,37308435;33,21194999
467,554;82,7168682;87,80036632;83,06422757;30,87231406;20,22119416;26,53692029;8,789010054;7,437942111;9,551495667;7,907658666;4,936304939;8,349500763;12,1537669;54,51491004;47,30614163;48,33971342;48,64428932;28,30438284;35,34875956;34,47094645;44,45508214;14,11680208;16,30081522;15,8393924;3,900004582;3,977939906;6,138551082;37,71826037;42,13846062;25,75641237;36,58821305;25,32493501;24,3087613;6,361077904;6,416750945;6,285688828;5,019346537;4,135785902;4,093460879;19,79384771;14,89403471;12,22666359;13,74139554;12,24148033;12,53685253;9,624689273;13,80861071;10,40230517;39,85586051;32,72577584;42,91454932;15,28023293;14,82523383;19,1831851;10,15948629;15,12706637;9,782206077;16,64485508;28,28197186;33,10917177
468,141;82,40607139;87,47029253;82,90032651;30,87096205;20,1386235;26,50729874;8,767992206;7,397116903;9,495653026;7,880752082;4,936647193;8,349104589;12,2278715;55,0649897;47,59942512;48,23899642;48,41647379;28,24958045;35,42009882;34,57400028;44,46578394;13,98490876;16,13198295;15,56868524;3,813446816;3,849778416;6,027747977;37,85149219;42,30443401;25,78125085;36,7034721;25,32816536;24,39763131;6,318803392;6,379766267;6,239478409;5,000838869;4,133453649;4,06466405;19,79462686;14,89334969;12,26998151;13,59809981;12,22487958;12,52551479;9,740905111;14,01204996;10,5642098;40,06143086;33,07664327;43,16333267;15,2550897;14,80097651;19,24198107;10,22296245;15,16079643;9,747698771;16,71997196;28,29614215;33,09177382
468,729;81,91223214;87,13727456;82,5508022;30,85679743;20,15964451;26,54071018;8,750223159;7,406967558;9,485607346;7,944179711;4,960501953;8,409098419;12,36120371;55,4878631;47,99527196;47,95648257;48,27950141;28,1598239;35,45440448;34,6026874;44,31961559;13,77184835;16,02490056;15,46021517;3,771930686;3,792642649;5,977179219;38,02561475;42,45489225;25,93299827;36,73664578;25,36659434;24,42421119;6,328495217;6,359853588;6,2384339;4,968420131;4,143360087;4,08168059;19,84159115;14,9175673;12,31044361;13,57372735;12,21658081;12,44611597;9,816507975;14,19301411;10,65960921;40,27014371;33,34262555;43,45962598;15,35667166;14,93528031;19,36867248;10,22520181;15,23322553;9,827675849;16,60305217;28,25810352;33,0345608
469,316;81,43997486;86,76892281;82,21100037;30,85398326;20,11162787;26,54629756;8,7343685;7,415881315;9,471179418;7,996892235;4,962976673;8,435842363;12,47304603;56,13397503;48,33985281;47,72118491;47,97709911;28,05205783;35,51646097;34,63349085;44,30677501;13,58327272;15,76980461;15,20324996;3,679280867;3,694828287;5,810575467;38,07664875;42,51814648;26,04550369;36,81004672;25,42141023;24,45662373;6,30371887;6,363357595;6,230707133;4,997013487;4,13572532;4,078168114;19,88382387;14,96399974;12,34535142;13,53536328;12,14776563;12,35773982;9,960749339;14,35418311;10,81176368;40,54493065;33,5960019;43,76480181;15,43483844;14,99222726;19,42250698;10,2348977;15,23136436;9,889448428;16,55255433;28,19222914;32,92165001
469,904;81,12429224;86,45468676;81,70380132;30,76479591;20,0220648;26,48953566;8,687960944;7,392053734;9,427342415;7,981923395;4,973974301;8,411812429;12,54531119;56,58204302;48,68815445;47,43693656;47,75275382;27,88234956;35,54584297;34,63541857;44,27716726;13,43581556;15,64777867;14,9648071;3,589826177;3,616882019;5,654428407;38,14983808;42,5792498;26,05533121;36,85738337;25,40341478;24,45881831;6,274277395;6,384648672;6,21487431;4,968007251;4,110552767;4,057226693;19,94357228;14,9984546;12,39130995;13,41900856;12,10120636;12,31875351;10,07695472;14,61101558;10,9486001;40,6918345;33,88450249;43,93513362;15,38641552;15,02145636;19,56103269;10,29754729;15,32646294;9,922456215;16,50037037;28,17225603;32,96585246
470,491;80,56580754;85,84296078;81,21708248;30,77630489;20,00748036;26,4439833;8,709513981;7,34041429;9,379538941;8,055315406;4,989491189;8,454370864;12,66870574;57,10752916;48,94447445;47,1219135;47,50040473;27,7683808;35,45590424;34,54621881;44,15463045;13,29717197;15,55428814;14,82016553;3,485985608;3,465879612;5,489607171;38,12885974;42,55026485;25,99843117;36,85756879;25,40514701;24,46417041;6,254687106;6,32566057;6,199185479;4,937674489;4,134689176;4,067279676;19,90263322;15,02047341;12,36418076;13,42909103;12,04724496;12,20663847;10,15293057;14,7696365;11,05903764;40,91547784;34,14810941;44,17823587;15,36063925;15,00087165;19,47967263;10,297068;15,27378173;9,88862925;16,43922552;28,12842305;32,73730623
471,078;80,31358599;85,46853728;80,89793604;30,86637355;20,14203852;26,46974207;8,671567205;7,357642804;9,376723484;8,080647856;4,990019876;8,503277666;12,76892492;57,83342221;49,22075732;46,95491733;47,24962722;27,67077423;35,52297327;34,65185932;44,13221662;13,123954;15,40628664;14,6384694;3,43220244;3,435494583;5,417865866;38,23255853;42,73783659;26,17407614;36,91632621;25,50885121;24,48255802;6,249847107;6,347104812;6,184383662;4,925060603;4,117268402;4,073212379;19,99243936;15,04362872;12,46676347;13,37632014;11,97869456;12,17534693;10,26769033;14,95763357;11,19817603;41,1962287;34,39686082;44,5653803;15,42137993;15,04078211;19,55755688;10,29477985;15,4391656;9,93226143;16,37425809;27,99214337;32,69537515
471,666;79,85980166;85,16571571;80,60098952;30,74465983;20,06619881;26,26261721;8,635343352;7,347444838;9,28990808;8,101856379;4,997003882;8,510008266;12,91957811;58,40298627;49,5122092;46,70536389;47,02226623;27,59013442;35,59179173;34,66249682;44,0709262;13,00022858;15,2661748;14,49325754;3,367504148;3,372957285;5,269988214;38,23443209;42,70518913;26,10624531;37,04507475;25,54606274;24,52022617;6,178558023;6,320641507;6,143972416;4,905751586;4,093658691;4,025971917;19,97587502;15,07931547;12,45396202;13,24024574;11,9444353;12,07019396;10,37150384;15,1340507;11,33488702;41,38550791;34,69259735;44,78010276;15,44315583;15,04315619;19,63956382;10,33488404;15,42145153;9,957941837;16,40532546;27,93319402;32,5733812
472,253;79,4412559;84,7613401;80,26286578;30,62778555;20,03973439;26,36567104;8,568952906;7,284139933;9,301209203;8,179717312;4,993437815;8,524815951;13,06056715;58,96684845;49,87000917;46,59318651;46,84544212;27,60250707;35,65533976;34,72443754;44,03639283;12,86478926;15,13686707;14,26963871;3,246546953;3,230541825;5,177497356;38,32066134;42,79613854;26,12019594;37,11942065;25,6212607;24,63017123;6,181964374;6,29281812;6,158344334;4,90687955;4,087630199;4,036783289;20,09416888;15,12279291;12,5016871;13,21876669;11,88998709;12,08019274;10,52150542;15,38631934;11,4461122;41,62773652;34,74272115;44,96667277;15,55401092;15,06030008;19,72483045;10,33051424;15,47511785;9,940564668;16,35349905;27,85880197;32,56555686
472,84;78,99379941;84,46738997;79,88029238;30,66411978;20,02271146;26,27983018;8,605266005;7,309640696;9,269155971;8,230612991;5,048823189;8,602127665;13,19073045;59,5990992;50,07440125;46,17020146;46,55411677;27,38959401;35,65061157;34,63838967;43,9582737;12,72600317;15,01420023;14,11497997;3,149965898;3,158032992;5,032044273;38,42039972;42,9555992;26,24538926;37,10540029;25,59876898;24,57103282;6,143552635;6,302269989;6,087512108;4,89654057;4,097655525;4,054613433;20,13293449;15,12518954;12,55165984;13,14436813;11,84998144;12,00719235;10,64771369;15,54664412;11,56524697;41,76775065;35,03159244;45,16157327;15,57068935;15,0970959;19,77023337;10,32471255;15,48673485;9,976872406;16,31333327;27,86309793;32,57673129
473,427;78,63076894;83,88896839;79,52749268;30,58750248;19,92306605;26,25121257;8,55076357;7,303360185;9,225370971;8,293274236;5,039332574;8,646256574;13,29823111;60,31776354;50,45537782;45,95907235;46,26044895;27,27336071;35,60866574;34,51165854;43,84541135;12,4938671;14,822635;13,95109149;3,070130279;3,108486367;4,967305305;38,52227314;43,03748987;26,24147357;37,12937393;25,57418639;24,62787436;6,100354009;6,271682142;6,044109962;4,848188965;4,088031975;4,026089983;20,12277955;15,17591803;12,58253426;13,05370148;11,75258748;11,94839712;10,69142539;15,71729921;11,6663035;41,95450113;35,15579499;45,35041226;15,65229173;15,15928081;19,85607007;10,42905131;15,55915587;10,06682136;16,22264694;27,7918229;32,47278244
474,014;78,1409541;83,3854987;79,15581586;30,65770699;20,01115982;26,27834637;8,565200631;7,331538392;9,217957295;8,355927378;5,052476659;8,713513959;13,50011391;60,93770569;50,84799395;45,85152573;46,12210433;27,26195275;35,64894181;34,69610688;43,96838239;12,43422486;14,81218039;13,79316318;2,979699368;2,942666159;4,844996448;38,53637221;42,97596368;26,39420321;37,16899105;25,6529492;24,63997448;6,096372143;6,275889657;6,08030473;4,845917333;4,07999098;4,037263506;20,18200001;15,18314719;12,60508442;13,04925852;11,73148603;11,90285118;10,8407842;15,91983659;11,8225715;42,2017961;35,46793136;45,63490373;15,72775112;15,25027304;19,87367444;10,40136459;15,55677325;10,11594159;16,22772691;27,79708925;32,33108094
474,602;77,8503017;83,1616725;78,99281541;30,47686266;19,91468172;26,18213699;8,512417835;7,278316438;9,157329103;8,461287975;5,054633249;8,745556378;13,64525015;61,6946239;51,14246189;45,64742483;45,89021757;27,22371003;35,78090745;34,77614688;43,93456775;12,28865068;14,6419214;13,64511057;2,927266073;2,83818899;4,725111242;38,61569998;43,11959272;26,36112408;37,32393665;25,77834659;24,71487611;6,05737393;6,206329811;6,03883907;4,816511808;4,06895915;4,010091215;20,22785845;15,22513251;12,63298899;12,98159096;11,73791627;11,83291517;10,91871144;16,07540655;11,93638339;42,34114451;35,63016855;45,77343339;15,78079082;15,20166717;19,93284729;10,33356882;15,5826997;10,12138289;16,23921454;27,72813596;32,26823767
475,189;77,37654223;82,67793244;78,41608202;30,49217507;19,95227468;26,25169014;8,464508281;7,264810817;9,145458332;8,511956926;5,071799904;8,824974637;13,80574066;62,23217323;51,45692435;45,50630821;45,66240035;27,0527893;35,85049732;34,71256421;43,86931636;12,1143658;14,43019554;13,4124743;2,841726147;2,704188698;4,632660726;38,59841185;43,09857262;26,38122672;37,34955922;25,75230624;24,69563258;6,033901253;6,229218398;6,013474936;4,792276486;4,064409798;4,006696964;20,24409091;15,24756623;12,63116478;12,88798836;11,68163955;11,77090671;11,05496356;16,27852057;12,02865706;42,55943506;35,87983872;46,17905655;15,82463583;15,30005214;19,92140532;10,32188339;15,66798596;10,15739128;16,11518271;27,54441402;32,12818052
475,776;77,04769074;82,38392993;78,10293352;30,45322871;19,8551565;26,17621624;8,465821511;7,273907333;9,126782966;8,629337452;5,105143619;8,92485394;13,97053671;62,96700703;51,87116257;45,24255452;45,42662296;27,02245612;35,8712951;34,76629836;43,86810135;11,92291328;14,3111243;13,23653023;2,753951386;2,711913037;4,536931234;38,62946176;43,15238494;26,3915755;37,38385387;25,7708714;24,73356005;6,012092304;6,213546193;5,997688724;4,783544483;4,070486741;4,026627862;20,30325971;15,29310682;12,73545628;12,90763018;11,68529825;11,75278934;11,18418824;16,42841638;12,21264094;42,81298275;35,87512488;46,34960428;15,76549039;15,26045172;19,91402548;10,36688198;15,64833947;10,12801218;16,07722745;27,49352504;31,97783851
476,363;76,61133825;81,89743557;77,66526848;30,43706901;19,8106215;26,21369856;8,43223444;7,250077992;9,049583251;8,690756308;5,102974788;8,926628905;14,13537285;63,65808015;52,07650298;45,03395267;45,15918859;26,92432568;36,01538849;34,89389885;43,92775206;11,81080094;14,21328124;13,06922333;2,714529241;2,609837629;4,462221195;38,57841409;43,26477075;26,43860675;37,40790734;25,86240965;24,77932485;5,963122923;6,185104964;5,978090461;4,767486892;4,036360579;3,994418904;20,34764274;15,28408608;12,70115589;12,85057303;11,63859789;11,70736024;11,22712068;16,60663237;12,29327167;42,80544072;36,08351119;46,295699;15,87218696;15,30848799;20,01765303;10,38583994;15,71518008;10,22351507;15,9984414;27,41563152;31,88241742
476,95;76,27519359;81,56770018;77,48905907;30,43321132;19,77379108;26,0981552;8,411814105;7,262627644;9,046553264;8,780739885;5,127038592;9,066056213;14,32068453;64,45555533;52,42899581;44,89765139;44,9828885;26,86811151;36,12282753;34,97077908;43,84412401;11,64600808;14,10781691;12,88331224;2,603296606;2,48676381;4,339763129;38,7003888;43,34447205;26,42069192;37,54019618;25,84662642;24,76303889;5,945880949;6,16134641;5,973330805;4,765299032;4,045970754;3,997099078;20,42753206;15,33316359;12,7797016;12,85259645;11,52743703;11,61026572;11,36478915;16,82066325;12,41485625;43,02871713;36,22310222;46,68825162;15,88172585;15,34799134;19,98079996;10,32370409;15,83580829;10,23913565;16,03281815;27,2878945;31,86970328
477,537;75,83586574;81,1801251;77,06868567;30,47793295;19,90007304;26,17359692;8,416856626;7,213630677;9,011089119;8,871800245;5,174683398;9,120317971;14,49733967;65,14153342;52,73548539;44,69178784;44,855227;26,88366621;36,27470778;35,02924952;43,95238605;11,59431404;13,95887162;12,76445259;2,582133274;2,507662855;4,272089927;38,91145639;43,51708247;26,51513993;37,63723972;25,9345358;24,84154901;5,928070952;6,132603356;5,924494019;4,729326978;4,019963682;4,003913382;20,41348066;15,37317615;12,81578624;12,74555604;11,54044848;11,60965208;11,47548935;17,04972598;12,57694431;43,27717735;36,4292942;46,90710612;15,97040133;15,47460893;20,16636942;10,44051481;15,85237437;10,36364405;15,93513685;27,28116635;31,78935654
478,124;75,29314338;80,78469291;76,59891364;30,38145636;19,77460118;26,15927632;8,387006383;7,224313459;8,989385215;9,021534087;5,190714043;9,247169535;14,70472794;65,73383893;53,00739089;44,52937257;44,59856388;26,76307014;36,33821965;35,1178308;43,96925243;11,41200606;13,869495;12,63363671;2,556278478;2,447746371;4,208501811;38,97414164;43,64490341;26,55393851;37,66683593;25,9807414;24,83419269;5,908803628;6,154711547;5,912129105;4,74013413;4,041547797;4,001221442;20,49158446;15,35770532;12,80669846;12,7080131;11,49588463;11,54202304;11,56741621;17,15912378;12,66966068;43,34853835;36,58979599;47,0675445;16,07672783;15,46945246;20,16715525;10,48370336;15,89770582;10,34491023;15,95042202;27,20098963;31,6435897
478,71;75,01688046;80,35633899;76,19566789;30,27842927;19,70010224;26,02524283;8,405562539;7,211061123;8,983546765;9,153836386;5,237402646;9,363020847;14,93166272;66,54122079;53,398251;44,43270072;44,3469644;26,73571315;36,50908605;35,09189233;44,11050705;11,30892319;13,77112433;12,45543602;2,450672269;2,328622785;4,062384581;39,01862361;43,7502896;26,62005266;37,65251958;25,98172106;24,83731782;5,904326168;6,189379542;5,888970036;4,72532246;4,042204113;3,992408861;20,5112761;15,44161039;12,81316841;12,6460674;11,4716103;11,49944061;11,69732428;17,37272792;12,81644984;43,49213093;36,60561591;47,20335086;16,0334856;15,49954384;20,2172637;10,42145149;15,89219038;10,30878398;15,96394122;27,00400635;31,62017449
479,297;74,66219528;79,89564783;75,84319099;30,3099073;19,80211184;26,0383962;8,405041297;7,244432855;8,959794555;9,308997532;5,265395812;9,480396424;15,11189671;67,16508313;53,76174362;44,34138177;44,21860703;26,7220193;36,51423577;35,21040634;44,1825117;11,16101757;13,70624876;12,25927149;2,449971153;2,34974661;4,03576458;39,07926768;43,89086942;26,69455694;37,71923857;26,0289451;24,89153636;5,858605589;6,130164663;5,889949969;4,699591193;4,049043716;3,987352665;20,52355756;15,43863671;12,86976963;12,54656177;11,40146599;11,49069557;11,78486388;17,49606474;12,89269624;43,5843819;36,71343419;47,28010561;16,14581081;15,58637913;20,37316007;10,52453188;16,01806833;10,38820254;15,79628963;26,88944174;31,48841903
479,884;74,3111317;79,54476352;75,40107023;30,24964204;19,7449592;26,03173609;8,383934273;7,253334557;8,922856313;9,409730153;5,29487088;9,558772303;15,28635455;67,74878782;53,94692926;44,10393406;44,03041417;26,7600915;36,67048208;35,27308663;44,25668904;11,00675334;13,57606204;12,11369177;2,390012438;2,288042577;3,931646917;39,01409853;43,90435787;26,72249664;37,68281958;26,08353508;24,96812774;5,832421236;6,114282923;5,83749066;4,67927222;4,051024068;3,993182152;20,60263541;15,44657792;12,91333318;12,54612437;11,35501766;11,42059984;11,90083699;17,71052309;13,02993549;43,68174689;36,79310707;47,35962395;16,20698452;15,67609714;20,42155808;10,5169364;16,09800607;10,44026013;15,71852998;26,75303291;31,34170911
480,471;73,88750171;79,08213681;74,96359893;30,1699442;19,74735677;25,93957347;8,358126273;7,221744257;8,892177676;9,53306115;5,274790103;9,672304305;15,50507008;68,42883157;54,26123055;43,93978978;43,79826787;26,73164503;36,74758849;35,30282046;44,2614312;10,95672459;13,50201356;11,97061644;2,320841852;2,223997845;3,837297647;39,20102839;43,79859745;26,66590319;37,77949088;26,09247699;24,98128992;5,799204359;6,114490113;5,834501367;4,676284725;4,026299123;3,973286537;20,58660962;15,49212387;12,96232642;12,56609889;11,35048813;11,38116859;11,97025866;17,87990282;13,13591009;43,822381;36,96623175;47,51355785;16,21662201;15,74223871;20,42234187;10,49371118;16,01278835;10,42395908;15,77006759;26,75438065;31,32591447
481,058;73,62564338;78,6361332;74,60443065;30,1581354;19,71863647;25,92867521;8,373377417;7,208151818;8,896133718;9,701147404;5,342033563;9,830798947;15,71345149;69,19277697;54,56414413;43,85351607;43,7476085;26,73794657;37,02714142;35,4465599;44,45360129;10,77262271;13,38949302;11,8147692;2,308613065;2,185479055;3,794043332;39,28564304;43,91945063;26,76055289;37,77954841;26,23704944;25,02903421;5,761201673;6,087044917;5,829031039;4,618663028;4,005148192;3,968617009;20,63546728;15,4933795;12,98045649;12,42267004;11,25018442;11,28959573;12,07258302;18,04442068;13,21404931;43,88430785;37,07514981;47,73179415;16,35518746;15,85746488;20,60574716;10,5655446;16,22423204;10,5126413;15,62539897;26,73071209;31,12196522
481,644;73,32025429;78,31473717;74,51218589;30,1957898;19,7197367;25,95117047;8,356278697;7,223956773;8,889205298;9,852876849;5,395728041;9,958718953;15,94630958;69,62441074;54,80414353;43,70160516;43,46225602;26,68591231;37,09011439;35,48533348;44,51787443;10,65033566;13,28116839;11,64761666;2,26287914;2,063091949;3,665443459;39,41304032;44,07347239;26,83519865;37,88268095;26,23872919;25,03017214;5,785782433;6,091467851;5,82732295;4,634128597;4,019541683;3,966161892;20,75087219;15,57969871;13,01171484;12,39189077;11,22001682;11,24372252;12,18229206;18,2354211;13,38965518;43,98246603;37,13019198;47,85552391;16,36799774;15,86688286;20,63486823;10,4926154;16,18736365;10,48459695;15,62663942;26,54804322;31,11269732
482,231;73,35712895;78,39851363;74,40861203;30,28055435;19,80625669;26,05477031;8,358544952;7,214455921;8,862765649;9,998564646;5,417126677;10,09707206;16,1278534;70,44211317;55,19400584;43,71035799;43,51092455;26,76520724;37,38699743;35,70381472;44,83436991;10,5821398;13,20427589;11,5383014;2,244028649;2,061803291;3,632494519;39,48144002;44,24010544;26,91362465;38,0642404;26,38609878;25,07283807;5,775570074;6,073157131;5,769758905;4,607004863;4,007364842;3,972476591;20,83141757;15,60979744;13,08936134;12,35486391;11,19879819;11,24906206;12,28788948;18,41067258;13,46328586;44,28376233;37,38150606;48,18222055;16,54883437;15,96074467;20,73334241;10,58355829;16,35060954;10,5561278;15,5129112;26,50619364;30,9249885
482,818;73,51530858;78,56514031;74,62865418;30,29832991;19,82604578;26,06713098;8,362394211;7,186401524;8,854199389;10,17162989;5,467285112;10,22651656;16,34724074;71,10762477;55,62741416;43,66546391;43,34123181;26,76353402;37,63442436;35,9151874;45,05068823;10,4372674;13,11254398;11,39026905;2,170497393;2,040960648;3,54961318;39,67276644;44,34806349;27,00811794;38,23424406;26,44892766;25,14502412;5,728333294;6,06982574;5,767910799;4,583683019;3,996928449;3,960617276;20,95988439;15,71957656;13,17537127;12,40861986;11,22086514;11,19890343;12,35603667;18,58850392;13,61042305;44,58945989;37,64749309;48,46871377;16,55681827;16,05627613;20,81517126;10,65043152;16,41637857;10,63409563;15,42941373;26,47882671;30,95342719
483,404;78,9528232;84,21228739;80,07815594;30,50723022;19,89047452;26,35349721;8,390614377;7,21059511;8,865288681;10,36913956;5,499530753;10,37883679;16,60452509;71,86573234;56,06798393;43,77617075;43,45051049;26,93087057;38,0732371;36,2121385;45,59092873;10,31034566;13,11135476;11,27519466;2,093701924;1,951565913;3,456345149;39,87933961;44,59576521;27,12554311;38,56490433;26,67017481;25,27718514;5,724961543;6,056737025;5,766769944;4,580481368;3,992387246;3,955349302;21,28143359;15,90261546;13,36537101;12,39470357;11,27068846;11,29213266;12,52912988;18,7809839;13,7491199;44,92149262;37,81130735;48,79057513;16,74236801;16,15021252;21,02884539;10,66981629;16,54753888;10,64892857;15,42218869;26,40621618;30,8781503
483,991;89,54060771;95,34640348;90,8145917;30,75007327;20,06603374;26,74534236;8,413998814;7,238691881;8,881182134;10,60098402;5,544786737;10,59634793;16,95547891;72,97065743;56,93642816;44,02488222;43,69520689;27,07385352;38,5375867;36,58988953;46,21132598;10,27989966;13,13586713;11,27242242;2,133673538;1,936747196;3,457522399;40,19938937;45,09165331;27,4458598;39,09278585;26,92563115;25,50466818;5,725714803;6,065465921;5,771149601;4,574609506;3,974347746;3,928933364;21,6319246;16,12350184;13,54232904;12,50154426;11,33457166;11,35767648;12,67203165;19,11968213;13,99445957;45,43316471;38,30069546;49,32283478;16,95729164;16,36059945;21,31155081;10,84615788;16,7357635;10,8032082;15,48431007;26,5835163;31,14180836
484,577;93,33505143;99,24912427;94,6759136;30,88318758;20,1389895;27,13335132;8,456675579;7,248525439;8,901120005;10,75896946;5,595481791;10,74515255;17,14434813;73,42648986;57,28409781;44,25167387;43,86564001;27,31998098;38,95367134;36,96111074;46,6479836;10,19645845;13,04006065;11,16518644;2,081087974;1,922989759;3,437030641;40,59191137;45,44149326;27,62893024;40,29609322;27,61800864;26,09957762;5,714012382;6,051415507;5,763196346;4,561253895;3,97683528;3,933726735;21,85566855;16,35567232;13,7237175;12,6064877;11,38504311;11,42995117;12,81536306;19,30931826;14,0995862;45,67144695;38,50494322;49,62339166;17,13877196;16,56088787;21,54096978;10,93109104;16,92390146;10,92475007;15,37687774;26,54413182;31,02845565
485,164;85,8671039;91,51890058;87,03258593;30,62869632;19,93757638;26,55176815;8,396687601;7,22130258;8,822061802;10,80031578;5,608406421;10,7686432;17,17401234;73,4131928;57,04338899;43,86266888;43,37538874;27,33842927;38,92943606;36,89534013;46,42621237;10,08662116;12,98471921;11,05757602;2,024458491;1,84231257;3,38329125;40,49052931;45,27853241;27,49920503;39,1471344;27,13401826;25,66714481;5,682506438;6,013790791;5,72238447;4,53277711;3,970133172;3,930236605;21,53091883;16,10113184;13,52853219;12,36885475;11,22041356;11,2485954;12,78288411;19,24873026;14,07615797;45,56373041;38,37151431;49,55929783;17,12409033;16,51465935;21,46471298;10,80296501;16,77541007;10,83682273;15,23487106;26,26162436;30,79700181
485,75;75,04832768;80,18755126;76,10810649;30,33946542;19,81165371;26,16796982;8,32175932;7,167956733;8,740201389;10,82994641;5,617345794;10,79316505;17,17638031;73,47521881;56,854882;43,33488268;42,80543203;27,11531562;38,74805159;36,71648724;46,13795335;9,933272416;12,81027055;10,84675041;2,02899141;1,7961143;3,310553705;40,31424421;45,12920001;27,34288187;38,85587746;27,01473033;25,54110303;5,606567701;5,9711555;5,655959958;4,510470534;3,967532317;3,914178561;21,34112723;16,02805968;13,40399683;12,24045301;11,11785228;11,08579375;12,72282066;19,18989334;14,03753785;45,33811788;38,31932753;49,40181939;17,08161118;16,46942687;21,34172612;10,78748108;16,66627299;10,8135912;15,00770027;25,87974308;30,39290382
486,337;71,40532651;76,25692835;72,40477879;30,1382003;19,66332906;25,95942262;8,284307154;7,137536692;8,717453425;10,97256083;5,638592536;10,92694852;17,2995249;73,74938157;56,85812165;43,05502371;42,49914405;27,0176397;38,78598978;36,6949644;46,11112688;9,826927184;12,66788402;10,62388616;1,939887551;1,730931539;3,234116278;40,1926028;45,01487651;27,28251558;38,75642931;26,91224744;25,41167323;5,589052128;5,937934138;5,63361191;4,47893329;3,973681691;3,91654108;21,2833369;15,91750079;13,4549093;12,13740652;10,98970008;11,00832844;12,76234644;19,24246838;14,03980513;45,43567688;38,35060177;49,42344755;16,97595167;16,40105567;21,35048022;10,70617695;16,63140174;10,73182045;14,84241674;25,77030697;30,18075464
486,923;71,05955711;75,91911987;72,11998172;30,10976621;19,62537921;25,99245963;8,287456521;7,144775348;8,67934997;11,1109041;5,681474871;11,05730723;17,48622739;74,31667838;57,20593934;42,91651214;42,2688851;26,96526039;38,95237545;36,79910622;46,2316871;9,660173201;12,5125554;10,44103447;1,891342397;1,695506133;3,21001103;40,31958106;45,111608;27,35428548;38,82911699;26,90872059;25,41678882;5,556966168;5,931832468;5,599856031;4,472696353;3,952054462;3,908562531;21,35642193;16,00378323;13,52371445;12,13058318;10,99126438;10,95289277;12,80253104;19,3802047;14,10202708;45,61019354;38,4449448;49,70293257;17,10200969;16,49054278;21,43260445;10,81284496;16,65235612;10,82260534;14,74166736;25,51977767;29,86991091
487,51;72,1544574;77,17802513;73,21837;30,1585633;19,57954599;26,11208872;8,278824629;7,154017043;8,678375254;11,28411644;5,703054987;11,17350735;17,57834083;74,78827803;57,45790271;42,87121247;42,21877547;26,96764009;39,19010851;36,85110622;46,46471368;9,552675688;12,43658448;10,31422211;1,83990124;1,641926223;3,099748664;40,45788677;45,20234955;27,40844069;38,93803462;27,02021285;25,43901845;5,517687818;5,902941428;5,590462624;4,47087218;3,945777969;3,93028162;21,43052834;16,0195192;13,52874396;12,04567707;10,90582192;10,92219312;12,91330136;19,46615902;14,22127728;45,67698458;38,53008331;49,7897379;17,1752178;16,55105185;21,44334147;10,78113116;16,73090273;10,87403822;14,68257479;25,48936884;29,82701523
488,096;73,21051665;78,23956809;74,38846939;30,12205007;19,64807548;26,02825717;8,291964885;7,145471546;8,637685515;11,41687672;5,751854239;11,28047651;17,78314086;75,12261092;57,69259742;42,88704745;42,07936392;27,04877548;39,36948211;37,15341431;46,6317435;9,55575074;12,37791804;10,2550951;1,847568854;1,602284877;3,101026263;40,53469721;45,23951856;27,50895873;39,06221232;27,08386961;25,53433464;5,518142595;5,911290162;5,577245611;4,45022641;3,944709605;3,915117032;21,54660885;16,08178777;13,60771796;12,05846195;10,92693549;10,93419386;12,93399407;19,57583019;14,28573959;45,91143001;38,66652994;49,95143592;17,2768514;16,73279471;21,62616299;10,76189127;16,82577516;10,89307378;14,51625429;25,39588806;29,68838958
488,682;70,85938575;75,66400795;72,06042487;30,02250741;19,65537099;25,9673958;8,310490412;7,130293784;8,661094109;11,54448659;5,769540838;11,42213124;17,8737027;75,48482515;57,84149532;42,73386671;41,92710529;27,22393272;39,56159989;37,17783208;46,77986686;9,388416255;12,30069952;10,09213084;1,81845735;1,576690986;3,066250951;40,62925792;45,47037573;27,59165716;39,16225396;27,1572165;25,67405349;5,497736213;5,895569501;5,559461755;4,442298028;3,944948661;3,912726821;21,58034156;16,12566048;13,6494221;12,00314177;10,93575575;10,89976602;13,01921863;19,63360437;14,36066036;46,01822308;38,82397991;50,20856546;17,38053815;16,78572588;21,68720047;10,84100036;16,80886942;10,91379563;14,46824711;25,32873017;29,48635792
489,268;69,17970499;73,96189035;70,25258875;29,94908785;19,56381304;25,7927137;8,271647242;7,122858533;8,608724358;11,6407221;5,804328053;11,54936609;17,95296917;75,75078547;57,88377802;42,50864923;41,7109986;27,1680676;39,5176862;37,13768362;46,79707684;9,361513523;12,23277089;9,988315082;1,789945494;1,555225322;3,053755845;40,69562022;45,38015421;27,5987585;39,01422302;27,08315032;25,61314528;5,501297342;5,875177191;5,538592293;4,438641484;3,963125583;3,91783313;21,53148408;16,09118063;13,68221602;11,92914167;10,91692617;10,86725808;13,05865783;19,68136803;14,35978988;46,09291117;38,81786002;50,27810661;17,3680005;16,7640608;21,77033338;10,77154545;16,8722985;10,91090983;14,4391053;25,0948043;29,2772702
489,855;68,29645905;73,00613484;69,31038703;29,80655097;19,4510833;25,64725042;8,268211902;7,10132207;8,593295883;11,7413098;5,811473668;11,63200023;18,05063238;76,12570972;58,05519507;42,28499503;41,36983475;27,10818087;39,46489714;37,22845619;46,73812847;9,231323215;12,05131371;9,835358114;1,748285067;1,529154139;2,969605049;40,72792802;45,37885146;27,68809213;39,02330707;27,06107554;25,60816676;5,442980093;5,835210735;5,515769684;4,405921901;3,935004602;3,899679433;21,49164023;16,05424359;13,67772554;11,85727401;10,80468057;10,80065696;13,10140176;19,76836529;14,40302659;46,18574095;39,0292757;50,32344832;17,44664325;16,82178355;21,75168374;10,78198029;16,84728583;10,9488392;14,33565753;24,88135491;29,05094359
490,441;67,45341628;72,31924422;68,63471693;29,67551189;19,31386827;25,5904037;8,215609357;7,059982267;8,572145147;11,83990387;5,843273907;11,67584792;18,06317668;76,22872197;58,01776061;41,98536988;41,07636263;27,0164319;39,57754382;37,20006077;46,66580391;9,047025607;11,94799817;9,610271607;1,73264096;1,503378814;2,916335869;40,71972583;45,37107923;27,59399662;38,92189706;27,02827317;25,5497576;5,408678885;5,828859899;5,47929756;4,378237187;3,939941357;3,901994839;21,47721727;16,07176302;13,68388663;11,79031823;10,74942467;10,69074063;13,03501884;19,75779136;14,38024339;46,290909;38,95628143;50,45739644;17,43674746;16,80521141;21,71626615;10,7928562;16,88009479;10,94899212;14,07580827;24,67375323;28,83086238
491,027;67,04851314;71,88824911;68,23187848;29,62569266;19,36379435;25,49646729;8,236342512;7,069903708;8,566839822;12,0144466;5,930087821;11,85229747;18,26551332;76,71967079;58,34029832;41,95543982;40,97300115;27,09147508;39,67816247;37,28877937;46,93186026;8,998616777;11,89140771;9,563376494;1,658782163;1,434011799;2,860255302;40,77098408;45,50104416;27,73298534;38,88580014;27,00801589;25,55668184;5,393625271;5,806945702;5,456665575;4,399198617;3,923482947;3,921134989;21,50213309;16,11424909;13,69903851;11,75925573;10,76930812;10,68345046;13,12185365;19,8559069;14,48629125;46,60736817;39,41386069;50,74331837;17,54476569;16,90220305;21,81552313;10,79967007;16,97941072;11,02184073;14,11509155;24,59839572;28,78858393
491,613;66,95366499;71,62996118;68,19566876;29,68933608;19,44313377;25,65744297;8,232262051;7,092768881;8,566869542;12,18136683;5,941760623;11,99837976;18,40499215;77,01733572;58,48882777;41,81699276;40,76539675;27,116932;39,8539377;37,42143394;47,14101799;8,884288307;11,73009693;9,425361395;1,623665086;1,414232751;2,790683679;40,81025375;45,53185127;27,63634346;39,00496719;27,06535721;25,59237411;5,353548376;5,784189135;5,428741264;4,363842995;3,918246329;3,896127087;21,63097306;16,13873813;13,79330991;11,76994333;10,78715107;10,70427344;13,17114026;19,92285999;14,57075219;46,73544115;39,47240066;51,01417505;17,61702393;16,96715368;21,93353492;10,80377715;17,05003999;10,969797;14,00085933;24,50262878;28,52422391
492,199;66,76298959;71,54907442;68,06007942;29,64174668;19,3791932;25,55833262;8,262862423;7,092247028;8,529906875;12,33964053;5,989727459;12,12672772;18,5129407;77,44471324;58,74750961;41,72527525;40,74121818;27,2139282;40,05553591;37,52124483;47,32741474;8,829849224;11,73472161;9,351028607;1,628700251;1,360250147;2,770095996;40,96603122;45,78550225;27,83295872;39,14460387;27,13625743;25,67200247;5,31681606;5,783130225;5,387137533;4,342427219;3,9072721;3,886561872;21,66730727;16,22048671;13,82236481;11,74469553;10,75234758;10,66466698;13,28265391;20,01756903;14,61927158;46,93432579;39,76881744;51,19723754;17,67635017;17,10390026;21,95435444;10,87449727;17,08078384;11,0225695;13,98934378;24,35301293;28,47567573
492,785;66,0166193;70,74835336;67,27916958;29,54486088;19,28569302;25,49029796;8,226644972;7,086889607;8,526385667;12,43433086;6,017551771;12,23329498;18,60507234;77,69556411;58,75748122;41,70966384;40,71227037;27,3502901;40,24866018;37,66445876;47,57877003;8,761985699;11,69131732;9,246469367;1,584604815;1,315112424;2,767878032;41,00553779;45,85898347;27,87932296;39,10145739;27,17850541;25,79963421;5,320227328;5,752259829;5,379534024;4,33858267;3,909071665;3,878073164;21,64310886;16,17954961;13,82700172;11,6764939;10,69352232;10,6075157;13,20542516;20,05098051;14,60948204;47,0386386;39,92950163;51,33004451;17,75529164;17,16304046;22,14325569;10,80403713;17,09044279;11,04302371;13,85793074;24,29488877;28,29446274
493,371;65,01495904;69,71440779;66,27463847;29,43856106;19,28287961;25,35442671;8,198331343;7,065471248;8,514150826;12,52065093;6,040589294;12,30270402;18,64719267;77,9508518;58,88798454;41,43188304;40,39880791;27,29160359;40,18335085;37,67659428;47,55894902;8,667712329;11,56827578;9,090337349;1,57260555;1,329416385;2,721852178;41,03420779;45,82679015;27,92335078;38,88444418;27,10748173;25,649859;5,25653741;5,726019274;5,351621454;4,296218784;3,903722758;3,879182487;21,57547865;16,14740207;13,78257337;11,64839719;10,6660633;10,56162307;13,3141383;20,12798334;14,66900055;47,14467681;40,2073126;51,47379751;17,80177976;17,06969192;22,13205218;10,77438238;17,0636846;11,11696075;13,7281487;24,10325897;28,05155819
493,957;64,31210251;68,94738919;65,47210245;29,44832978;19,24387523;25,24219655;8,254452299;7,074171526;8,500800129;12,66522739;6,071423454;12,38811956;18,77458171;78,33163309;59,02151847;41,253981;40,17951678;27,35979017;40,26020257;37,57893155;47,55364658;8,590006559;11,43376007;8,99488424;1,553423448;1,294563799;2,696060166;40,95918573;45,8612433;27,94522112;38,928802;27,08434464;25,64109768;5,274561571;5,742560956;5,335835314;4,321560551;3,922701756;3,898668817;21,58275687;16,11361577;13,82806611;11,61557111;10,65939584;10,53323263;13,28315318;20,10227044;14,63421869;47,26048847;40,32974823;51,64702793;17,8459048;17,15022683;22,13212561;10,76069062;17,03640085;11,13301259;13,63011821;23,88411832;27,7677393
494,543;63,76416334;68,13378601;64,86841672;29,18702356;19,14357829;25,18012966;8,200342195;7,040136474;8,458133298;12,78005645;6,095672331;12,49865992;18,87706553;78,59362152;59,16311038;41,11487891;39,99274445;27,3434463;40,29908129;37,62354797;47,6891444;8,542344711;11,45771956;8,932986278;1,529828644;1,280027185;2,649821934;41,04601945;46,00634568;27,99335759;38,86335795;27,04629212;25,63972247;5,238261309;5,716162181;5,297211503;4,270097781;3,898873853;3,873514763;21,57270235;16,17204305;13,83728528;11,51520983;10,58474633;10,48678801;13,33328637;20,17114976;14,68862452;47,39961201;40,66674266;51,83595858;17,89765577;17,19988327;22,21556818;10,7751445;17,05904422;11,11776952;13,61727228;23,7680718;27,59366899
495,129;63,27795831;67,56783917;64,39808098;29,24800882;19,13788414;25,14877714;8,171325971;7,024338963;8,434116265;12,89980892;6,111576813;12,59286776;18,98875179;78,91181976;59,37318014;41,04552099;39,94139539;27,46539574;40,43326719;37,74852919;47,79240908;8,548823321;11,41205797;8,842934327;1,527463511;1,268862092;2,654694819;41,20452253;46,06940146;28,04739289;38,89924981;27,17148295;25,62090748;5,183333218;5,616549698;5,254943974;4,274911853;3,854379101;3,849359412;21,54116004;16,189379;13,83685593;11,43134876;10,57742923;10,48025445;13,35966758;20,17577502;14,72889796;47,76675537;41,04703437;52,07534833;18,01087512;17,32491438;22,35698302;10,71376971;17,16783465;11,2004105;13,53576464;23,61279427;27,2779814
495,715;62,80571856;67,30033925;64,13278265;29,1299523;19,04960156;25,16939072;8,150184526;7,024326709;8,415560762;13,06389799;6,155731463;12,75008218;19,04850364;79,18741931;59,54340794;40,99572388;39,78973146;27,4860128;40,53764601;37,7624155;48,13097705;8,449994781;11,3304462;8,750540615;1,529360721;1,252292409;2,601590555;41,21953637;46,09230109;28,05911916;38,85682262;27,20415825;25,6962417;5,160561725;5,611169989;5,227163533;4,262981624;3,877213561;3,855079867;21,64130568;16,21532575;13,90210034;11,47406907;10,5484903;10,44234498;13,34124298;20,29539621;14,79436767;47,90056308;41,41435947;52,33467281;18,0721414;17,30444494;22,3411271;10,76081671;17,13340834;11,17740003;13,42579679;23,37392759;27,14628896
496,301;62,35174173;66,6330694;63,64026889;29,07171622;19,09469235;24,98044804;8,157363663;7,01360296;8,390206021;13,17336245;6,175468945;12,81923822;19,1592027;79,52825795;59,69274742;40,7161652;39,5076925;27,52640136;40,61184393;37,87074912;48,14089341;8,317862714;11,14848559;8,615641132;1,446573501;1,201025529;2,564158992;41,25939863;46,19850812;28,12998198;38,93165341;27,18577221;25,76948532;5,134629231;5,582971446;5,203413675;4,247436225;3,871497681;3,855107328;21,56102409;16,19874839;13,95523247;11,44526165;10,52606572;10,376244;13,39501169;20,28114042;14,82011558;48,18335143;41,74389193;52,65311819;18,11012218;17,37055807;22,33350154;10,73048171;17,13619494;11,18617916;13,29398682;23,17376739;26,94489735
496,887;61,91146092;66,3468719;63,338038;29,07722872;19,12118028;25,03428923;8,137057061;7,000983177;8,374332268;13,33067672;6,214911589;12,96488025;19,24097736;79,78722649;59,78832941;40,69781122;39,47889555;27,58035485;40,78149437;37,90361029;48,36314452;8,244513437;11,07894264;8,565556645;1,45978229;1,213928507;2,517713635;41,398045;46,29325771;28,22163612;39,01256155;27,19350537;25,69157443;5,112082627;5,589594483;5,217354844;4,2255645;3,869256676;3,850267812;21,70605715;16,21803584;13,94863495;11,40210154;10,50230525;10,3631938;13,40008479;20,32542024;14,81613969;48,34272689;42,14488118;52,81298215;18,1672431;17,37799628;22,47959112;10,79011988;17,2212876;11,1787622;13,23465332;23,04555134;26,68352334
497,473;61,54255609;65,98495603;63,04150895;29,10104494;18,98796293;25,03449111;8,166734988;7,004805699;8,410950744;13,4250224;6,264521741;13,09373345;19,379168;80,00286598;60,02385555;40,6727809;39,43380887;27,66845068;40,97177021;38,15303487;48,56016529;8,199540516;11,02192905;8,444481286;1,43750161;1,172110347;2,46437822;41,36469426;46,33881384;28,2414395;39,08622133;27,24567468;25,81484899;5,12057903;5,598257248;5,197698018;4,253270935;3,871981362;3,868538806;21,61873861;16,24694182;13,99527898;11,29296766;10,44121086;10,28808559;13,4509453;20,41864101;14,87444599;48,58874437;42,34443359;53,13942504;18,19459882;17,48511692;22,52351558;10,73534153;17,19243663;11,30525915;13,03332269;22,84347615;26,61321233
498,058;61,19620797;65,42778308;62,66337048;28,97168389;18,94353807;24,96371472;8,108048574;7,068498703;8,384658363;13,5375512;6,278249757;13,15360474;19,37622739;80,24631061;60,16706927;40,61068018;39,19749173;27,61786523;41,06108565;38,14707024;48,74632691;8,103257579;10,90601278;8,399136575;1,397230962;1,152595706;2,449043529;41,5063709;46,45319133;28,40680327;39,19020439;27,27636229;25,80865836;5,095596691;5,55384856;5,158830726;4,207976743;3,870442018;3,865836219;21,7218239;16,32023072;13,98554489;11,34037709;10,47749674;10,32083657;13,47745263;20,44811053;14,85330347;48,65635693;42,72991852;53,42105375;18,28719198;17,60987057;22,61629585;10,82921474;17,26737852;11,34344277;13,02660394;22,71154019;26,33509606
498,644;60,81238678;64,99005769;62,27316348;28,97072117;19,00599713;24,93146434;8,153473939;6,997464586;8,33479521;13,6973131;6,346485876;13,28107396;19,52012867;80,71670382;60,40357111;40,46398353;39,06876638;27,65726674;41,15984639;38,18974104;48,88828095;8,035334115;10,90038989;8,35246293;1,452846043;1,12983722;2,412120733;41,76724565;46,54758434;28,47854637;39,13674219;27,25262667;25,83907465;5,070592204;5,543962329;5,160975727;4,224023464;3,886110841;3,865587581;21,72048229;16,22526245;14,03946089;11,2558631;10,42941026;10,29256266;13,4878105;20,46346382;14,89544124;49,13117016;43,18594241;53,75354444;18,4223908;17,65994368;22,71892301;10,88738515;17,35035504;11,38217659;12,89398324;22,46227646;26,18689227
499,23;60,28728843;64,45749649;61,70973966;29,01255999;18,84045364;24,85636646;8,117442872;7,022636797;8,369596219;13,79910649;6,340028496;13,472491;19,59189949;80,72408918;60,57904729;40,48400472;39,00874605;27,74091588;41,30814;38,41184856;49,09276022;8,017898479;10,82037361;8,218764174;1,347613616;1,121402377;2,384544323;41,75549773;46,5886082;28,45751664;39,19644326;27,26796156;25,85464727;5,046833257;5,514972396;5,153618501;4,173945208;3,85563801;3,856658309;21,83815448;16,32079696;14,0945273;11,25101641;10,48904685;10,31900393;13,50730895;20,49983681;14,91727945;49,39060281;43,58489766;53,94125815;18,46791663;17,75340632;22,6948472;10,81803978;17,29551865;11,34926443;12,88606769;22,33459391;26,06647198
499,816;59,92471746;63,94813054;61,24483363;28,93746356;18,81187343;24,89656644;8,086814086;6,958183845;8,30443795;13,91860293;6,382814004;13,55587567;19,6356147;80,99822376;60,63971341;40,32047243;38,95668327;27,85241349;41,42604777;38,52603786;49,34847677;7,960332035;10,82385038;8,111419659;1,351778747;1,079024413;2,331091392;41,68499762;46,67585115;28,54124094;39,2943725;27,31047231;25,95475759;5,001441073;5,479237693;5,114194678;4,15710966;3,858852043;3,855094416;21,75015733;16,38919213;14,10192844;11,22526406;10,41394282;10,28507011;13,49626571;20,57521249;14,95358529;49,67156137;43,95971322;54,31081304;18,53421661;17,7474062;22,75103655;10,8081752;17,34286519;11,35210455;12,71193713;22,15598126;25,76692884
500,401;59,39939176;63,53177049;60,88694496;28,92274192;18,89742797;24,81671111;8,138022624;6,974733083;8,332380439;14,05946294;6,412408473;13,65466321;19,74445333;81,10654644;60,74348307;40,33333547;38,7798611;27,95505567;41,56983317;38,56261893;49,5222884;7,949212093;10,71520029;7,98499885;1,290809773;1,104048852;2,271648625;41,95716025;46,76495036;28,73002433;39,22745068;27,21426268;26,04266577;5,018388201;5,470731726;5,103572616;4,173869329;3,847619872;3,844342717;21,8508648;16,31874695;14,14479882;11,18586496;10,37786256;10,28504513;13,59014532;20,57135755;14,99495377;49,63054231;44,21677049;54,42972895;18,64246806;17,85655245;22,96453223;10,84501571;17,36942446;11,44451874;12,58683653;21,97062845;25,60109579
500,987;59,10091708;63,08670039;60,37599894;28,73877202;18,84906396;24,72630938;8,143912863;7,016855506;8,286288904;14,12167362;6,45407697;13,79746534;19,86110531;81,44053366;60,91052028;40,12410567;38,63729942;27,96188066;41,58310819;38,62610789;49,69054222;7,965018584;10,72040946;8,029377717;1,250104902;1,052091232;2,251252011;42,03252286;46,96853647;28,81223539;39,31989107;27,27996599;25,88999485;4,969436238;5,495868038;5,057217594;4,170052999;3,854749857;3,854545972;21,87035685;16,43819818;14,16632674;11,18553582;10,3800487;10,2432585;13,56216863;20,55892824;14,98562386;49,90186304;44,6785803;54,70744968;18,64210213;17,92949081;23,08782889;10,85551874;17,43593569;11,50243565;12,57642901;21,86812521;25,36776747
501,572;58,66631647;62,627331;59,88800645;28,75171171;18,78696034;24,66300806;8,083035129;7,036376157;8,305019024;14,2937574;6,496983513;13,90178899;19,83904148;81,55636439;60,99893987;40,23611475;38,57930246;28,03069306;41,76512024;38,8695976;49,93385962;7,828804035;10,64464019;7,943285584;1,227070452;0,982657447;2,248269569;42,14637715;46,91979052;28,70643645;39,38715704;27,3391273;26,08115333;4,914788762;5,448024855;5,046434961;4,124349232;3,83614186;3,844515776;21,87153039;16,45254244;14,10588384;11,18135987;10,36550923;10,20716663;13,53430045;20,62553198;15,00993377;50,32219442;45,14653855;55,18780668;18,77961555;17,94350134;23,22430082;10,87492926;17,47071915;11,53799679;12,52007588;21,71417494;25,26940765
502,158;58,22587168;62,14155518;59,56770739;28,60252115;18,6396703;24,51311006;8,06318497;6,985920018;8,283465733;14,38198766;6,51192465;14,01620679;20,00049588;82,07589018;61,26964405;40,05751905;38,47562343;28,10838434;41,96913724;38,81617612;50,12559913;7,776868137;10,63503896;7,861121905;1,263539783;1,024250267;2,244067063;42,21031922;46,98231616;28,89930347;39,36991457;27,38370664;26,0547974;4,917483782;5,420059058;5,016712952;4,134802122;3,824347864;3,862475992;21,9241451;16,36461169;14,19977898;11,16419121;10,4112552;10,20599262;13,5725118;20,57839116;15,02189447;50,49767686;45,46228098;55,5777952;18,90695969;17,97028245;23,32178619;10,87220372;17,48399264;11,57777595;12,3638376;21,4962567;24,96377683
502,743;57,82570668;61,77005937;59,05747846;28,74389529;18,78188252;24,53591947;8,044485057;6,989983274;8,292469692;14,56274994;6,566973499;14,12098947;20,09691309;82,08807159;61,24223333;39,98706241;38,22677034;28,03349936;41,98889075;38,74792336;50,29451146;7,75649912;10,55597463;7,708669738;1,254623702;0,953184683;2,199010178;42,19183897;47,07994803;28,90259196;39,34394897;27,36579432;25,96446434;4,903135576;5,385786749;5,002894556;4,114412678;3,8206556;3,842561722;21,90709642;16,47466175;14,20919041;11,05359784;10,38895781;10,14438712;13,58976494;20,62647411;15,08071711;50,69741096;45,808465;55,67378568;18,88058435;18,08379701;23,29987804;10,89317198;17,49743196;11,59102555;12,36865294;21,36900122;24,8642326
503,329;57,47335781;61,42194423;58,62162493;28,54910584;18,70503966;24,4866524;8,108073858;6,972434431;8,252565563;14,70065399;6,6024464;14,2158105;20,16791126;82,17885004;61,48281634;40,00124472;38,1823188;28,25127565;42,25932343;39,07257227;50,6350821;7,705255011;10,52869458;7,610420901;1,240994418;0,997094899;2,185386802;42,5354691;47,32389291;29,00987274;39,54313109;27,33647245;26,12534736;4,875383264;5,398065814;4,964555632;4,094286274;3,849422467;3,833937973;21,94380566;16,53203116;14,29922395;11,07197408;10,37759768;10,16161155;13,54862226;20,70315157;15,1038943;50,86761693;45,8528489;55,86876169;19,1064193;18,26349675;23,47237819;10,93658875;17,66140686;11,73250069;12,23976448;21,27638815;24,68129896
503,914;57,15418564;61,07221498;58,26782586;28,58384047;18,77342081;24,52016532;8,089600792;6,992874082;8,277454921;14,78489243;6,619143161;14,44861206;20,20726155;82,42783802;61,62484243;39,87073969;38,05384731;28,26923829;42,39977232;39,1513911;50,81088915;7,66174382;10,49509313;7,582586788;1,193910085;0,964162576;2,176914393;42,5430667;47,35463973;29,11876792;39,61679644;27,3247875;26,17581784;4,899240429;5,364700573;4,98668249;4,137808443;3,855373271;3,87234714;21,96293512;16,63911799;14,19671726;11,0179807;10,27554355;10,11291635;13,64079394;20,68971841;15,06332085;51,11632443;46,3454701;56,1864737;19,08889941;18,32589498;23,66825954;10,93129259;17,61814147;11,66852915;12,17120803;21,12048195;24,60113684
504,5;56,68861211;60,68857171;57,80847671;28,66078232;18,63785746;24,47202897;8,079018704;6,950072283;8,26733043;14,93235844;6,695333482;14,57865308;20,29592356;82,6218151;61,62632506;39,79843978;38,08724196;28,37524707;42,5523611;39,26367158;51,19955618;7,555973777;10,45023224;7,595377718;1,19350286;0,959567134;2,128694674;42,6606209;47,48915814;29,20220446;39,58869946;27,46650606;26,20620305;4,841360114;5,373509958;4,957983403;4,122655875;3,858758509;3,865387121;21,98003438;16,55987249;14,30273058;11,07275509;10,3574001;10,09320459;13,60375279;20,66628292;15,05770752;51,40042418;46,61709579;56,64189975;19,27602726;18,39997781;23,79623941;10,93106253;17,67051104;11,78105519;12,06579968;20,82300396;24,33463759
505,085;56,31465209;60,19535468;57,45448041;28,54572404;18,66982685;24,49482947;8,062807646;6,972702188;8,179931022;15,05838829;6,695118201;14,65256531;20,31184968;82,74477753;61,84367788;39,73559156;37,9286098;28,3465831;42,65770536;39,31341052;51,20850587;7,608683754;10,49042681;7,56537676;1,165006966;0,956488876;2,081996727;42,74027822;47,72610175;29,23473323;39,53492934;27,45085817;26,1825283;4,797059982;5,332573741;4,888941982;4,107264868;3,819842906;3,852044281;21,98841344;16,60017693;14,31200778;10,99792238;10,30185915;10,0129993;13,56108111;20,60439119;15,02065069;51,70246743;47,09212105;57,08270565;19,32474503;18,47898502;23,71768527;10,94932582;17,72534354;11,73648499;12,03738166;20,7043227;24,24377261
505,67;56,00335136;59,86112578;57,18390878;28,51254463;18,62597304;24,49801704;8,050343909;6,937385695;8,218471888;15,16721051;6,707446662;14,78254661;20,37806726;82,7752207;61,74394354;39,69519953;37,84275252;28,51289669;42,86519993;39,40650621;51,4509917;7,522492643;10,45425524;7,498850532;1,164711829;0,900204504;2,095351478;42,93473823;47,78642169;29,3537203;39,62276186;27,48709764;26,17734084;4,74964524;5,323633516;4,879165602;4,072267567;3,817239754;3,832351541;22,05716153;16,58483469;14,32889408;10,97799106;10,29344378;10,04677361;13,57091425;20,61921123;14,98343128;51,81419013;47,41660907;57,22821304;19,4676825;18,6198952;23,86698754;10,90260755;17,68066224;11,76817792;11,97271504;20,57990901;24,05385685
506,255;55,657719;59,40343297;56,70112484;28,45431914;18,63098793;24,35955558;8,028561054;6,936523469;8,170495688;15,24971078;6,705795618;14,84485795;20,44509086;83,00364185;62,06488896;39,63637543;37,85871764;28,69246644;43,01386833;39,59508134;51,82433247;7,469291417;10,32086924;7,3579635;1,114345797;0,858477279;1,980385313;42,92044799;47,79309122;29,37811431;39,64300913;27,54875928;26,27486061;4,707091837;5,271000231;4,828426322;4,044589687;3,788519345;3,802505696;22,09282855;16,69522448;14,37289344;10,98405786;10,29016349;10,04778051;13,51128596;20,55858663;14,98755801;51,99149332;47,66704518;57,30150401;19,41054298;18,55793942;23,7737811;10,85584163;17,67232771;11,76705713;11,8641566;20,3418068;23,73625756
506,841;55,14772593;59,02257179;56,19406111;28,4452486;18,56699237;24,3578895;8,088103133;6,915741361;8,172568518;15,40389477;6,787922861;14,95198351;20,44540638;83,1679741;62,16683014;39,58277799;37,59570351;28,66703329;43,12013574;39,62146523;51,93538425;7,504392877;10,3501225;7,344938004;1,189073645;0,909316792;2,079196916;43,0614032;48,03859865;29,54051236;39,72331787;27,51199548;26,29459715;4,763501371;5,273745397;4,861198931;4,051579866;3,840289637;3,845806802;22,18688301;16,73876405;14,38205352;10,95986788;10,29552452;10,05682665;13,5948506;20,56650687;15,02568121;52,10793501;47,94042978;57,60857424;19,62144095;18,78527628;24,09872734;10,90941033;17,78603897;11,84157026;11,8235912;20,18459495;23,61284136
507,426;54,90503308;58,65067711;55,83371818;28,29859271;18,53988225;24,29093543;8,098433723;6,949423828;8,202276131;15,52951543;6,770249755;15,07135162;20,50548198;83,46436553;62,18047906;39,38827037;37,60401414;28,69730283;43,18420145;39,6164649;52,22058898;7,422412523;10,27388177;7,271345215;1,178409336;0,854264623;2,077857442;42,90354409;48,09638567;29,60699661;39,76567127;27,44231987;26,32022943;4,718384308;5,264523617;4,813557314;4,066738167;3,824039873;3,823812408;22,21050988;16,79198947;14,39281934;10,98543484;10,26025485;10,05786155;13,64802422;20,55483507;15,05097394;52,28603798;48,25178494;57,75890813;19,60584771;18,70696786;23,99925787;10,82263268;17,77700028;11,91522304;11,67230455;19,90139064;23,44532871
508,011;54,49917149;58,09703644;55,60287207;28,36007219;18,6195594;24,38026429;8,053701735;6,95738049;8,213383606;15,64801023;6,795595001;15,12200275;20,53976213;83,35540086;62,24915707;39,43116161;37,45371595;28,7906682;43,31189325;39,74530383;52,4824817;7,402174472;10,25059076;7,282117033;1,13792172;0,849970671;2,015780004;43,2654696;48,29202762;29,71960918;39,81952292;27,51555158;26,24041613;4,710952359;5,2609821;4,830069441;4,063872509;3,83547937;3,843752119;22,17893126;16,69121209;14,3903147;10,87728104;10,27534305;9,942752204;13,62888162;20,58229671;14,97972564;52,53965156;48,53144739;58,00265929;19,84748551;18,84046049;24,12611147;10,94722739;17,81557417;11,95899102;11,61544927;19,80648632;23,2685778
508,596;54,14923298;57,75298393;55,30207992;28,35407637;18,53595218;24,20736392;8,050316344;6,898693968;8,18704911;15,73413449;6,846271955;15,2343331;20,55785374;83,2615848;62,28558351;39,35798687;37,43407632;28,81782047;43,41449849;39,90394946;52,69114784;7,330639537;10,21282191;7,182759589;1,071478375;0,806589095;1,943837784;43,25973926;48,30045107;29,64046253;39,9044347;27,5651745;26,31233024;4,662347578;5,243625223;4,784374045;4,056861527;3,787603716;3,845223386;22,2941163;16,79250573;14,4049704;10,89965727;10,17602494;9,887243064;13,54358187;20,57437402;15,00582157;52,62107676;48,84425545;58,17093804;19,88757098;18,89487096;24,23448019;10,86221229;17,78733156;11,92509645;11,52892155;19,53121118;22,97824054
509,181;53,74140172;57,42695787;55,00119113;28,22152103;18,47127279;24,19242917;8,061354156;6,956284519;8,190977545;15,8248137;6,843163309;15,38896278;20,64202677;83,67658592;62,45187215;39,36421865;37,29909454;28,84804482;43,6214446;39,92044752;52,95367405;7,297559591;10,22487354;7,193956593;1,066160975;0,777841024;1,927638878;43,29914771;48,35832182;29,87429525;39,85672375;27,5341523;26,29998118;4,670520113;5,191823374;4,810392342;4,022377048;3,816609225;3,84211133;22,27110827;16,83424358;14,49114605;10,8873201;10,27415639;9,982164133;13,5518995;20,51701795;14,9662311;52,78878251;49,27300609;58,49513315;19,92650578;18,9583519;24,32526705;10,83559242;17,78739182;11,99033998;11,45981818;19,44432341;22,93352159
509,766;53,54407977;57,09335571;54,71993334;28,19374594;18,40028338;24,18060846;8,02678429;6,950623646;8,160968135;15,95782007;6,892162975;15,5301174;20,58436014;83,61542294;62,49881144;39,27865762;37,13714308;28,87882768;43,67524065;39,98479344;53,17635368;7,282915901;10,10961894;7,079755918;1,107552274;0,819696137;1,948966855;43,39379907;48,37003277;29,71752061;40,02234874;27,63047163;26,3763638;4,638086739;5,182621018;4,775986803;4,025773273;3,800932633;3,861372674;22,30651005;16,88175248;14,47807305;10,85207083;10,21339685;9,942685843;13,50765686;20,4162905;14,95421165;53,02118746;49,51860814;58,74325603;19,98702343;18,95432305;24,33878483;10,86300093;17,8352048;12,00608274;11,35384245;19,24669446;22,61619529
510,351;53,17669919;56,72551896;54,2617944;28,04666699;18,4527402;24,15138588;8,059166141;6,944221942;8,148703044;15,98427958;6,901364271;15,55730538;20,61321295;83,91039015;62,59635811;39,30816915;37,23157543;28,88954828;43,81781284;40,16000473;53,33008796;7,283166036;10,05095183;6,999380164;1,046765963;0,788453253;1,955118383;43,60430829;48,60141305;29,93636192;40,12511951;27,59220459;26,41651381;4,612409387;5,142296562;4,738515625;4,04038382;3,801955157;3,848270454;22,27369867;16,88387597;14,54710829;10,86594519;10,21167832;9,959204746;13,45584509;20,45189305;14,97297551;53,20509121;49,88248962;59,05373675;20,08308283;19,05019426;24,39907282;10,83575266;17,88683041;12,08449178;11,31876574;19,05281862;22,38198255
510,936;52,99155984;56,53302608;54,09112038;28,15719604;18,40430154;24,15856678;8,032163277;6,97529788;8,176182098;16,14065577;6,96301451;15,67567351;20,70568587;83,79498158;62,73788503;39,17381513;37,16412034;29,08650019;43,94348511;40,21936116;53,60706479;7,183992105;10,00314727;6,949847576;1,107440077;0,83851995;1,973955663;43,66748163;48,72065226;30,08510716;40,36410728;27,67281469;26,48889611;4,640461984;5,160103364;4,740513414;4,032193575;3,838524265;3,861109123;22,27697237;16,92111675;14,50061105;10,81829707;10,2379672;9,902996743;13,5279599;20,43273722;14,97074503;53,45835717;50,28489949;59,24066209;20,2122344;19,30877588;24,587338;10,88880819;17,90705527;12,09892627;11,15279579;18,92679161;22,22818898
511,521;52,55424558;56,16744981;53,75485242;28,15183811;18,43065723;24,17126676;8,035737913;6,941883467;8,088321116;16,21220875;6,956794421;15,70393931;20,73071693;83,73839852;62,50473338;39,15668395;37,09586109;29,05386282;43,91879688;40,20828894;53,52656971;7,196910184;10,02304793;6,926869717;1,036015484;0,788327222;1,927349065;43,56965644;48,68502825;30,02167898;40,33642848;27,69744705;26,47081676;4,576475516;5,164433376;4,691349901;4,022967728;3,783983311;3,817829878;22,43557197;17,01187316;14,53200112;10,82669759;10,1941032;9,896680757;13,46206696;20,38894481;14,90013366;53,48906349;50,71588746;59,31334006;20,30629586;19,35814557;24,73604236;10,80937764;17,83017216;12,11818145;11,13153532;18,76697063;21,98190877
512,106;52,25513521;55,69036382;53,11579688;28,1590949;18,41323977;24,0937816;8,023063858;6,889843212;8,100611634;16,24134107;6,980744378;15,80312194;20,70497689;84,02246859;62,66938083;39,00378629;36,90357686;29,0919527;44,11252187;40,25914214;53,73750818;7,143637653;9,936337758;6,857005668;1,066042668;0,795506465;1,935451811;43,74350221;48,83130893;30,07725412;40,32867346;27,76447473;26,51015008;4,533703015;5,081070148;4,64163966;3,989681519;3,776625168;3,804750794;22,49686286;17,07655985;14,57865431;10,88025862;10,13983587;9,907753454;13,44623143;20,3162581;14,88304252;53,66533277;50,83029216;59,53029876;20,40978759;19,43133828;24,9345854;10,8807614;17,89784099;12,23134476;10,9867543;18,57684775;21,75158204
512,691;51,79988375;55,34564266;52,77436366;28,09247713;18,35743821;24,07744456;8,005461048;6,920206838;8,09141479;16,36091039;6,985062113;15,90940348;20,68731523;83,94326043;62,80153723;38,91011459;36,84421551;29,17085668;44,12825343;40,38213997;54,08724562;7,076761034;9,999463576;6,822437323;1,02793483;0,758984197;1,885103574;43,8407817;48,91684332;30,30629183;40,46288055;27,87344472;26,51357776;4,563213049;5,090973708;4,665411872;3,980542842;3,785398363;3,806026192;22,5489267;17,09589524;14,50944795;10,83979708;10,1896841;9,886815165;13,42393212;20,24186667;14,82385577;53,8163703;51,09422738;59,72648042;20,43587582;19,48868872;24,71965804;10,8197472;17,84145099;12,19106827;11,01614547;18,40238724;21,68133981
513,276;51,58298572;55,03402735;52,38365538;28,00302496;18,27160508;24,10214482;7,955452987;6,860263521;8,053632948;16,39513391;7,002970466;15,9203991;20,75496501;84,15138203;62,86929928;38,88772698;36,81887247;29,19208505;44,1679647;40,48199102;54,23801949;7,144491964;9,890872804;6,813689556;1,012820117;0,740451205;1,872757408;43,94766452;49,11275945;30,36628138;40,56195537;27,81056036;26,59660834;4,522080333;5,018840778;4,621130268;3,953316793;3,759597876;3,791503606;22,48648831;17,10716227;14,56401444;10,75833298;10,14802308;9,870783064;13,39901227;20,21670239;14,85196535;53,92397122;51,51653181;59,87328877;20,5714275;19,53070848;24,99143301;10,83079392;17,89845437;12,22837142;10,88068368;18,33665336;21,44298189
513,861;51,25320537;54,60495398;52,16887533;27,93274062;18,29594011;23,95689123;8,004224451;6,878300695;8,087118423;16,51112741;7,0422181;16,07918726;20,75882947;84,32088015;63,03037597;38,82376027;36,75563861;29,21288124;44,36838143;40,4250248;54,24369346;7,082295258;9,84060918;6,777938567;0,969492468;0,738168725;1,838183386;43,96237374;49,22750203;30,38070657;40,45628251;27,75149272;26,54691219;4,503001367;5,031553306;4,627520657;3,989160249;3,775983846;3,803659906;22,6288298;17,15588007;14,61204143;10,80424791;10,15772163;9,906638132;13,38181303;20,26656566;14,83857227;54,095145;51,5058261;60,12782923;20,67551465;19,70918874;25,02722635;10,81737691;17,75657495;12,20849732;10,74287959;18,08098492;21,28309714
514,446;50,8382693;54,33121047;51,82106465;27,91674988;18,24523883;24,05378378;8,009706649;6,914497491;8,029206086;16,65147986;7,073521518;16,1458348;20,7307566;84,32164688;63,03991487;38,8104553;36,65686824;29,242716;44,43168239;40,50528575;54,5248156;7,090208465;9,879225097;6,70620497;0,949023896;0,723713011;1,832040425;44,03311248;49,2685606;30,40380628;40,44864261;27,86879233;26,63162833;4,515964394;5,038319007;4,627804711;4,010194597;3,823340931;3,855144392;22,60981571;17,2138057;14,53687777;10,75935431;10,13407122;9,834899758;13,40740687;20,20341033;14,78639893;54,08410075;51,70394954;60,24630928;20,72324934;19,75309573;24,99977664;10,81940772;17,69296697;12,20474139;10,75411123;18,00144361;20,96969123
515,031;50,51664801;54,01149281;51,44436806;27,94812698;18,20597147;23,93265609;7,971057921;6,876386271;8,026885612;16,6799006;7,070917833;16,19486945;20,77983432;84,25437326;63,11346888;38,70447202;36,67917078;29,21917752;44,38235701;40,425996;54,52525383;6,985532146;9,780583809;6,565752993;0,968478336;0,696967989;1,85715413;44,06034908;49,47117699;30,61522934;40,51842026;27,88824956;26,62094404;4,472176146;4,987805645;4,586602197;3,962204562;3,798053894;3,822031193;22,63297364;17,18993897;14,64015384;10,79124283;10,12734214;9,851000082;13,34182254;20,10075534;14,78065384;54,27743471;52,0357836;60,40374274;20,86414768;19,79365067;25,18213675;10,84273037;17,71719;12,36293936;10,66907226;17,68151118;20,78174035
515,615;50,13200825;53,60662062;51,19306431;27,75935641;18,17992916;23,78898002;7,968635674;6,895629628;8,054082248;16,70512826;7,075916147;16,32367329;20,76061729;84,36011272;63,198199;38,70284328;36,57373335;29,21703684;44,49604807;40,58023427;54,71266898;6,998954223;9,809241173;6,630320451;0,959729069;0,737962272;1,772715233;43,98379164;49,47034557;30,59072109;40,56418295;27,85221034;26,65635704;4,437291146;4,996790697;4,564322335;3,950893677;3,790577124;3,834924153;22,65153475;17,28090805;14,68566051;10,7829825;10,11147094;9,864633085;13,35961656;20,06010972;14,78012223;54,1961635;52,09914971;60,27650308;20,91361698;19,73149576;25,25294552;10,80869053;17,67479246;12,2782157;10,61273706;17,58107147;20,67554976
516,2;49,82329968;53,32200623;50,89034983;27,79108963;18,2354765;23,92117554;7,959480177;6,929750833;8,005752755;16,76728782;7,084669594;16,29039417;20,70798662;84,25530551;63,12660434;38,69072373;36,57217095;29,25900366;44,46455309;40,50638206;54,70676278;6,978232996;9,808259515;6,546876893;0,966275064;0,666087494;1,822623507;44,32824377;49,45500041;30,72269861;40,60190233;27,86655763;26,65078542;4,419308965;4,992558356;4,565094661;3,958220625;3,788824726;3,823221399;22,622961;17,28972891;14,68062662;10,70712105;10,09538543;9,798816317;13,2925146;20,05404277;14,64304839;54,56667778;52,4446115;60,5613861;20,96575771;19,89393559;25,3165362;10,73609266;17,70669157;12,25568369;10,57392228;17,50913155;20,44803072
516,785;49,61608338;52,9847882;50,56383312;27,74766025;18,14317582;23,9281357;7,937484103;6,853805892;8,003818484;16,85272379;7,068971484;16,42395185;20,79462026;84,46499563;63,25861503;38,62279345;36,44977532;29,28280073;44,47113503;40,47532413;54,77302734;6,987496656;9,775512767;6,555534848;0,956863212;0,689828258;1,814523665;44,41245383;49,57252171;30,74335212;40,70445918;27,91152924;26,69211097;4,381629206;4,929063752;4,515207073;3,929879861;3,767290238;3,774126805;22,81801228;17,36581028;14,75701456;10,76730669;10,15835649;9,818523631;13,26302015;19,97289547;14,71558579;54,50465442;52,68513761;60,67472965;21,03773801;19,97930998;25,25698886;10,76859802;17,63102086;12,28108899;10,52887639;17,37784393;20,3788386
517,369;49,13415756;52,52840891;50,3238204;27,52848345;18,05818686;23,70163376;7,905131632;6,837262959;7,9572286;16,86636989;7,133847023;16,44254413;20,78618992;84,32801043;63,21644883;38,62513972;36,38083304;29,28974033;44,62056204;40,45194684;54,84548114;6,94689214;9,656000043;6,466688756;0,928418241;0,641615132;1,761401316;44,31846603;49,62656049;30,8447483;40,68779858;27,92764485;26,78048586;4,381269336;4,887398133;4,495640462;3,911031776;3,760104016;3,793435075;22,71775216;17,48877892;14,76985458;10,7678489;10,10511218;9,856126498;13,21157877;19,90002572;14,65585894;54,47273957;52,72817479;60,82838438;21,10934077;20,00102955;25,20067968;10,72312035;17,55525232;12,26901194;10,39942153;17,18966698;19,9631345
517,954;49,0458489;52,37758664;49,94802261;27,62149806;18,05683699;23,8786113;7,958686911;6,881624869;8,015427606;17,00040672;7,15169445;16,57316454;20,78162427;84,44822698;63,24941049;38,62131312;36,28223629;29,30552336;44,67216633;40,57527637;54,98116137;6,930192128;9,696301319;6,414319104;0,935669353;0,683860873;1,750826885;44,25234742;49,65053733;31,01419439;40,80333908;28,03656339;26,85524905;4,413620097;4,94388081;4,510407452;3,953324787;3,780772744;3,805780347;22,8820678;17,49737681;14,73620885;10,71696978;10,07088487;9,81413488;13,23040179;19,8596989;14,62388195;54,5397061;52,9742371;60,81509565;21,23983278;20,16065418;25,41072446;10,74843927;17,51321089;12,20426233;10,34289484;17,00841584;19,87976262
518,538;48,7957777;52,10972644;49,75427185;27,57538956;18,04967542;23,75569462;7,883372876;6,881047612;7,965347832;17,08928535;7,120400168;16,56066721;20,77099606;84,39339903;63,19585115;38,49841899;36,21928413;29,25654087;44,67478978;40,6435979;55,11655525;6,838385027;9,643387457;6,419532232;0,914441762;0,659412212;1,793422976;44,38443212;49,62121434;30,94774046;40,94101424;27,99355428;26,7785312;4,359456119;4,879941908;4,463939471;3,893433121;3,765032364;3,781354134;22,80788328;17,53187339;14,69918353;10,7066545;10,04773676;9,744758384;13,15621342;19,75689758;14,56568468;54,7871545;53,50715524;61,19771502;21,22671048;20,22988743;25,40449942;10,68954203;17,5712622;12,2746974;10,31201123;16,78812046;19,71836263
519,123;48,54281114;51,73146917;49,39826018;27,46194443;17,98509413;23,71144765;7,936573632;6,852752052;7,9873528;17,08985147;7,165934986;16,69008783;20,77793964;84,19922336;63,26410054;38,55711537;36,28028693;29,38354787;44,68196045;40,63679828;55,21650567;6,910012021;9,656519978;6,439675403;0,883806291;0,652760179;1,708595194;44,57858377;49,78731642;31,16197024;40,97841922;28,07329045;26,85992167;4,349849429;4,875466764;4,500833914;3,945421961;3,778936902;3,811625747;22,87263521;17,44786904;14,7059694;10,59436462;10,02542028;9,710578644;13,09718282;19,68495151;14,50384096;54,72805318;53,49307732;61,1757256;21,45068512;20,30378916;25,42274617;10,60127633;17,48328967;12,18810815;10,24015523;16,70136319;19,56518792
519,707;48,21221026;51,43398987;49,02840136;27,56980924;18,09410495;23,73988566;7,914838866;6,83690543;7,996117204;17,13875072;7,201209957;16,80822855;20,80144972;84,40462872;63,35438371;38,44925598;36,06768809;29,24712036;44,6772894;40,59057957;55,21182329;6,921263094;9,62096053;6,43721695;0,838456231;0,584355638;1,698500267;44,65000768;49,70133295;31,19579216;40,99219473;28,04882764;26,75569126;4,343855512;4,846535711;4,477613452;3,918177634;3,779544333;3,831378355;22,77593737;17,60254494;14,71681872;10,66616333;10,08709892;9,727301592;13,06003226;19,68256485;14,50634271;54,61993399;53,47389696;61,21887551;21,45979031;20,37199131;25,51020228;10,65564292;17,40736134;12,13925083;10,2051515;16,57230666;19,26949081
520,292;47,97908598;51,07077293;48,64931826;27,55783826;17,95948158;23,69106274;7,90491633;6,833379225;7,936835076;17,12255507;7,17868827;16,87315281;20,80814152;84,40401811;63,25188703;38,38524767;36,01711605;29,35138495;44,61545383;40,44395348;55,15646648;6,867901128;9,648413296;6,392189057;0,906771811;0,60472749;1,674642162;44,62969628;49,91561484;31,3591688;41,06056777;27,99398829;26,8317153;4,315261585;4,818843199;4,449008553;3,90619145;3,755660719;3,788922765;22,85844402;17,71501268;14,75275904;10,67916848;10,14089633;9,765327444;13,06796745;19,60719877;14,44660767;54,58869438;53,66513962;61,05937396;21,54416437;20,42619495;25,55570562;10,62680841;17,43181582;12,09830871;10,12946676;16,32142788;19,1197699
520,876;47,47644263;50,6609938;48,13433348;27,47262628;17,96220026;23,63648246;7,957180671;6,820346105;7,90456226;17,21166332;7,197113934;16,93096435;20,71674918;84,36471961;63,40896778;38,21222862;35,87647971;29,29317493;44,46793414;40,37675494;55,06788986;6,860523837;9,598893655;6,359308473;0,911570714;0,634921896;1,733486646;44,8968747;49,85778437;31,45836012;40,98142602;27,97766704;26,79776926;4,367630891;4,828222821;4,452098945;3,946159238;3,814948778;3,805582135;22,84373914;17,79437938;14,75305714;10,61668127;10,05550107;9,759587717;13,08225034;19,62332651;14,4395846;54,79272127;53,75629175;61,2249125;21,66746427;20,47015283;25,71932422;10,58219859;17,29183121;12,14406681;10,07121496;16,2216333;18,95973738
521,461;47,253587;50,43348995;47,95063566;27,35675527;17,92716169;23,57665522;7,922473368;6,875903651;7,938383977;17,2584587;7,178344014;16,85060816;20,76251675;84,46827951;63,41648444;38,27287183;35,91377383;29,35396928;44,51365122;40,38041936;55,12260617;6,812895671;9,612638647;6,331853132;0,918288375;0,588420455;1,73415089;44,90427449;49,97344689;31,71315229;41,18585679;27,9440325;26,8571803;4,289305221;4,789869192;4,395533376;3,910427862;3,765371301;3,792435956;22,87285645;17,77576461;14,78417001;10,62749461;10,08713502;9,723811101;13,03951247;19,5288121;14,42153028;54,73088538;53,89421257;61,33080167;21,73982213;20,66179379;25,65813083;10,59051751;17,30912775;12,21325858;9,931817393;16,07477344;18,70628095
522,045;46,98344671;49,99931115;47,46403672;27,38060796;17,99099161;23,50094037;7,906882897;6,83722991;7,911925945;17,26465422;7,195407447;16,97924192;20,81997228;84,62690821;63,57483128;38,16154542;35,92042632;29,20174115;44,40416331;40,30105583;55,21134249;6,928057487;9,646002058;6,262305453;0,876232476;0,61962992;1,686892234;44,98923522;49,95620584;31,68668041;41,07451795;28,01718874;26,83905696;4,249494261;4,753363861;4,35496751;3,876452801;3,758273211;3,80246985;22,87575996;17,69883641;14,75770872;10,58799234;10,03860067;9,731199141;12,95467021;19,44295868;14,35764242;54,82285731;54,02198733;61,44040134;21,86202997;20,65352315;25,80296832;10,59929765;17,20797489;12,08842125;9,950564987;15,96015329;18,58295592
522,629;46,71274752;49,601798;47,27179289;27,42674487;18,00219141;23,50774577;7,908201261;6,810741309;7,90036961;17,25243459;7,180305509;16,96468364;20,75169766;84,55934313;63,56739774;38,10595587;35,79781924;29,22372705;44,3314503;40,29760094;55,30748511;6,83744754;9,652149668;6,289543636;0,888157394;0,607845383;1,623709114;44,99980361;50,07448199;31,72136269;41,0436865;28,02369195;26,86992693;4,247652836;4,748486043;4,366423937;3,90286205;3,75474302;3,792213906;22,933882;17,77410696;14,75080414;10,6290807;10,09750618;9,749949997;12,87168206;19,33285222;14,30551877;54,66027345;54,19142002;61,35460326;21,87003047;20,60694721;25,71593447;10,58840336;17,0775329;12,12455609;9,801379753;15,79611783;18,33383077
523,214;46,37714202;49,45688365;47,10987022;27,23155269;17,79461404;23,53687281;7,903833151;6,824565848;7,91337537;17,3574272;7,242851847;17,06840438;20,67437127;84,3995398;63,61112786;38,05177193;35,68833244;29,2259069;44,2403976;40,09408335;55,10269239;6,877810351;9,581065926;6,222854885;0,867218807;0,580800818;1,64227221;44,96176342;50,09032036;31,72809114;41,01049794;27,972717;26,81001697;4,24823129;4,750159934;4,385919412;3,888541795;3,742751777;3,812160897;22,841173;17,80548989;14,78247336;10,5892406;10,09158186;9,761989605;12,91802988;19,33067604;14,22888328;54,8428373;54,25920008;61,45898515;21,84230634;20,65039099;25,74581327;10,51117742;17,09301925;12,09417808;9,828838251;15,58891956;18,1662247
523,798;46,01107156;49,06283874;46,80278823;27,27221496;17,90471006;23,60389858;7,874759061;6,836955789;7,901398873;17,42355779;7,237683823;17,07012011;20,76299034;84,41488779;63,51143091;38,08468058;35,68805841;29,20613588;44,42606379;40,19986959;55,19315493;6,863341254;9,598087344;6,180588687;0,824655288;0,557661854;1,651501155;45,12896361;50,31040226;31,94503923;41,21885056;28,10881183;26,79784912;4,248230773;4,728977702;4,345511752;3,893053281;3,759103356;3,795886878;22,89803279;17,81538935;14,82855063;10,63070166;10,09340934;9,729082702;12,90106955;19,26954981;14,25385616;54,75368914;54,22119931;61,34199233;22,04796875;20,77454897;25,77701918;10,53315729;16,97439751;12,02819173;9,722518248;15,47369527;17,90213862
524,382;45,80305857;48,73806845;46,41872851;27,31961011;17,87499757;23,54141547;7,867408649;6,818200732;7,858433779;17,450782;7,235060705;17,15648879;20,62833402;84,44464363;63,60341096;38,02924486;35,62202791;29,30080841;44,27967767;40,14073133;55,10797115;6,855105906;9,565342597;6,198252093;0,848621131;0,574574779;1,625785757;45,12637466;50,18784815;31,89087179;41,30564446;28,14692286;26,97656778;4,21514298;4,71540508;4,328470163;3,90034251;3,774221013;3,780996827;22,96515843;17,89305304;14,77150366;10,61424223;10,04682073;9,693400175;12,86488767;19,19415164;14,20645719;54,77104271;54,39805212;61,62955982;22,10796316;20,82413435;25,80421446;10,51727438;16,89997274;12,12157475;9,67354811;15,38444956;17,8263222
524,966;45,57052602;48,60008113;46,31803016;27,31002149;17,78660291;23,54566402;7,861584304;6,832392145;7,848191193;17,48851295;7,249512132;17,21184134;20,65617473;84,24099517;63,6211002;37,96035972;35,4835842;29,18764549;44,32817683;40,13893209;55,02734615;6,793103703;9,478267444;6,094150171;0,853934594;0,565519505;1,635525985;45,23652455;50,25886011;32,01270195;41,37376964;28,09116571;26,88732401;4,189563685;4,681623666;4,31629908;3,877805982;3,756132154;3,79643034;22,97650037;17,85923385;14,7750517;10,54890067;10,03283962;9,686093502;12,77397065;19,08991718;14,1173232;54,70976228;54,52300659;61,63594311;22,1264526;20,84414614;25,82869922;10,45232582;16,77223212;12,04662526;9,585168864;15,16730676;17,53359888
525,55;45,40656541;48,34769677;46,10044876;27,19213975;17,80600559;23,41656425;7,870066178;6,834880578;7,870411382;17,56402263;7,250410405;17,30569722;20,60485966;84,05421709;63,54166061;37,78502655;35,50071289;29,03816251;44,15243144;39,95002002;54,97116394;6,789947961;9,459538915;6,079123118;0,798938319;0,57983946;1,604666299;45,1633269;50,09870517;32,15209702;41,46638779;28,21001302;26,88327483;4,209323244;4,702186082;4,336172048;3,894870723;3,778808155;3,827261283;23,02361022;17,98745668;14,82862912;10,59713689;9,987378164;9,745372472;12,70908964;18,97864973;14,00813059;54,71829681;54,67902978;61,61083586;22,18801311;20,93191699;25,8815663;10,48699756;16,80645435;11,9993243;9,538236508;14,99289824;17,37832375
526,134;45,22152868;48,24435369;46,00662694;27,12169701;17,84336127;23,40830256;7,894237842;6,868913234;7,909098476;17,64571883;7,270666962;17,35187791;20,68544221;84,09927215;63,49836734;37,86394897;35,41466634;29,14811254;44,33825848;40,03050013;55,12153987;6,808382254;9,523214621;6,170141367;0,768958367;0,536932216;1,584857248;45,19531197;50,19218473;32,11312419;41,50371583;28,27670195;27,01491506;4,190952878;4,68323219;4,304698724;3,895771923;3,771870145;3,822793818;23,07252968;17,94275266;14,7933035;10,51003949;10,02755912;9,726748551;12,68154922;18,92603286;14,02464596;54,54685182;54,68647316;61,5380902;22,31219553;21,03991648;25,88169908;10,43179285;16,58442219;12,00978809;9,545008079;14,94149109;17,31345651
526,718;45,00554949;47,99534715;45,85701831;27,28110418;17,8366103;23,47554518;7,858917704;6,819052455;7,799612123;17,57614724;7,26252072;17,4208812;20,58889965;83,89632847;63,47631445;37,75883605;35,470417;29,10597597;44,34649896;39,92250438;55,00229775;6,773450644;9,495478865;6,095858;0,811601495;0,563388648;1,622473731;45,27186138;50,18642147;32,30633492;41,59681734;28,25421196;27,06245531;4,153049188;4,628098634;4,276646093;3,863212241;3,748126889;3,804948443;23,07926848;18,00641741;14,84948675;10,5364625;10,02313923;9,680599453;12,61664286;18,7925228;13,91741902;54,41087309;54,81712098;61,62525203;22,42747163;21,09767447;25,92478876;10,39595639;16,46612131;12,00968165;9,486101353;14,87463456;17,07897009
527,302;44,76235236;47,72140152;45,58646864;27,26218333;17,75996972;23,42759567;7,853887316;6,806626826;7,87292097;17,64548183;7,254687668;17,54239054;20,66500446;83,94457073;63,69422472;37,83140271;35,41056115;29,15462226;44,27027395;39,9112096;55,09149002;6,803142559;9,463530052;6,058933548;0,768198919;0,538953845;1,604192871;45,1877557;50,21913352;32,36675635;41,77140922;28,24093207;27,01320204;4,166833681;4,607368231;4,256872363;3,849434569;3,737018282;3,787677636;23,00016801;18,0967916;14,82884965;10,52469777;10,01744257;9,615234602;12,54473849;18,71043932;13,85498003;54,6647075;54,93236419;61,78977907;22,41399008;21,19216769;25,88159113;10,42235253;16,42833594;11,95098105;9,430841643;14,74144166;17,02215212
527,886;44,56823468;47,52233725;45,48138294;27,16532304;17,79220806;23,39574499;7,863065217;6,792622721;7,860200176;17,68012433;7,254343828;17,48334234;20,60962481;83,72549722;63,63670725;37,68654478;35,30123744;29,11169804;44,21818784;39,68636542;55,01529785;6,744852313;9,422060135;5,99075999;0,771814644;0,522832704;1,530585588;45,31248095;50,35358093;32,41238358;41,75838033;28,22510105;26,98118808;4,142185663;4,631911043;4,252569727;3,862327038;3,741887587;3,779942945;22,97273062;18,1089109;14,74950896;10,52174884;9,973900783;9,568958594;12,50251093;18,67517165;13,82585294;54,44648229;54,89308729;61,69451888;22,42211541;21,2416481;25,91222459;10,46423514;16,3279731;11,91936255;9,309461029;14,47770495;16,82754628
528,47;44,62008503;47,49995784;45,42470028;27,14812821;17,84209122;23,5273406;7,869368465;6,862663812;7,869935972;17,78681207;7,320098266;17,67483719;20,62083893;83,62540528;63,53858975;37,75484303;35,27493482;29,10949396;44,18726471;39,81945724;55,04723008;6,721928701;9,343933771;5,949467749;0,742622574;0,500459567;1,528710827;45,44308051;50,41711151;32,58190802;41,81957988;28,19538453;27,10035501;4,165584217;4,622944907;4,261310131;3,871567388;3,762742206;3,810975196;23,11418312;18,16560774;14,80016151;10,54570715;9,964383636;9,62579693;12,50278838;18,5782958;13,75077912;54,54849082;55,11902804;61,79835137;22,55808234;21,44844134;26,02795599;10,43975828;16,26074575;12,00593186;9,251243237;14,34488145;16,7800371
529,054;44,54215275;47,39927542;45,3617896;27,11208441;17,7624611;23,46346584;7,867474021;6,868914133;7,881148259;17,85863235;7,346655222;17,72764819;20,66907592;83,63041295;63,64532852;37,73255079;35,35843657;29,16154908;44,28169305;39,73388429;55,17011594;6,735045314;9,408348065;6,012971888;0,745487367;0,473940633;1,474856767;45,42086209;50,4405248;32,58224462;41,97675253;28,23823079;27,11377239;4,149122466;4,603677914;4,240398651;3,868223577;3,75433701;3,815597308;23,08884389;18,2505581;14,86143672;10,47032966;10,06849343;9,640898981;12,42434728;18,47417168;13,72974408;54,48937997;55,03105939;61,61713878;22,49981087;21,46775424;25,9517503;10,42879472;16,06430535;11,93682522;9,228467961;14,24475605;16,5635304
529,638;44,21408801;47,02522414;45,03913356;27,03869785;17,66098953;23,32591565;7,838366538;6,832577248;7,852343558;17,80910173;7,34790776;17,6188598;20,46613732;83,35555132;63,5326473;37,72096648;35,33361513;29,17914005;44,15302957;39,75095062;55,09643022;6,761911449;9,426054212;6,020146381;0,706248063;0,437896562;1,453678318;45,34165148;50,32635542;32,59490218;41,92606187;28,30394785;27,16068033;4,09849335;4,578132155;4,202661818;3,853094079;3,74424199;3,798214389;22,99660575;18,12606075;14,83152221;10,42930679;9,993518495;9,561143477;12,32000699;18,31796137;13,66975609;54,21832085;54,99591537;61,49513717;22,47858049;21,4630435;26,03521963;10,30241489;15,94424958;11,8112076;9,180884323;14,10759885;16,43532188
530,222;43,73658434;46,54091645;44,56934693;27,01253381;17,65074759;23,3245992;7,865234852;6,851619593;7,861507;17,86760302;7,363747891;17,75162896;20,44863499;83,50952083;63,48793;37,62960467;35,22225251;29,1505303;43,94830546;39,53265569;54,83974684;6,77160487;9,388690154;6,007636188;0,729485501;0,43664966;1,506551669;45,41775131;50,39698339;32,74283587;41,83400896;28,26392275;27,07208434;4,111248986;4,574354038;4,219470399;3,868348462;3,754965919;3,802589396;22,98842018;18,21947242;14,86475078;10,48838238;9,981563094;9,640007472;12,30136593;18,32933765;13,58494351;54,03026097;54,94179912;61,244617;22,65928433;21,5939893;25,95892981;10,3112469;15,78844254;11,86564612;9,095493877;13,99610351;16,17725533
530,806;43,34410355;46,14366033;44,06700535;26,93290397;17,62990903;23,25069207;7,814445503;6,808914464;7,820160738;17,74553205;7,283453405;17,75260303;20,46863546;83,35368757;63,59436233;37,54663976;35,08735158;29,08599812;43,82582847;39,36186262;54,57115902;6,816487052;9,413173142;5,99169288;0,711170908;0,438973191;1,457257873;45,39435616;50,25403566;32,92677084;41,79099124;28,19296515;27,06916764;4,085974099;4,547821055;4,17294227;3,849863685;3,758763437;3,791658571;22,97690524;18,07926596;14,79743895;10,50854763;9,953377771;9,664473765;12,2360862;18,20198251;13,50272366;53,91340251;54,88043872;61,24490676;22,61022575;21,58190846;25,97925199;10,33741559;15,68834551;11,91445893;9,073094481;13,86618368;16,07811439
531,39;42,88945111;45,76004777;43,68907988;26,75798975;17,54993064;23,16715045;7,819774233;6,806492037;7,828138432;17,75671834;7,276738185;17,76356085;20,45551106;83,22629201;63,54994024;37,47663801;35,0410339;28,98342767;43,67310559;39,22708232;54,46724954;6,789236159;9,368067395;5,982035755;0,725482657;0,419666944;1,444638627;45,26634552;50,23314048;32,80668039;41,77868275;28,10380266;27,0183907;4,0754291;4,532285587;4,180712096;3,83855741;3,745810108;3,770475166;22,98981519;18,2394843;14,78174714;10,47916427;10,02437551;9,575107789;12,20880633;18,09177447;13,49094604;53,88604845;54,77969522;61,24908462;22,59315152;21,57609275;25,91987855;10,32503301;15,52716297;11,73133722;9,026182905;13,72911539;16,02421779
531,973;42,76029832;45,57556429;43,45085863;26,97783571;17,67247015;23,24386809;7,832484085;6,8233497;7,782945817;17,74153197;7,339293131;17,75359562;20,45486376;83,1128478;63,51186294;37,41477012;35,03758215;28,93622815;43,44256075;39,04277687;54,29804342;6,855883366;9,382778942;5,961420304;0,687364944;0,445092705;1,486831532;45,41930251;50,21538609;32,96348436;41,68833488;28,0156315;27,00550163;4,110554927;4,532686833;4,19946424;3,873771871;3,768401359;3,816022453;22,97909699;18,25121477;14,75472702;10,45837447;9,972259318;9,622371317;12,1865427;18,01531519;13,41182418;53,75161377;54,86151948;61,0052064;22,70553042;21,59146362;25,91578203;10,32545013;15,45874718;11,77866732;8,972958464;13,61620342;15,85234655
532,557;42,45550218;45,29363844;43,13980384;26,8316265;17,4947409;23,16739354;7,864226274;6,839240249;7,818576468;17,78305134;7,319968732;17,84712207;20,40787039;83,07199321;63,59706927;37,33593974;34,9054535;28,82671398;43,39748437;39,07472076;54,27418442;6,836183786;9,365324504;5,912215331;0,697448677;0,440816839;1,47463425;45,33998355;50,27693043;33,04177514;41,71371294;28,13963512;26,95813666;4,099177388;4,521017648;4,19683703;3,867221734;3,779816174;3,843518582;22,91304174;18,18731481;14,76384443;10,47074212;9,993842875;9,568389709;12,14484973;17,90615595;13,37273804;53,67401429;54,84612967;60,83396872;22,63051133;21,61926077;25,68365245;10,27331295;15,29820355;11,7070294;8,866527356;13,43755736;15,69067409
533,141;42,34832589;45,07379875;43,03002981;26,7142102;17,63114017;23,07153259;7,863939488;6,809328197;7,808883145;17,85799309;7,340746607;17,95057626;20,34007377;82,7712336;63,45530838;37,28515991;34,82671591;28,75798642;43,29993021;38,9670632;54,1401926;6,769420938;9,328210786;5,976000246;0,700154558;0,434091946;1,43112581;45,06143727;50,18149845;33,06663678;41,83408435;28,05059245;26,99875019;4,078861671;4,511934801;4,18007166;3,869357893;3,760871208;3,816903339;22,92075879;18,20529134;14,69451433;10,42656356;9,99834038;9,598433014;12,05388721;17,86476406;13,30450687;53,48634752;54,92803661;60,65834506;22,7210565;21,55659646;25,79512072;10,17664802;15,19262991;11,63815815;8,943339311;13,34378035;15,56665209
533,724;42,15404402;44,87077359;42,84576583;26,78810266;17,47374382;23,06697851;7,840635549;6,805883913;7,780604283;17,8725614;7,30619943;17,9652007;20,26165306;82,70529306;63,28704414;37,36946274;34,74623909;28,86083493;43,31228511;38,80229994;54,06002407;6,816932207;9,369019679;5,927897578;0,65663302;0,379871724;1,441601008;45,14849155;50,16656457;33,29823004;41,89604987;28,11541465;26,97385246;4,061859218;4,463054436;4,145798605;3,839006051;3,75083099;3,800282564;22,93396312;18,23144117;14,67404672;10,46053832;10,00092571;9,598413007;11,98798984;17,70138979;13,26046213;53,31761111;54,89728884;60,57684337;22,7676317;21,62686897;25,75064301;10,22628879;15,0706424;11,56028087;8,862209707;13,26071832;15,38876282
534,308;41,91442115;44,65873556;42,56594707;26,8455058;17,5066006;23,03557966;7,857364601;6,814660069;7,817795846;17,86274311;7,345879862;18,07294736;20,29184933;82,4879398;63,3335209;37,30761666;34,85443248;28,87464971;43,30513391;38,81277411;54,08866839;6,804714151;9,393018639;5,910963101;0,683714639;0,357566375;1,417613007;45,26489733;50,14264548;33,36784653;41,95188408;28,15868529;27,06321917;4,048115092;4,451676803;4,121769927;3,821343099;3,740075563;3,783304233;22,83190301;18,24955596;14,71644364;10,46424383;10,01542982;9,600328284;11,95707198;17,7055591;13,24613298;53,22942895;54,98885041;60,62186144;22,8712988;21,65432266;25,72150256;10,20398992;14,94360161;11,49444449;8,782577407;13,13197243;15,25663084
534,892;41,55387177;44,30209433;42,25087046;26,74871342;17,56783273;22,93416561;7,817171654;6,806117767;7,782101112;17,78995308;7,292672118;18,02234184;20,26481748;82,4347109;63,33479197;37,19137803;34,82313798;28,84417516;43,0988545;38,72239162;53,89493628;6,921147856;9,390595149;5,973052775;0,736166976;0,470581151;1,486151318;45,22190608;50,41747275;33,44252434;41,95260105;28,13853384;27,02342093;4,027554944;4,417641252;4,092852182;3,811745564;3,733514217;3,77807725;22,93739739;18,28683209;14,65892639;10,48287052;10,01140859;9,567351631;11,87463285;17,54411154;13,20406343;53,01760829;54,94248208;60,24979033;22,89904435;21,69877614;25,80490943;10,14669576;14,89881246;11,51886216;8,761377987;13,01991927;15,11553208
535,475;41,25138829;43,98162535;41,81409636;26,80949966;17,53006057;22,89068174;7,824179886;6,830380597;7,779326543;17,78374116;7,349792521;18,09602049;20,27695381;82,21368447;63,35534306;37,08267666;34,79089229;28,82010144;42,86877866;38,55951429;53,88533325;6,846203454;9,367394783;5,950362809;0,631875554;0,356426711;1,410590392;45,08502187;50,16300541;33,54555043;41,94651814;28,02601176;26,92640113;4,055113223;4,476196745;4,126614486;3,850781259;3,765860561;3,824745515;22,82124992;18,22627218;14,67026657;10,40974607;10,03174298;9,580835319;11,88537654;17,57265834;13,15025757;52,81088449;54,71455263;59,93718998;22,90395065;21,59368716;25,55481997;10,06130332;14,7215249;11,41633335;8,682356388;12,90987916;15,03340435
536,059;41,1172529;43,75882823;41,64847748;26,66374212;17,59178805;22,91541174;7,822751011;6,840122948;7,81987576;17,93378447;7,33925784;18,20134391;20,26361969;82,21912111;63,33985415;37,04315763;34,60267937;28,65098134;42,69656542;38,48833061;53,58795302;6,846449979;9,419263612;5,954422571;0,642554845;0,377070958;1,362706425;45,13867832;50,06157195;33,56802361;41,8709741;28,00038329;26,97327474;4,050734122;4,479549579;4,115669839;3,859067226;3,778781471;3,831081394;22,82531774;18,24864301;14,64572537;10,4622723;9,98324768;9,613420454;11,84719765;17,46780903;13,10145881;52,87752553;54,80788621;59,9176074;22,89639732;21,57278676;25,46434836;10,07905358;14,65397848;11,35588572;8,700370198;12,75725768;14,89074507
536,642;40,85389603;43,50979584;41,51844234;26,55989225;17,44160594;22,87958721;7,796863121;6,804665845;7,776367514;17,81541984;7,324959245;18,24771481;20,15434129;81,75637325;63,15215543;36,99488349;34,59254192;28,64100892;42,57612292;38,31762028;53,56871788;6,910191194;9,469491643;5,967198135;0,628134531;0,33636072;1,333270973;45,09212938;50,06789386;33,6761632;41,97817179;27,99866135;26,88216769;4,029477071;4,413225549;4,110461801;3,83185375;3,730460299;3,793717636;22,83620012;18,24362746;14,64563145;10,44056717;9,947170744;9,557901421;11,77242357;17,354486;12,98750932;52,88547521;54,84232629;59,71850695;22,84849016;21,68219575;25,47855348;10,04620242;14,47324188;11,3123233;8,655249862;12,65741952;14,74287294
537,225;40,56856114;43,34296207;41,21292611;26,57546385;17,39421154;22,78779511;7,814160399;6,800140778;7,766932682;17,849519;7,309826945;18,20770753;20,11953795;81,47761713;63,02655954;36,98564527;34,53941295;28,70701638;42,52104942;38,30901151;53,53943195;6,955918601;9,464666297;6,011325833;0,67949029;0,390219045;1,424014671;45,15122931;49,96366181;33,77325267;41,98612752;28,01426371;26,9657126;4,012969186;4,41900509;4,09918282;3,835909462;3,761459782;3,799258471;22,72276911;18,33390973;14,61953474;10,45308419;10,00779375;9,579877835;11,72444671;17,23049076;12,94385372;52,54798978;54,76796005;59,74633703;22,86602276;21,78105729;25,4216264;10,03221202;14,42710948;11,30802272;8,662511445;12,54949822;14,62567271
537,809;40,40225459;43,05305429;41,06852931;26,5869086;17,36838204;22,80120663;7,808454172;6,779882904;7,743045488;17,79787964;7,29848599;18,16638587;20,11263317;81,50150092;62,9199452;37,03290205;34,63492213;28,79082997;42,51968202;38,29594324;53,43312028;6,916527376;9,477639622;5,93985639;0,645508759;0,288390237;1,385004738;45,19106555;50,05741912;33,86599867;42,03293559;28,05451989;26,98076699;4,012244389;4,392892311;4,097114545;3,799423881;3,733737542;3,783104736;22,79928538;18,37154878;14,59273862;10,45095444;10,05886712;9,583491585;11,66592146;17,13345833;12,81229185;52,40446742;54,50002021;59,32788037;22,89889392;21,78025393;25,45217688;10,03608817;14,2569497;11,22609185;8,637303543;12,432352;14,39017858
538,392;40,24878822;42,77831375;40,76239762;26,594318;17,44433901;22,82724742;7,790240587;6,753121356;7,72625597;17,73744124;7,272086855;18,27401594;20,06023947;81,3319382;62,91661687;36,95394857;34,57831368;28,69484597;42,37487298;38,17675524;53,34357569;6,987944106;9,48370519;5,978295639;0,668622525;0,353868558;1,375297629;45,03615572;49,85828971;33,90837665;41,97498731;28,06245403;26,96802453;3,995253326;4,353326889;4,090768863;3,812609613;3,740662798;3,786716916;22,65884321;18,26324523;14,59620312;10,45089623;10,00293815;9,56468003;11,57630123;16,98048918;12,75051338;52,22481191;54,5502543;59,2650231;22,85392448;21,73436404;25,28224177;10,08107233;14,10095644;11,24809618;8,610644288;12,31388657;14,2951563
538,976;39,95537693;42,53978161;40,63580398;26,38669737;17,42676391;22,73732439;7,800387924;6,809398524;7,7702199;17,78316893;7,297859582;18,36100353;20,00714268;81,32528456;62,8486309;36,90001933;34,44436118;28,57387887;42,19921782;38,12951595;53,23967942;6,918422361;9,423672204;5,896171064;0,681698296;0,41971628;1,402257898;45,08622909;49,78598241;34,0174197;41,89562578;27,97558705;26,91216893;3,994068409;4,385844835;4,088070584;3,843510781;3,757714497;3,798096894;22,6222344;18,3590455;14,53951344;10,41768343;10,03392952;9,585999962;11,58962507;16,93068715;12,75692621;51,89953848;54,38431763;59,12832131;22,93231084;21,76642683;25,27664845;10,11590257;13,99416949;11,21584174;8,561202555;12,13373131;14,13413187
539,559;39,833744;42,37938894;40,37628503;26,4648733;17,40144803;22,72392759;7,759726189;6,80746825;7,755158789;17,74546347;7,29634552;18,38196857;19,98253353;81,013925;62,68869742;36,82318991;34,40414885;28,52102593;42,11078645;37,92967888;53,13502897;7,054452215;9,435214757;5,994335139;0,611151908;0,313925274;1,359306944;44,91310512;49,70787832;34,0535557;41,94902817;28,01720865;26,92832975;3,991443437;4,389832222;4,077710188;3,832156082;3,755882005;3,81304991;22,68593556;18,39868129;14,54682783;10,45450406;10,03571992;9,526365066;11,54403913;16,90439888;12,70568082;51,87186571;54,49536904;59,11666948;22,91197424;21,82290985;25,17915451;9,967733021;13,88099907;11,08473513;8,548905471;12,17966079;14,13024636
540,142;39,66868503;42,16143248;40,20758359;26,38833798;17,34997881;22,70136578;7,808718314;6,785297581;7,817023636;17,80276116;7,28018178;18,37957984;19,98722736;80,71072097;62,49800374;36,79020704;34,32762885;28,53033922;41,97998331;37,85178827;53,10964785;6,936392832;9,491583863;6,034405576;0,656594031;0,312777563;1,370763933;44,96057832;49,70244737;34,25520876;41,96149362;27,89758063;26,88622062;3,982795533;4,369028439;4,059563229;3,820235981;3,756498638;3,812156297;22,57573195;18,34551691;14,46240369;10,41992665;9,98674504;9,514863953;11,47970871;16,75321696;12,60939878;51,44896631;54,31725253;58,73000192;22,91581835;21,93105112;25,19677813;10,0257008;13,70172996;11,12656111;8,590403489;12,06063228;13,93102709
540,725;39,56472275;42,01390772;39,97511268;26,30266616;17,31502932;22,64002647;7,828367221;6,774621162;7,748672278;17,83949053;7,271350789;18,5125969;19,92235087;80,48338678;62,4098719;36,83839556;34,37932607;28,52292993;41,83360343;37,87403061;52,98476144;6,916341306;9,435849369;5,964558917;0,604079021;0,297661174;1,38900612;44,72977692;49,62650392;34,00829594;42,0010608;27,97808569;26,96960305;3,964511491;4,335817021;4,045667407;3,803855676;3,736788044;3,78344839;22,66756662;18,54868007;14,4670301;10,45062114;10,07933022;9,596907996;11,34672028;16,6574743;12,5390233;51,27397442;54,18450129;58,47695727;22,88968832;21,80527923;25,05291185;9,944872702;13,50200618;10,94715915;8,474229986;11,90726639;13,76732772
541,308;39,49595515;42,03864352;40,03741456;26,36636091;17,22105199;22,63210322;7,8328868;6,784852674;7,759396955;17,75494582;7,269566761;18,52050552;19,79667103;80,11169157;62,16869114;36,9381387;34,36734695;28,54999436;41,83615609;37,76089758;53,01593178;6,950398097;9,457498209;5,975469657;0,638468481;0,330064799;1,428701124;44,72211643;49,56894652;34,28451245;42,10734506;27,92384378;26,90430026;3,974212843;4,339846106;4,042329324;3,804869952;3,745074637;3,797728991;22,59219622;18,59409125;14,53580401;10,43953856;10,07120348;9,609455896;11,25812524;16,48330167;12,47283537;51,30468621;54,1122644;58,3901086;22,76825512;21,72693956;24,92921882;9,958718415;13,45920294;10,92951726;8,486890422;11,87521769;13,74293343
541,892;39,46500525;41,92595741;39,95495746;26,35063951;17,24179941;22,76494637;7,837499104;6,776942799;7,742211623;17,76482369;7,278792664;18,5980107;19,83610864;79,97815264;62,30758202;36,9587478;34,4968641;28,60505546;41,85057631;37,81745029;53,13391552;7,047450644;9,51373019;6,002635874;0,615115016;0,356532069;1,400192956;44,66053815;49,54765772;34,4186623;42,23789054;28,0528218;27,03859781;3,962081593;4,3163617;4,040847581;3,817215362;3,731609025;3,787621722;22,62623553;18,64373173;14,49295757;10,43710524;10,03405425;9,55178129;11,22158557;16,43227391;12,40213647;51,14472714;53,96244939;58,24135603;22,8549316;21,81824919;24,90688207;9,939398976;13,29285607;10,88811187;8,483776037;11,77523962;13,56052498
542,475;39,2399402;41,66984475;39,76389983;26,40185025;17,09720254;22,68488579;7,79962477;6,792413042;7,739441331;17,73836954;7,253951892;18,53169761;19,866268;79,70204481;61,95178109;36,98902814;34,49333946;28,65332638;41,86689117;37,74774101;52,93315337;7,011421868;9,495881258;5,985937969;0,63204975;0,323074376;1,363254322;44,54590913;49,50387895;34,42143372;42,1935797;28,00028334;27,04917154;3,949211262;4,334595221;4,000264903;3,806754572;3,741238245;3,770444916;22,53320856;18,62056305;14,47465037;10,43097609;10,01496621;9,584139083;11,17723328;16,27827072;12,33246506;50,77751014;53,9625036;57,98277978;22,73312994;21,75420562;24,959096;9,930969848;13,19305739;10,85146964;8,465609156;11,68624857;13,40869145
543,058;38,87305256;41,23231728;39,35577808;26,2053571;17,15274965;22,58569464;7,822494707;6,785668126;7,732113515;17,64981745;7,249771437;18,57253064;19,78130433;79,32360765;61,82465796;36,84052337;34,34122898;28,5465558;41,67492422;37,6046013;52,71714585;7,033286161;9,514902984;5,973353924;0,608812603;0,339830334;1,363812374;44,35020353;49,43716666;34,39760163;42,24548019;27,91504806;26,9412209;3,939921753;4,326999554;4,013075375;3,8259229;3,74524096;3,807797326;22,49734423;18,61894109;14,37432835;10,41004067;10,00989681;9,584576348;11,1396221;16,21367632;12,28515664;50,54526713;53,64710031;57,53101515;22,72280328;21,68058349;24,74618451;9,899365148;13,1118353;10,76037554;8,295286635;11,56045027;13,30752157
543,641;38,65866538;41,02065851;39,07125117;26,06011455;17,04494689;22,48206596;7,759863729;6,794687483;7,719200879;17,72364257;7,27720609;18,561655;19,72258959;79,26463741;61,81783245;36,76069601;34,22707986;28,45686496;41,44292054;37,47029144;52,59295423;7,148330037;9,481217821;6,027825605;0,574140605;0,290724409;1,332126841;44,29111783;49,04532699;34,44027404;42,07291532;27,84355607;26,7974774;3,934183882;4,301104831;4,029870305;3,802265453;3,730598725;3,811045428;22,43219295;18,56744164;14,39054009;10,39262183;10,02362672;9,522233741;11,05673;16,14120328;12,19741931;50,22174572;53,5229988;57,17668617;22,61863256;21,48829129;24,49821767;9,841895398;12,82647127;10,65057318;8,355952852;11,49026137;13,17892595
544,224;38,43413617;40,74529048;38,76526982;26,11807356;17,11500952;22,46486993;7,751213394;6,796031322;7,711422048;17,57611094;7,214351894;18,54570396;19,68680242;78,88527344;61,56693678;36,74182367;34,17850191;28,44835706;41,31455776;37,3188581;52,33943054;7,13278802;9,421785412;6,009408941;0,568854344;0,254781389;1,316463058;44,04281936;49,01181039;34,54549433;42,02975422;27,80043592;26,77861797;3,927258691;4,28180849;4,013744329;3,791086086;3,69108038;3,763680637;22,38038467;18,62996963;14,38973218;10,44022748;10,06316859;9,596492678;10,98807851;16,02728722;12,11892307;49,85659385;53,37060808;56,96850164;22,52399636;21,63194848;24,37459628;9,834152943;12,71754298;10,66011784;8,28514086;11,39112328;13,11638726
544,807;38,27226817;40,47138757;38,53106862;26,07278945;17,17270736;22,46850466;7,830315973;6,789010807;7,721089522;17,55270378;7,259951844;18,49375761;19,63556587;78,59853796;61,37755506;36,64104911;34,14884928;28,41960778;41,22234106;37,15049155;52,19093988;7,214487615;9,464964076;5,987402976;0,597237549;0,274484474;1,348697181;43,92177737;48,92548208;34,55246264;41,943921;27,66343234;26,73989719;3,945123436;4,26531062;3,97286084;3,788391178;3,742352351;3,782436519;22,23025806;18,6252609;14,32536635;10,39403674;10,01959344;9,532211509;10,94908847;16,02171749;12,0565409;49,76945764;53,12371054;56,86076126;22,61292318;21,50870545;24,33181777;9,842226131;12,62255851;10,56879786;8,30101842;11,25634869;13,0364275
545,39;37,94714069;40,29833157;38,30078814;26,16397582;17,11365534;22,3896744;7,76695483;6,762665227;7,727915015;17,53288829;7,2126549;18,55223372;19,61111915;78,491116;61,33673919;36,57517664;34,055602;28,27695713;40,92327746;36,87713068;51,90783274;7,224038854;9,501230417;5,986878317;0,575371909;0,326125501;1,319460062;43,77480807;48,84955875;34,59469433;41,8325398;27,63378016;26,72973002;3,922704697;4,282089025;3,992472554;3,804534914;3,734592526;3,794486307;22,20970198;18,56616071;14,28836278;10,39407969;9,998290157;9,586936538;10,917994;15,84825326;12,08029005;49,31947428;53,05290363;56,42747408;22,40293636;21,4170149;24,10763807;9,845253125;12,41651322;10,623005;8,197928703;11,12039523;12,86908676
545,973;37,85790899;40,00258094;38,15012675;25,99636954;17,10702824;22,37477242;7,773034711;6,78663354;7,741701746;17,44515196;7,265192278;18,58843499;19,60114652;77,88477131;61,11461415;36,56991712;34,0822592;28,32299704;40,97449123;36,80735134;51,77164904;7,177168083;9,55128651;6,085688187;0,542998407;0,308807931;1,296686325;43,71294071;48,54086569;34,6251191;41,85099823;27,58460175;26,67167626;3,970206864;4,291478838;4,009759299;3,83447141;3,754490387;3,827933064;22,2151908;18,65625625;14,20710884;10,43544717;10,02492308;9,545327115;10,87462583;15,78867373;11,97836333;49,15774984;52,89446809;56,1224361;22,4542158;21,35317207;23,96736474;9,691995609;12,2452994;10,50414164;8,285841239;11,12143506;12,78834365
546,555;37,73645247;39,75961492;37,92847732;25,90487488;17,00939123;22,41252065;7,758438714;6,775676404;7,717212512;17,37725157;7,205319645;18,5216331;19,54830108;77,66768167;61,06157978;36,59091195;33,9950858;28,35463555;40,90610637;36,68538509;51,71310691;7,168097944;9,542720261;6,072887961;0,551384833;0,341236135;1,35240662;43,47640412;48,47249433;34,65755437;41,76713511;27,54476577;26,72165045;3,906302462;4,249489817;3,957535867;3,801076105;3,714975332;3,789618915;22,18598687;18,60522627;14,1852974;10,40794502;10,0526418;9,610000517;10,80615152;15,60979735;11,86836535;48,89023715;52,86766031;55,98732312;22,44882425;21,27195765;23,82352676;9,771292961;12,10288302;10,47690419;8,249930934;11,00539151;12,7378088
547,138;37,45268524;39,63359237;37,79448592;25,97068576;17,11389015;22,4557316;7,773261018;6,788642767;7,704540997;17,35723037;7,190669302;18,50632132;19,45034536;77,23136219;60,7331139;36,56116218;33,99640136;28,30748665;40,79563877;36,63201124;51,65673489;7,184189053;9,570451988;6,07743226;0,641211975;0,364671172;1,33104;43,3204911;48,35770213;34,56971107;41,90288301;27,57249856;26,70937972;3,919025549;4,209086842;3,956750025;3,785731402;3,744107119;3,790651926;22,10622996;18,75581103;14,19022745;10,46181613;10,05785843;9,599033175;10,73688671;15,50272023;11,80171857;48,68078888;52,71798892;55,79096389;22,36626775;21,24941646;23,66671831;9,788715988;11,97899635;10,42613104;8,194807119;10,96374828;12,61287059
547,721;37,30477569;39,36901958;37,59285445;25,98748788;16,96603826;22,24965125;7,797395904;6,802528808;7,713711641;17,36760136;7,224966587;18,49346978;19,45703954;77,10122396;60,57742939;36,44757694;33,98673151;28,25056805;40,51443183;36,57049835;51,53823835;7,198412199;9,534343916;6,083210922;0,571140994;0,27825713;1,321095999;43,08318088;48,06097406;34,61263799;41,81360184;27,53830064;26,61734128;3,936094965;4,256033744;3,971556157;3,818914757;3,739951597;3,792503683;22,10284735;18,68471023;14,1720448;10,40471612;10,05375061;9,596292403;10,65300205;15,41676694;11,76047481;48,45170893;52,61919656;55,42360092;22,25569075;21,16619662;23,40683741;9,687726087;11,90152092;10,2812481;8,082236264;10,90757868;12,46628929
548,304;37,12152786;39,23076291;37,29035014;25,88586649;16,93840962;22,28759662;7,770478619;6,752543747;7,706127063;17,31153361;7,150954706;18,55550971;19,43124937;76,83486169;60,36680458;36,52286689;34,02912318;28,33094103;40,45583838;36,47861035;51,4023429;7,244830882;9,534760661;6,066979475;0,648302215;0,352959253;1,321154605;42,92294283;47,82684694;34,60475986;41,66573683;27,47953931;26,57297899;3,899940532;4,23078967;3,955367551;3,785877465;3,733831324;3,780273481;21,98843184;18,71598996;14,18319145;10,45286666;10,10656021;9,664347975;10,58572303;15,35549628;11,72833657;48,127602;52,27301695;55,02045804;22,16959547;21,10916748;23,27166171;9,751771952;11,71383856;10,18905607;8,128625346;10,82499801;12,41302606
548,887;36,89230042;39,07543213;37,16427787;25,78433021;16,89007868;22,19880155;7,784150535;6,783833905;7,704267335;17,22052324;7,135665831;18,4545844;19,3817679;76,43070103;60,37576647;36,39640314;33,89718654;28,25433746;40,16738406;36,22340219;51,10069321;7,357969581;9,599058446;6,147406126;0,640711605;0,368568926;1,380242906;42,97878544;47,87155665;34,67829358;41,74647411;27,46996239;26,62606267;3,901430296;4,196602233;3,954593017;3,794794694;3,71588705;3,802959994;21,94628366;18,6948173;14,08101593;10,43848283;10,03078001;9,605353913;10,48681022;15,21322337;11,6250061;47,88545671;52,0176994;54,7512361;22,17400426;21,20928463;23,2222403;9,768825899;11,67881279;10,24482419;8,14566554;10,83829166;12,3595929
549,469;36,69804056;38,82220096;36,94237794;25,89513431;16,95812018;22,13957812;7,808414361;6,764307569;7,725506101;17,20034256;7,127852108;18,45890055;19,37034344;76,1791122;59,97934125;36,46799544;33,99956166;28,3075157;40,13252813;36,28276124;51,09728454;7,315738392;9,621968177;6,155658609;0,57905986;0,282343294;1,337927172;42,69661383;47,5788072;34,63331959;41,60739283;27,46255;26,65095184;3,938756036;4,240189727;3,991797512;3,827396734;3,758054204;3,800619301;21,84826531;18,60248498;14,07809953;10,4665262;10,05878246;9,56781784;10,45976829;15,19696846;11,60176731;47,59694953;51,91595868;54,54611172;22,12417267;21,12793471;22,96831181;9,668245653;11,55345251;10,11947039;8,178282308;10,72916468;12,23392909
550,052;36,43413982;38,66685147;36,70592102;25,67325038;16,85196997;22,07706563;7,813846071;6,765494528;7,695919182;17,11355398;7,125968363;18,49011197;19,29933107;75,7940063;59,87991868;36,44213706;33,90296937;28,14711346;39,90580081;36,03185136;50,85595506;7,350132053;9,660708296;6,219692432;0,602686011;0,359660785;1,336784558;42,3910721;47,51044507;34,61313792;41,59149033;27,35726782;26,54789476;3,89642695;4,220705017;3,96147458;3,815902988;3,733404605;3,802013293;21,90519639;18,7345651;14,01482347;10,43300782;10,05194506;9,638667989;10,36909183;15,05167491;11,47983186;47,45850223;51,76194362;54,07946825;21,86880214;20,86368524;22,82134776;9,622924941;11,46029783;10,04045958;8,058714781;10,62654764;12,19321614
550,634;36,30180839;38,36113523;36,57875442;25,69009414;16,69756491;22,02517236;7,778569809;6,807184764;7,702954904;17,0330746;7,121856014;18,44695754;19,30418799;75,55976998;59,79153815;36,24813447;33,8255554;28,22057111;39,78546145;35,81512096;50,63527275;7,361324995;9,606088161;6,20114981;0,546502925;0,271550706;1,258877745;42,08300295;46,94176536;34,37028897;41,49386301;27,37975273;26,50682016;3,923622047;4,216292088;3,974309236;3,79464484;3,744317913;3,808487591;21,8150865;18,68900941;14,01851971;10,43106056;10,08374736;9,610312695;10,34552061;14,89714636;11,46772384;46,97535793;51,3387653;53,69852716;21,92408574;20,71696236;22,50811607;9,588851876;11,19426384;9,928766498;8,106346698;10,60141953;12,10094293
551,217;36,1515016;38,15059301;36,41410924;25,6199579;16,71984124;22,03968142;7,81140499;6,766748452;7,69181197;17,0100413;7,084139285;18,43097848;19,28168513;75,0752109;59,4215066;36,34072537;33,84975518;28,16614182;39,59515928;35,80129527;50,63387923;7,423222845;9,701032309;6,253775525;0,57699251;0,261063782;1,310756379;42,10717265;46,81924842;34,5424182;41,43108603;27,36071731;26,55185141;3,866354463;4,190189875;3,909080023;3,776581287;3,712986313;3,768907911;21,80820057;18,70297895;13,95029381;10,42916682;10,08298722;9,589010907;10,29454981;14,8369398;11,33559034;46,81543428;51,32103724;53,42182262;21,80822228;20,70637769;22,44948291;9,645582794;11,20811086;9,909150679;8,054818503;10,49100484;12,04533487
551,8;36,02491625;37,97940662;36,34874937;25,59977658;16,78190045;22,03410589;7,832973198;6,816029514;7,719201747;16,98473903;7,072007398;18,42562187;19,24982805;74,786612;59,32071803;36,22311008;33,72379658;28,05487676;39,40514815;35,63551055;50,57894608;7,439584134;9,604881736;6,187843973;0,583055281;0,282548033;1,296466183;41,88146687;46,75748014;34,38958923;41,45830736;27,23161529;26,52621697;3,911343162;4,203225915;3,94849132;3,777865412;3,732606436;3,782131685;21,76518762;18,76823347;13,93520351;10,46502488;10,14919871;9,616751005;10,21166565;14,73900172;11,23509711;46,47489681;50,90196097;53,31839718;21,59333059;20,63973392;22,21280095;9,639584603;11,08201267;9,818816709;8,01120307;10,41620088;11,86033324
552,382;35,76935662;37,85669314;36,11024906;25,54222558;16,80953616;21,93343168;7,818145389;6,789920875;7,705139913;16,88922135;7,085323192;18,39878042;19,14127847;74,22127635;58,83822372;36,20364448;33,77565133;27,98339009;39,21881413;35,47015184;50,16343308;7,501071562;9,710353274;6,242154202;0,562014588;0,283948125;1,305405379;41,70742743;46,29283232;34,25890638;41,34576112;27,1196301;26,45422055;3,919457216;4,192887409;3,966028615;3,804546965;3,759796634;3,809118697;21,64189676;18,7206405;13,89522699;10,51333046;10,14521573;9,636261511;10,19134361;14,67811297;11,20167804;46,07702886;50,4846835;52,78936991;21,4697198;20,49660733;21,93332169;9,551917045;10,89037385;9,73077751;8,144343055;10,29792836;11,788397
552,965;35,67812937;37,75714493;35,96901763;25,48884982;16,73828907;22,07826759;7,783736981;6,756743126;7,630173684;16,78160986;7,047600708;18,34937285;19,09295535;73,85967262;58,50433978;36,17994259;33,74191988;28,02668588;39,24407061;35,27229524;50,14844681;7,499440962;9,730272493;6,249350578;0,580651636;0,253496499;1,291340751;41,47627346;46,0360036;34,32630513;41,44543809;27,12680459;26,33269773;3,85920379;4,186712153;3,929973201;3,775392545;3,721540419;3,774708168;21,63698088;18,61407312;13,77452327;10,48555003;10,08779331;9,567299117;10,07087967;14,50288173;11,14001363;45,85220303;50,36316955;52,47389536;21,40094012;20,41148752;21,77443329;9,512739461;10,87809222;9,691949749;7,94864979;10,24356466;11,73899602
553,547;35,55299865;37,66165106;35,85617868;25,44722495;16,6475596;21,94569771;7,803723702;6,775076164;7,705684975;16,73941129;7,016112319;18,38282951;18,95599496;73,28695415;58,16322415;36,26818021;33,82103391;28,03969351;39,07744957;35,22694424;50,11624892;7,490784969;9,673314014;6,242833858;0,579173875;0,260365588;1,286145828;41,37981986;45,87906;34,2667632;41,31436278;27,10973749;26,37059455;3,894463138;4,178678652;3,940373414;3,829000652;3,743522017;3,805101943;21,6691228;18,68767142;13,83419844;10,53489249;10,10671989;9,621602224;10,0456837;14,49205745;11,04594188;45,55155167;50,12919639;51,89425296;21,37035155;20,2341727;21,62965998;9,534041863;10,76266099;9,535248677;7,903505949;10,14212654;11,68581701
554,129;35,4348608;37,40932616;35,76178438;25,51229982;16,68657299;22,01590848;7,77880796;6,825227197;7,678904796;16,53736593;7,014306506;18,36552308;19,06435211;73,0724971;57,89417108;36,20988506;33,63583541;27,87474566;38,84927777;35,13513096;49,94471359;7,574373933;9,759136402;6,265941386;0,53585677;0,272386368;1,288214696;41,07169546;45,6040104;34,21498349;41,34428361;27,17686539;26,30309529;3,867117573;4,166407535;3,912083723;3,805376924;3,723151761;3,779523725;21,65567492;18,63544861;13,64995896;10,45171254;10,1184841;9,602734997;9,964524489;14,32132368;10,98203467;45,20843021;49,75062031;51,62288782;21,28243061;20,20677893;21,5719457;9,524287286;10,64487452;9,501125914;7,956764802;10,14148214;11,53871085
554,712;35,14528201;37,27115782;35,43322569;25,45817188;16,77341611;21,92192571;7,749861869;6,784484145;7,643535516;16,55823957;6,961135244;18,22063295;18,92401656;72,57093078;57,744265;36,15189666;33,64640086;28,05496315;38,73512415;35,01417416;49,68210601;7,616247674;9,731230144;6,294125315;0,589788222;0,247758453;1,311118872;41,05186514;45,39420228;34,32328295;41,24254359;27,09800725;26,26043963;3,867827232;4,141206309;3,887999073;3,760765428;3,697244445;3,767515159;21,5396239;18,55375311;13,60533784;10,46289229;10,10306949;9,592345164;9,88712189;14,18379191;10,91442143;45,12498974;49,66415103;51,40742271;21,14385556;20,10823162;21,3268884;9,525680428;10,57721199;9,503498859;7,951775338;10,09783919;11,54633078
555,294;34,9537296;37,14473281;35,26859289;25,42322188;16,6554159;21,85056516;7,87407692;6,786207263;7,701129233;16,47640508;6,958456104;18,22788776;18,93804311;72,2661705;57,51657839;36,08972051;33,48391615;27,9340866;38,60156318;34,8605063;49,62963878;7,667954245;9,797231322;6,303880415;0,607798456;0,278896902;1,270906382;40,66796469;45,12548362;34,18895782;41,10933871;26,94890494;26,24976067;3,871325456;4,136976878;3,920833004;3,77485066;3,715318586;3,79070855;21,53300447;18,65749786;13,60613093;10,51249964;10,20064138;9,651856534;9,848474836;14,10278646;10,86010573;44,81809075;49,45418172;51,07610762;20,90319133;19,94649344;21,04308535;9,536641456;10,52074674;9,457035735;7,926214413;10,02201873;11,41718712
555,876;34,83448966;36,94339749;35,07395044;25,34214306;16,59835634;21,89605813;7,756017815;6,781719286;7,637937023;16,41382774;6,947722396;18,22786933;18,92966107;71,94068451;57,16717407;36,01328485;33,55511525;27,94331798;38,54429662;34,73529212;49,46929305;7,694225926;9,834530013;6,300140835;0,570961952;0,299472976;1,240651307;40,46713579;44,88739167;34,24710063;40,94859035;26,90433543;26,14674852;3,855172747;4,141757437;3,903765532;3,78215806;3,699924542;3,783361167;21,44518728;18,58538342;13,58330977;10,48134661;10,15192815;9,674713213;9,755046494;13,99364947;10,7456736;44,50373008;48,99324356;50,48936037;20,86778006;19,84784039;20,98220301;9,496363914;10,35106644;9,442568566;7,960100395;9,943589013;11,35866391
556,459;34,6792279;36,74338498;34,93813198;25,34263703;16,65762161;21,78973468;7,749952565;6,79135874;7,667005703;16,31109927;6,900712387;18,1482978;18,85357592;71,39461573;56,85428313;35,92995574;33,48437286;27,82569787;38,20050624;34,46452903;49,16345861;7,752061245;9,863258488;6,369284369;0,514555937;0,268029657;1,249960399;40,04222089;44,62513974;34,18371878;40,89036552;26,85241263;26,00413136;3,891322091;4,156906689;3,931192525;3,801017;3,735623353;3,825407748;21,45105554;18,55611891;13,58172513;10,47379188;10,23647982;9,652842873;9,714638871;13,90164351;10,73420407;44,12933349;48,77361126;50,19739434;20,71465191;19,78759155;20,65777395;9,498114649;10,23209505;9,292694079;7,975332104;9,86867635;11,30841818
557,041;34,58481988;36,66824235;34,88572068;25,32992806;16,57796568;21,72935657;7,786810541;6,786746893;7,643452728;16,22171993;6,845992343;18,04254409;18,82394048;70,97190064;56,56471625;35,92336623;33,42127017;27,7764687;38,10181066;34,49802505;49,09258051;7,668485255;9,815413019;6,34189467;0,49834751;0,196473735;1,211652471;39,80314071;44,22543007;34,08138075;40,97861037;26,81657583;26,08005573;3,836089018;4,124782025;3,890539563;3,772332543;3,697402436;3,772086094;21,41801853;18,50975564;13,5378738;10,53778876;10,1751017;9,569723777;9,668166656;13,74248605;10,61576396;43,85431224;48,42285524;49,8436185;20,47375607;19,76286201;20,4422068;9,472241976;10,12673792;9,273451269;7,849009685;9,808859254;11,14872635
557,623;34,54768899;36,52497639;34,69150067;25,26526285;16,58931688;21,69060543;7,750801601;6,776801114;7,621931668;16,13059985;6,877522559;18,05236431;18,74408074;70,54601097;56,4625936;36,00072261;33,46874875;27,82376485;37,93453779;34,35181474;49,00470042;7,823128365;9,876023414;6,433007277;0,542030433;0,211765147;1,238816329;39,59262965;43,96408157;33,99668093;40,77954467;26,68856985;25,91355864;3,82921663;4,121521949;3,866303226;3,750947352;3,685872274;3,770804231;21,30761681;18,55787179;13,40212437;10,53629657;10,2657146;9,607763439;9,538730546;13,62032054;10,52879419;43,48955379;48,32026123;49,55661217;20,37091932;19,44031766;20,12105813;9,44677397;10,09986195;9,16737788;7,863032254;9,68448346;11,14088959
558,205;34,33504858;36,2907205;34,61023434;25,22513206;16,64909653;21,64046899;7,752915814;6,808133197;7,618050686;16,05741022;6,842999897;17,92193039;18,75180346;70,04938198;55,94425569;36,0168288;33,47675394;27,70821856;37,84495745;34,21332072;48,73466813;7,811640745;9,886814445;6,419270617;0,483083273;0,17531427;1,227064061;39,24855709;43,68301524;33,804479;40,76277822;26,65502536;25,95688226;3,873477901;4,124272428;3,87688964;3,769140505;3,709477839;3,764708254;21,22662032;18,54211033;13,48028071;10,52928742;10,19765104;9,599390326;9,521070352;13,53738259;10,47193514;43,21683986;47,94795915;49,22312316;20,20127522;19,32936202;19,8993927;9,343452867;9,887947373;9,00694999;7,784627959;9,630112586;10,94641809
558,787;34,16235647;36,09547127;34,46182467;25,26539502;16,56765877;21,57829186;7,722910146;6,744278126;7,614316465;15,88441935;6,7897667;17,86516022;18,70709956;69,68811912;55,71807521;36,02637678;33,4675027;27,6256328;37,63298356;34,06949216;48,58141247;7,827552618;9,799172811;6,460886355;0,553795595;0,214842799;1,269422589;39,1340961;43,57921725;33,97211862;40,66587485;26,5391206;25,86129889;3,834373429;4,114757706;3,841314337;3,733275545;3,6867823;3,75846774;21,21459545;18,53905065;13,36132901;10,56437021;10,22721163;9,633934211;9,365352173;13,3782332;10,3741625;42,88757674;47,55933279;48,74412325;20,011469;19,26424348;19,71281448;9,388338364;9,863807582;9,037591431;7,818270714;9,596012785;10,90267746
559,369;34,06688548;35,91099379;34,17082275;25,18693403;16,50935204;21,57798398;7,785722266;6,793253343;7,662487485;15,83929597;6,799821682;17,78793721;18,64105741;69,28353716;55,41521481;35,90947093;33,35260532;27,76255481;37,50324344;34,04216688;48,48588581;7,880808148;9,96317279;6,533908804;0,505639194;0,182663247;1,243371616;38,68569298;43,20623005;33,63477487;40,58563983;26,53474348;25,77018974;3,874653055;4,112421403;3,892584674;3,773072664;3,74493379;3,798619905;21,12838543;18,53873808;13,35214568;10,57306864;10,201492;9,582002432;9,411882199;13,32269709;10,36395326;42,64565439;47,42956064;48,48440527;19,77060203;19,11087494;19,49564193;9,404282719;9,693781713;8,927888675;7,834340413;9,578542913;10,89804548
559,951;33,84676174;35,76728913;34,10669474;25,17503489;16,54815826;21,5825075;7,805206181;6,784211449;7,651022608;15,75455556;6,750405493;17,80001026;18,62154778;68,90174834;55,12715148;35,92866958;33,32766225;27,64477565;37,33905704;33,82737443;48,26134445;7,848772831;9,936643165;6,489689821;0,533651128;0,237935634;1,243841482;38,34657074;42,81253397;33,64875775;40,5749603;26,48553819;25,73509549;3,838924645;4,145143649;3,923072977;3,770983038;3,717384449;3,778121955;21,18290331;18,53812599;13,32721119;10,57323587;10,22026345;9,666905363;9,343504623;13,21882437;10,27164141;42,15213773;47,18217386;48,12883879;19,68532503;18,95429397;19,17478534;9,362705321;9,664079963;8,907415288;7,79178302;9,397484253;10,86932585
560,533;33,83176813;35,51322941;34,00258561;25,077348;16,49862391;21,54041188;7,80760523;6,820316126;7,652819325;15,64558693;6,76451155;17,68594476;18,60973621;68,2894366;54,73149386;35,91894022;33,30533416;27,57610212;37,13475487;33,65810452;48,13408181;7,943225812;10,02708001;6,552717326;0,563057666;0,290339441;1,281811574;38,08073864;42,56793683;33,47947152;40,43509619;26,46849708;25,71413404;3,85610356;4,115171996;3,880788494;3,774330193;3,72088787;3,803307835;21,09234537;18,51723015;13,31095497;10,57703309;10,31644459;9,694491266;9,245705885;13,07551139;10,16876683;41,85295018;46,80644423;47,56054044;19,60702353;18,7529186;19,04452618;9,351494402;9,534742006;8,817495434;7,727927234;9,352850846;10,77560635
561,115;33,61933499;35,4093595;33,85644957;25,02079212;16,4698488;21,5759526;7,758952884;6,784066894;7,634158443;15,6277741;6,722991778;17,56060328;18,47232142;67,70848697;54,21501066;35,81640326;33,36170586;27,56082026;37,25418048;33,58323709;47,90996285;7,918597847;9,95941245;6,588186416;0,536310897;0,250402273;1,173222164;37,8120341;42,23262965;33,18394268;40,41777869;26,46727824;25,76565092;3,835499009;4,079833637;3,86336294;3,790550969;3,695519575;3,791844019;20,88268768;18,42407307;13,18986768;10,52755248;10,1648021;9,609459264;9,161409957;12,99399111;10,06988187;41,48183689;46,3199357;47,47304388;19,26775428;18,58163789;18,68034599;9,385218209;9,417870185;8,679342974;7,821833679;9,365904528;10,70188713
561,697;33,54605525;35,41727385;33,76320652;25,02074545;16,48987245;21,54501622;7,79055459;6,809424537;7,614322066;15,50008823;6,685376653;17,5342815;18,35274123;67,39258899;54,00620315;35,88085116;33,2812937;27,57738176;36,9886433;33,56284333;47,79698641;8,081048598;9,956742791;6,587707745;0,550867812;0,177393224;1,191992936;37,57268403;41,91561113;33,06323197;40,33212759;26,40056386;25,58862383;3,842520969;4,110543432;3,864553922;3,742859481;3,721911384;3,765449905;20,89088599;18,46629874;13,2501745;10,58490718;10,21598672;9,653318944;9,09652954;12,81275835;10,08199354;41,23375218;46,04009336;47,0326747;19,1435673;18,4073503;18,39876057;9,314974652;9,230446793;8,597230971;7,818424446;9,319853561;10,6306995
562,279;33,34112922;35,1440452;33,68853669;24,97752826;16,41796506;21,50810713;7,794813253;6,805648883;7,647670493;15,43892801;6,716335762;17,50693475;18,40213236;66,79265425;53,61189616;35,88968119;33,28903543;27,49883817;36,83351685;33,40646844;47,6071999;7,985600735;10,07080814;6,60533125;0,515038375;0,245221743;1,266142006;37,10331349;41,5902744;32,8903704;40,24686181;26,33188922;25,59912156;3,832213663;4,088771166;3,885636623;3,765657837;3,724351522;3,778052537;20,78222291;18,47454439;13,09215136;10,54004808;10,17308874;9,593265557;9,088186227;12,79350688;9,98011677;40,74321771;45,69135842;46,65148107;18,9445138;18,34454435;18,1421198;9,330202596;9,204558598;8,594989268;7,771977892;9,172581476;10,54884036
562,861;33,34130037;35,06504966;33,48918606;24,97028402;16,48539488;21,50809075;7,786383704;6,78151086;7,587509642;15,32752447;6,619125998;17,27806233;18,30934693;66,37305132;53,3691234;35,83757192;33,20038984;27,38662178;36,65404164;33,28281699;47,44668301;8,120008325;10,06608419;6,653903122;0,525533405;0,231680271;1,199032223;36,87431482;41,41702804;32,73066608;40,13480083;26,17835992;25,49057329;3,8456646;4,072161048;3,857472076;3,765469276;3,718180585;3,756458372;20,6733756;18,48260731;13,05370225;10,56126249;10,19414849;9,598901397;8,947298485;12,63830059;9,872392606;40,57411364;45,35817981;46,3372685;18,84685814;18,15522753;18,08642625;9,310887146;9,06984518;8,630708717;7,779167564;9,173264097;10,51898956
563,443;33,16453259;35,0110848;33,35785402;24,87531684;16,4791159;21,45301536;7,779292492;6,825338138;7,645588446;15,19667819;6,632083924;17,19630403;18,29584617;65,85512047;53,01431058;35,82131242;33,24291731;27,38654898;36,50446991;33,10171085;47,25281772;8,051931671;10,04036219;6,639416131;0,463134081;0,238652342;1,229372794;36,58410006;40,97357966;32,63019854;40,03405413;26,22234394;25,52420508;3,821298298;4,15349049;3,890736567;3,791222047;3,768915766;3,783939768;20,71040489;18,39526347;13,00865474;10,60991372;10,26731455;9,676353416;8,878573799;12,48219501;9,77811175;40,11864451;45,04374394;45,79574302;18,60707736;17,93855174;17,7765125;9,281525205;8,954872824;8,447772739;7,650538857;9,077095561;10,4016114
564,025;33,02348737;34,85806587;33,09474651;25,0239932;16,46648137;21,45875288;7,816797608;6,769036698;7,64318593;15,1413344;6,615097692;17,22942904;18,23921881;65,20792314;52,57080091;35,75819286;33,15460051;27,34236082;36,38192414;32,99560154;47,07900341;8,164818445;10,07773994;6,713223453;0,493297674;0,213542591;1,128734023;36,20924302;40,74168047;32,50532295;40,01946689;26,21648387;25,41981877;3,851967037;4,096159674;3,887554825;3,788101439;3,741127889;3,796320151;20,61423543;18,36451222;12,96629936;10,53631308;10,26541066;9,618734987;8,819929825;12,32250908;9,716491597;39,98911532;44,77552729;45,45738087;18,39665183;17,72900869;17,49377989;9,231626356;8,87626161;8,406000849;7,735666581;9,084979981;10,36480079
564,606;32,98958668;34,76252524;33,13265165;24,86674541;16,31028557;21,35345908;7,798320469;6,80498913;7,653495097;14,99807793;6,580505281;17,07467262;18,15105046;64,79402598;52,242602;35,76581767;33,10012334;27,3377117;36,32840084;32,89609408;46,97398266;8,183562737;10,06974532;6,700630227;0,508396388;0,15419302;1,162890551;35,86533776;40,26528418;32,41020975;39,82804027;26,09968351;25,35157921;3,815364536;4,093758026;3,85615908;3,762045879;3,711164013;3,788926368;20,61248885;18,31662228;12,91765419;10,53482022;10,25039795;9,646809413;8,752569082;12,27632461;9,632411166;39,50019778;44,32398458;45,15169178;18,17135288;17,6040393;17,32075888;9,213022129;8,741789577;8,337834588;7,78971814;8,994073407;10,34973102
565,188;32,89665174;34,68308522;33,03702348;24,79832477;16,37245028;21,34003778;7,80816883;6,816298974;7,659598693;14,96373392;6,564315835;16,96601246;18,15583358;64,24335378;51,78171504;35,78651497;33,15476356;27,34830576;36,11563918;32,81564352;46,90389718;8,214966506;10,14222279;6,746827865;0,510070058;0,183208134;1,166996849;35,49807805;39,97053893;32,0993873;39,7162173;26,07451573;25,33982673;3,851503411;4,10691497;3,86193043;3,758824493;3,719542413;3,791071104;20,56100688;18,28834199;12,85616774;10,52167688;10,22412049;9,629924411;8,679014436;12,16187585;9,566566541;39,43572533;44,23129868;44,7148323;17,95331607;17,39599558;16,94494423;9,19555231;8,643303775;8,239850347;7,741430952;8,986130556;10,35826219
565,77;32,80908988;34,57640578;32,8941747;24,89173629;16,36171263;21,38462073;7,799851243;6,784578879;7,609418317;14,88570685;6,500629684;16,85941697;18,03419048;63,62913406;51,51251514;35,7181389;33,1506297;27,22776049;35,91449972;32,71419464;46,57459721;8,243441868;10,10501291;6,727399303;0,519867407;0,197477114;1,225910862;35,25518047;39,70814093;32,10413169;39,67623675;26,00117777;25,28024439;3,826049702;4,078907114;3,839762215;3,738933945;3,699939895;3,754359302;20,4823869;18,33375829;12,74047377;10,57958508;10,2430442;9,716681882;8,590755515;11,98514524;9,483954117;38,98207383;43,67987961;44,38343693;17,85769727;17,21422299;16,80589415;9,247436101;8,622507604;8,23332233;7,664889966;8,901160384;10,16106018
566,351;32,82677736;34,51511787;32,90170048;24,770685;16,41003453;21,32377158;7,798667744;6,813653039;7,625585358;14,72033527;6,513660005;16,77718525;17,96987542;63,0652242;50,92749375;35,6928666;33,18772498;27,33541643;35,91066103;32,6680773;46,53376602;8,24859998;10,1164503;6,757833187;0,50480403;0,211821346;1,191459281;34,98954667;39,37038592;31,88966351;39,55138291;26,03961566;25,17641066;3,833861855;4,063011612;3,862544725;3,765795387;3,752438779;3,777207533;20,48410304;18,3693714;12,72129543;10,59580154;10,27011638;9,691445981;8,600933486;11,87277666;9,424186584;38,53503452;43,2076268;43,88299134;17,5734439;17,0119435;16,65979802;9,226029285;8,611063418;8,165857169;7,616758181;8,825339278;10,17082644
566,933;32,64351988;34,4250596;32,68468655;24,81870395;16,35083381;21,33792295;7,771126566;6,771883868;7,59867505;14,57837147;6,436682751;16,6049306;17,86310326;62,53098513;50,4744384;35,66802943;33,14445926;27,25542199;35,70065102;32,52143461;46,36198237;8,292861572;10,14702489;6,801054435;0,535053528;0,164389121;1,17200599;34,56526618;39,06217378;31,75535696;39,50679627;25,90475113;25,14401684;3,801633166;4,071565392;3,848767877;3,745936437;3,715616297;3,741489881;20,37292552;18,28783995;12,69088017;10,60392604;10,27112596;9,720767342;8,433876269;11,74622895;9,329166123;38,17144118;42,80253903;43,28888231;17,37471756;16,9214342;16,3835173;9,240921508;8,488598523;8,137784097;7,558547141;8,748608731;10,08417071
567,515;32,47059611;34,2374803;32,61563664;24,71021817;16,31354042;21,23177682;7,775106424;6,796922861;7,601460337;14,5569519;6,458891951;16,52166421;17,90243733;62,08653151;50,20092172;35,65577188;33,14828763;27,30172954;35,63344787;32,38987301;46,19124668;8,369376875;10,24582006;6,946816058;0,540746853;0,182130716;1,198644127;34,36739948;38,79816334;31,59010091;39,440535;25,95226385;25,09795978;3,838558671;4,07466887;3,863340703;3,775370905;3,737193722;3,795869327;20,35356582;18,31418774;12,62909197;10,58262905;10,28304899;9,743027677;8,405881494;11,64401669;9,266315817;37,84165245;42,66555694;43,05557501;17,19000373;16,64018964;16,08965825;9,247999468;8,458656153;7,994854015;7,610652548;8,756867491;10,04177166
568,096;32,300861;34,12678372;32,51062385;24,62584945;16,23772481;21,18914444;7,8105055;6,797012477;7,614858153;14,4543453;6,427978529;16,42253141;17,87571639;61,90364372;50,11432545;35,61476665;33,08907748;27,33025407;35,45492013;32,34268633;46,11137306;8,409876477;10,261976;6,865672003;0,562182055;0,230402352;1,22039655;34,06317243;38,426408;31,29071256;39,31819463;25,9198883;24,96490765;3,815171896;4,087492827;3,852115105;3,762058924;3,697727257;3,800879182;20,33681096;18,34345005;12,55591769;10,59256995;10,30029924;9,692435024;8,370434761;11,51175437;9,195773861;37,438786;42,25635031;42,62382075;17,05011876;16,44473951;15,85466688;9,207639802;8,378525382;7,977249366;7,616124508;8,757399231;10,03026324
568,678;32,23588788;34,00632775;32,34421661;24,53420267;16,06906411;21,14384424;7,777312768;6,772956889;7,613416881;14,35381109;6,415172524;16,35175931;17,84888358;61,26525876;49,50289386;35,71463511;33,0545275;27,20965443;35,32357907;32,15520741;45,86904672;8,479257474;10,27272899;6,9232063;0,49470294;0,138584953;1,228168763;33,81521684;38,20638897;31,25967685;39,20421885;25,87196561;24,93443209;3,81279047;4,066502358;3,842675776;3,764495354;3,715977762;3,767369201;20,2094009;18,34425355;12,51643665;10,54947113;10,25545164;9,696689425;8,285233553;11,4908986;9,125331048;37,2791293;42,04080779;42,34223688;16,79044858;16,26585346;15,66131016;9,168473605;8,286526686;7,936946645;7,682461492;8,720727213;9,936900936
569,259;32,01610188;33,88785543;32,23268476;24,66690078;16,13187844;21,1822642;7,809616672;6,785735076;7,61284418;14,23840944;6,364226056;16,13754187;17,72979656;60,72875168;49,11080678;35,57109528;32,90866537;27,17181833;35,09508959;31,94582795;45,7548922;8,651032691;10,34330492;7,008444467;0,504657687;0,203670704;1,212256048;33,61799797;37,99700536;31,09461617;39,00702813;25,78264782;24,87180683;3,797765474;4,025404851;3,810266058;3,719498574;3,701239877;3,765684662;20,12158599;18,29550106;12,4555883;10,55478818;10,21605817;9,743909416;8,206822858;11,3666624;9,06542347;36,92634185;41,68338077;41,7870554;16,53919509;16,06892798;15,33038558;9,174662173;8,27460049;7,880088425;7,572942258;8,743439311;9,921559282
569,84;31,88384504;33,70958923;32,05122236;24,52162651;16,14045707;21,19018199;7,798319409;6,801987201;7,633407694;14,16764578;6,332766255;16,10930847;17,75659115;60,50563646;48,82540355;35,63794466;33,00726178;27,13251373;35,02828047;31,9241861;45,56695432;8,528827521;10,32318862;6,977352784;0,582253344;0,215263625;1,187335749;33,44006033;37,58616472;30,90322369;38,89956412;25,70738451;24,80301016;3,800547386;4,077654429;3,843168548;3,758631076;3,727550318;3,750194637;20,01597738;18,28376817;12,42930764;10,5658672;10,30467232;9,761141997;8,136558503;11,21741369;8,948629559;36,36247704;41,20193052;41,34997369;16,42281961;15,88239524;15,13900663;9,190777263;8,194680501;7,823130393;7,621136661;8,641387336;9,852176352
570,422;31,80718612;33,61423851;31,91908773;24,57900038;16,02725395;21,1811487;7,769227041;6,744382762;7,59673946;14,02935299;6,292811989;15,9935037;17,66872981;59,73710027;48,46736419;35,55108668;32,96780635;27,09530579;34,8054189;31,88729504;45,44405878;8,687654075;10,41781128;7,055843126;0,532265356;0,23940839;1,185140638;33,1480999;37,29164196;30,61193168;38,85509672;25,71781393;24,78025077;3,800523424;4,056085273;3,843324635;3,755910009;3,718859538;3,762128046;20,00425887;18,30533473;12,36934213;10,55725902;10,28826152;9,731049042;8,080925082;11,12138288;8,886097639;36,2096279;40,85212538;41,04804443;16,14074088;15,64457366;14,96406475;9,223662398;8,165233241;7,783030759;7,565421437;8,616320748;9,800825744
571,003;31,69046074;33,45030517;31,88236172;24,47999987;16,06397368;21,16903337;7,787128428;6,794461756;7,593673618;13,93863033;6,28143208;15,90661723;17,69564727;59,31570264;48,12479658;35,60370174;32,98571041;27,08557745;34,81208276;31,75474437;45,37200091;8,688312255;10,4318515;7,123533386;0,425288531;0,19350889;1,101109487;32,64533901;36,87446242;30,30976562;38,78674305;25,66537493;24,71276284;3,812787178;4,072652864;3,835097074;3,764972816;3,727390241;3,777708053;19,893956;18,26128196;12,34170253;10,57085745;10,33437881;9,756241242;7,990702062;10,99987126;8,743127055;35,92328022;40,45761752;40,70943168;15,9479209;15,41945374;14,59468937;9,139566084;8,057263485;7,630775652;7,524487549;8,55574838;9,764381395
571,584;31,71882784;33,3328903;31,86822346;24,49872066;15,95834044;21,08082196;7,764478907;6,804861027;7,606840588;13,8420576;6,248358319;15,70774248;17,5755734;58,83954262;47,56443855;35,53790373;32,89017757;26,98855053;34,51108772;31,61179244;45,06904421;8,693037737;10,49592075;7,068263449;0,419526775;0,174047329;1,088190991;32,38340734;36,56626928;30,0179294;38,58827789;25,54086169;24,51204284;3,818270991;4,06186313;3,847946591;3,764762371;3,706505008;3,783445536;19,80610062;18,23893387;12,263577;10,56342334;10,31920776;9,743742602;7,943065926;10,85715959;8,750832954;35,55778215;40,10635636;40,46259041;15,68364805;15,24865187;14,3756368;9,076970375;7,951370255;7,61783977;7,522200034;8,553224276;9,715831513
572,166;31,71583904;33,2340354;31,67865266;24,45133901;16,0402917;21,06739627;7,814636818;6,800409612;7,609410721;13,72405116;6,242512409;15,58559114;17,57472527;58,28808855;47,16670693;35,56948695;32,88669884;26,99704709;34,47401451;31,59119616;45,11350319;8,760599529;10,46851071;7,15593338;0,429996214;0,118140681;1,10305693;31,97562458;36,15251233;29,92826376;38,57645423;25,61659127;24,65524583;3,793259143;4,041115447;3,827287392;3,740079539;3,711149029;3,766675476;19,78130069;18,24083334;12,15900686;10,55918578;10,2904751;9,743046873;7,908493307;10,78147685;8,654610329;35,22566932;40,03789703;40,02936134;15,48203188;15,03745787;14,18281178;9,072900869;7,875685469;7,540139596;7,563692963;8,543445645;9,661205313
572,747;31,49124163;33,10942022;31,62899719;24,45827756;16,0284134;21,138755;7,801551056;6,821754186;7,607651039;13,71162678;6,263920827;15,47085204;17,498701;58,0693677;46,80010982;35,57443124;32,88407834;27,05062511;34,38641323;31,4881497;44,89868021;8,833899436;10,54484328;7,15282727;0,548883422;0,193411603;1,176162639;31,79147637;35,97234829;29,59684553;38,41497474;25,56471072;24,49268359;3,843108512;4,059179057;3,866409793;3,752815767;3,741038119;3,799018128;19,70152308;18,26278093;12,20805406;10,59528633;10,27709163;9,767769539;7,87029747;10,65265237;8,655404501;34,98463521;39,4287268;39,7048979;15,3333704;14,83515716;14,09699884;9,143388257;7,956490257;7,586841297;7,504144034;8,466162506;9,586160095
573,328;31,49429666;32,98687138;31,53118501;24,43224031;15,93997177;21,10641775;7,813774851;6,787841128;7,581480718;13,52711888;6,187140239;15,42525466;17,56106007;57,41765863;46,52235155;35,62663694;32,87844943;26,95616606;34,28251392;31,44142625;44,82851877;8,973609974;10,68527085;7,226366253;0,51318232;0,186056907;1,201029511;31,48559909;35,63271989;29,43725094;38,28266656;25,56282772;24,51077654;3,809289003;4,070976434;3,829672443;3,755261151;3,739212037;3,756951103;19,70292507;18,27760722;12,11020802;10,57909451;10,31015963;9,763552917;7,78348411;10,52630178;8,503703954;34,60699839;39,17402174;39,27949453;15,08276585;14,76108892;13,82093414;9,094416945;7,866338869;7,511050999;7,549605628;8,452237338;9,570465717
573,909;31,24167938;32,80989521;31,32992512;24,35561516;16,00923499;21,05090174;7,826839527;6,814756741;7,587194759;13,41923831;6,189862915;15,27557891;17,45920754;57,10134343;46,22986226;35,59257689;32,94644682;27,03552788;34,10059661;31,25319882;44,63276016;8,883056932;10,58470258;7,256123933;0,487949329;0,139590825;1,19090754;31,19355967;35,33960347;29,20050636;38,07918435;25,46487996;24,4157872;3,826967384;4,091887585;3,873442462;3,768378641;3,74055608;3,793987485;19,632334;18,24917147;12,04263709;10,6481163;10,35534925;9,784565057;7,775897576;10,4215926;8,482861703;34,37674829;38,86506261;38,92958237;14,94227116;14,46183849;13,64917035;9,106704466;7,814317757;7,426917561;7,46683868;8,419892901;9,598889744
574,49;31,21693894;32,78856816;31,25936461;24,32518785;15,86470619;20,99369144;7,819346426;6,819922703;7,621992948;13,33191034;6,17166244;15,17658528;17,40689331;56,82563626;45,81518727;35,45226238;32,87336038;26,99992177;33,95378816;31,08845209;44,47097904;8,976141427;10,64955343;7,285527709;0,491363492;0,160892396;1,157534396;30,88662004;35,01423201;28,91284655;38,01876671;25,46551442;24,35022694;3,838474422;4,081437172;3,873317102;3,785382599;3,742405638;3,805603853;19,50889431;18,18101816;11,98071466;10,57760199;10,32900596;9,77029471;7,693570052;10,33618052;8,430333869;34,00124886;38,55832537;38,54424161;14,69728493;14,22995722;13,45061359;9,071508674;7,674586228;7,426377462;7,494408368;8,37689851;9,491818392
575,072;31,11649917;32,73944101;31,218331;24,23353599;15,88016441;20,88373683;7,791693407;6,826413964;7,6156133;13,29742658;6,140572159;15,07316806;17,3873503;56,312683;45,51424702;35,58858023;32,90791265;26,95163695;33,80625054;31,10895599;44,48403019;8,940803372;10,63048035;7,300126177;0,525638681;0,210181902;1,219200789;30,65316891;34,70245059;28,64543977;37,89754084;25,4316044;24,30398765;3,823527959;4,066605679;3,855405063;3,798574544;3,728588702;3,824799339;19,39815781;18,20168364;11,89310867;10,54884773;10,38396102;9,722392208;7,647190558;10,27296909;8,332430057;33,76652909;38,11316589;38,1273323;14,41112476;13,95684127;13,17612526;9,124358942;7,694166287;7,429328801;7,461283223;8,332619692;9,364283531
575,653;31,01353332;32,61849998;31,07733673;24,29386721;15,93058147;20,93394794;7,778610425;6,740519337;7,585645211;13,1069708;6,053867145;14,93903033;17,27686395;55,8050543;45,12475559;35,49251092;32,67758815;26,80477353;33,63604913;30,97110436;44,28381751;9,081764942;10,68423375;7,368013885;0,489296932;0,117404115;1,121175264;30,34919661;34,32583814;28,37964383;37,80036321;25,35581574;24,1733812;3,78196933;4,051317359;3,807700568;3,710476879;3,717993393;3,767684513;19,45091639;18,16919191;11,90306165;10,67439787;10,35930791;9,840103664;7,528508894;10,16020629;8,239508101;33,38481024;37,67918744;37,6919199;14,19417725;13,7196379;12,96587942;9,04580103;7,619409624;7,341070913;7,443302511;8,331362038;9,379238589
576,234;30,94077338;32,55439813;31,09535999;24,14429329;15,78167118;20,85288311;7,804817869;6,814567577;7,620668641;13,00339679;6,106299336;14,89478317;17,27797555;55,34342094;44,7398868;35,46426478;32,81210237;26,88392814;33,54948774;30,83210317;44,15925473;9,119857717;10,74820688;7,409580503;0,510981976;0,159600309;1,182369538;30,1740619;34,18126848;28,13657877;37,72926819;25,30886885;24,19116104;3,836735429;4,029503882;3,818619343;3,751237706;3,724394343;3,778110968;19,35607564;18,09958057;11,78500857;10,63886216;10,38466116;9,805852562;7,568234022;10,07846097;8,228391407;33,07618633;37,39066697;37,43018361;13,97853707;13,53828077;12,86780015;9,050145467;7,519370176;7,321966901;7,441472511;8,32993923;9,351821196
576,815;30,7744823;32,34975888;30,90632628;24,06711253;15,72567564;20,76708793;7,845372597;6,81222429;7,593107499;12,91992635;6,059319521;14,71539425;17,24708085;55,01617198;44,49345042;35,37858273;32,73373158;26,84742609;33,36095345;30,78091234;43,95774781;9,127269038;10,75773375;7,414006135;0,551605799;0,192539792;1,197986163;29,96302341;33,90403359;27,92682846;37,54126626;25,22709528;24,10713374;3,825340724;4,035226147;3,829703243;3,785492694;3,772012545;3,793480002;19,26286014;18,03028357;11,77684625;10,68479965;10,393784;9,804911364;7,509907215;9,999883122;8,140693596;32,67651642;37,00688225;37,05909046;13,85802648;13,39153055;12,68070446;9,075955194;7,534802192;7,367136819;7,478294599;8,21570759;9,297771106
577,396;30,73293775;32,28808985;30,73033704;24,12126259;15,82943279;20,81549483;7,843283703;6,814442781;7,667002691;12,840974;6,046583422;14,64817619;17,26956057;54,64667421;44,22875967;35,50273849;32,75845583;26,83515369;33,17178655;30,62703426;43,73166378;9,221574129;10,85399057;7,570223603;0,540334988;0,140994127;1,202965954;29,75276986;33,69803475;27,70527939;37,4270814;25,16087971;24,02700587;3,823054388;4,062919703;3,831691338;3,763896439;3,751128287;3,79656708;19,19614901;18,093415;11,72515026;10,61367141;10,38716905;9,755103886;7,441925421;9,882279039;8,102206839;32,54939509;36,7912378;36,6355209;13,65448112;13,26230844;12,48563369;9,094469915;7,56882494;7,226361746;7,422832303;8,184036082;9,273646646
577,977;30,63784005;32,10422041;30,69059889;24,1533198;15,78938909;20,90116271;7,781670573;6,772499412;7,581524781;12,75559201;6,024813972;14,4709921;17,15900131;54,26726645;44,00501224;35,47334836;32,74277672;26,86432247;33,07772506;30,52940754;43,64588456;9,265513716;10,91418144;7,563374347;0,464094907;0,121706812;1,160188742;29,49719592;33,30560162;27,4124066;37,30531698;25,14108205;24,01093118;3,799875444;4,038820302;3,811844994;3,747342626;3,700729;3,757334388;19,17010942;17,98922196;11,67048362;10,57124417;10,43850792;9,823869539;7,380589411;9,744529953;8,018625536;32,42338089;36,46928286;36,3369988;13,44028345;13,05845506;12,27918548;9,094020828;7,391990227;7,216638431;7,436606491;8,156659292;9,321887251
578,557;30,52919854;32,00659401;30,71220422;24,05813126;15,79356176;20,78910784;7,845829031;6,842042499;7,625497402;12,62266862;6,000557942;14,40709416;17,14284515;53,8759457;43,6307231;35,43936864;32,74678597;26,8464671;32,91438916;30,43708388;43,58755298;9,290060526;10,89764366;7,612474914;0,485020798;0,120629145;1,194851688;29,24406749;33,06003528;27,29612175;37,08232956;25,03150635;23,97260028;3,804639071;4,048583172;3,832052848;3,787047591;3,714282739;3,797230576;19,07128171;17,9292904;11,55986894;10,54995473;10,43737796;9,781255556;7,328759462;9,75054599;7,965526454;31,95665242;36,10668503;35,89644138;13,26930706;12,8965591;12,07807497;9,080840099;7,417326511;7,227130357;7,470038341;8,131477046;9,150598656
579,138;30,37398561;31,94496175;30,54353503;24,05134677;15,74200493;20,83848403;7,80014006;6,76967319;7,6044605;12,54196845;6,00252362;14,29559894;17,10778465;53,47279959;43,38012182;35,32571522;32,62316935;26,78578011;32,64898169;30,27088305;43,25520166;9,398111386;10,83946543;7,567861752;0,519981937;0,189147322;1,257253683;29,01348709;32,87422682;27,0715137;36,97240772;24,95544548;23,8677022;3,762303405;4,029993529;3,794388463;3,709387028;3,689756489;3,739659758;19,11155717;17,89621766;11,58845022;10,63687554;10,43083516;9,815171902;7,26987712;9,63883896;7,91339591;31,78928305;35,92024292;35,65607734;13,11124213;12,7579035;11,93815576;9,10181829;7,317830085;7,141495143;7,462265643;8,139234844;9,157695163
579,719;30,47721219;31,8000959;30,41323443;24,0224629;15,75722792;20,67024438;7,864652035;6,829227586;7,664273389;12,47086846;5,953923945;14,2681115;17,0921657;53,21860515;43,09259031;35,44205583;32,70041634;26,81272107;32,58672791;30,12551699;43,13361886;9,41081304;10,91734975;7,657263047;0,4870821;0,19534558;1,194364882;28,8558914;32,43584904;26,79714688;36,85204331;24,91232086;23,80159533;3,823519607;4,031952036;3,824090409;3,750900953;3,767602211;3,792133409;18,97537974;17,7716823;11,48662676;10,69280469;10,46116332;9,776344813;7,246731166;9,563995268;7,877871032;31,55417674;35,45616391;35,25682947;12,93234461;12,5115091;11,72063159;9,014769623;7,287687097;7,137250176;7,391854189;8,058783002;9,081875016
580,3;30,28214679;31,71543839;30,40387801;23,9726504;15,6787406;20,66215989;7,854411723;6,828868123;7,591153807;12,367561;5,919135294;14,07162179;17,09386382;52,79249949;42,65759778;35,33077318;32,63630804;26,73626597;32,38880719;30,06642096;42,91261168;9,437561838;11,05056801;7,650979828;0,529256511;0,230520819;1,25493131;28,56978183;32,23658123;26,55441571;36,59007098;24,82672717;23,73809143;3,790622246;4,042829651;3,82783287;3,746362261;3,742999515;3,797176415;18,97030804;17,78322452;11,48168909;10,68284003;10,47771082;9,848228448;7,172052841;9,472911651;7,788176801;31,16207505;35,07076946;34,95423898;12,68943986;12,44496147;11,6137262;9,080174623;7,322905376;7,232696315;7,459413122;8,07759283;9,063179605
580,88;30,14219338;31,61988527;30,18677772;23,9425554;15,71063723;20,64942076;7,802613988;6,770206523;7,582837889;12,29386638;5,925568023;13,96770628;17,07513998;52,55494485;42,46293176;35,34199535;32,72078714;26,69173493;32,35261613;29,99569848;42,90855986;9,553592884;10,92536208;7,731028787;0,511027204;0,191478569;1,220891254;28,3210752;32,01720204;26,3299413;36,60083628;24,89238244;23,77444852;3,785013723;4,025903315;3,794840029;3,759339119;3,694804029;3,749299904;18,89202361;17,72835095;11,43585794;10,74616423;10,48982534;9,85941894;7,098332934;9,35224157;7,773422363;30,90837812;34,84158728;34,57136375;12,57340531;12,25693456;11,43986214;9,062799799;7,336686941;7,126831176;7,416782004;7,970394483;8,943235668
581,461;30,09700097;31,52800958;30,09919684;23,83722276;15,67845186;20,65104723;7,84898449;6,83092366;7,587062656;12,18864538;5,930951118;13,80942776;17,01425821;52,13572615;42,29766479;35,33219647;32,71477094;26,71530134;32,15146246;29,91262224;42,79296113;9,571323474;11,08794444;7,715152614;0,501897204;0,091495968;1,146494207;28,11542997;31,75387531;25,96122891;36,37870726;24,72348948;23,56187286;3,76441489;4,041119783;3,826364568;3,755271221;3,716184779;3,782490296;18,7778674;17,60738408;11,39008935;10,68033661;10,43663052;9,841454939;7,068028453;9,270493761;7,719779401;30,58742958;34,5262943;34,14716438;12,30010063;12,08561853;11,22501266;9,022564912;7,15091898;6,972317874;7,448477125;8,038840094;8,981229948
582,042;29,90864542;31,40644436;29,89405972;23,92720695;15,6943095;20,5777804;7,812217013;6,831849843;7,621968382;12,08430312;5,923948957;13,76752058;17,01446745;51,69753117;41,7903742;35,31141585;32,56807561;26,58541311;32,05787513;29,79704601;42,67117259;9,681101866;11,20991978;7,759475156;0,44628009;0,116884189;1,201604632;27,89519267;31,61850515;25,8713709;36,29448634;24,74831941;23,54629074;3,774978195;4,030291205;3,835900124;3,757362546;3,742771796;3,789181926;18,73725039;17,7291798;11,3836364;10,76026678;10,46467378;9,870024243;7,028428861;9,178628027;7,64558229;30,32982783;34,21332851;34,01724947;12,14101101;11,87689517;11,08587391;9,104852114;7,123635759;6,909813374;7,464289296;8,019929255;8,957837731
582,622;29,83011542;31,43482887;29,87385859;23,88632836;15,7208347;20,63573627;7,851316082;6,800397294;7,627681249;11,97749333;5,902063155;13,6863062;16,9345097;51,50122002;41,71745483;35,24275181;32,54921617;26,728059;31,91071294;29,65725692;42,44614588;9,63434663;11,12362348;7,869805611;0,5047068;0,143334913;1,242302846;27,62977595;31,30577535;25,60200513;36,14176481;24,64239727;23,49297185;3,809048528;4,042974951;3,830195708;3,761681246;3,729970328;3,759206523;18,75322713;17,65629478;11,30479858;10,73358483;10,5143003;9,851567686;6,981335917;9,116092522;7,596034764;30,09160778;33,89249946;33,52078409;12,04966978;11,71682301;10,91914919;9,028326683;7,136548268;7,008930262;7,384162058;7,905589126;8,867968756
583,203;29,72543437;31,28783492;29,72111176;23,75704125;15,66330026;20,47875339;7,806024566;6,851676462;7,588943799;11,90899466;5,898922805;13,51117085;16,91166743;51,06064344;41,35187509;35,28121429;32,63580443;26,59355218;31,74771767;29,51204654;42,3307261;9,750380367;11,17047554;7,893987592;0,454850492;0,083343005;1,103345681;27,42050758;30,9983576;25,31089532;36,11150413;24,55879801;23,42846786;3,759030007;4,012547555;3,781938629;3,716616619;3,69778455;3,761268946;18,6204381;17,66804972;11,28753493;10,79135237;10,53051697;9,842590236;6,952619816;9,006461734;7,531876053;29,92677095;33,56470605;33,22947841;11,68730477;11,50228875;10,685763;8,973133613;7,034609408;6,835526296;7,422552817;7,939599251;8,944060915
583,784;29,59303751;31,24728257;29,61547781;23,71396576;15,55922921;20,56621646;7,800885362;6,785875944;7,604635111;11,88583289;5,860078786;13,45196911;16,87588022;50,58808486;40,9978857;35,19352073;32,59928594;26,59946633;31,6929515;29,53937917;42,30193338;9,776315046;11,1813062;7,939360283;0,511804534;0,157098018;1,189562604;27,26353514;30,78258976;25,17503165;35,90662268;24,48839945;23,40648061;3,789001904;4,023198324;3,802008095;3,744334059;3,73300211;3,780486139;18,62722258;17,59663689;11,27122099;10,75677339;10,58039417;9,862038377;6,893732449;8,919761908;7,467222361;29,54281265;33,22851204;32,87744497;11,62629805;11,33787412;10,64426788;9,069162319;7,090930731;6,885429002;7,380903217;7,79853489;8,838142929
584,364;29,56618079;31,09602566;29,58598478;23,67502948;15,66644745;20,41778257;7,828528525;6,82089824;7,58618438;11,76984439;5,868331823;13,39506712;16,84127303;50,33733473;40,84908864;35,14807862;32,48965013;26,55500164;31,41775219;29,45991239;42,17954524;9,78454417;11,22744888;7,956767609;0,43492058;0,097861488;1,145939944;27,04977888;30,48750326;24,89983311;35,74176801;24,49476032;23,34044851;3,798194979;4,036803647;3,806220741;3,767505606;3,714321671;3,817967821;18,53586082;17,60807569;11,1663785;10,76732958;10,50872548;9,89305101;6,846479964;8,904663304;7,445511061;29,40526138;33,1222795;32,66561402;11,3421632;11,19519383;10,42973554;9,0218156;6,983399997;6,845004068;7,381147651;7,821658144;8,767229039
584,945;29,52669789;30,94660492;29,49771073;23,65532863;15,63317791;20,48013268;7,813310817;6,821480594;7,60688558;11,7180347;5,802886444;13,26795147;16,8793651;50,1253269;40,56601168;35,21589063;32,53189644;26,6076575;31,41182888;29,36010477;42,09370432;9,854922749;11,19845723;8,047193978;0,479181288;0,173628145;1,122934699;26,75218857;30,27341876;24,75049189;35,66315421;24,43255378;23,2991385;3,747517649;4,009350169;3,795428736;3,746986398;3,71788239;3,776721087;18,51863601;17,49436697;11,14149777;10,76264848;10,51848394;9,875472624;6,794782556;8,748275142;7,371330508;29,30267855;32,69636566;32,42166212;11,32115562;10,99635167;10,33335842;9,025086978;6,99181426;6,752531558;7,410612569;7,80941048;8,753784483
585,525;29,46250505;30,98538305;29,45095769;23,6840355;15,50851677;20,53635336;7,785314059;6,803685064;7,594073515;11,64917498;5,849237849;13,11410319;16,83613061;49,66145053;40,19895385;35,1771222;32,54337302;26,6390151;31,29677082;29,24799696;42,07007509;9,976894649;11,34061505;8,130447238;0,51260891;0,149577401;1,178807884;26,6665757;30,11473067;24,49309674;35,48829178;24,45665876;23,23271141;3,769531588;4,013149381;3,79982355;3,727014964;3,693932043;3,761128022;18,45908636;17,49159415;11,05971134;10,68189055;10,50278466;9,87480227;6,772390018;8,71003974;7,30739418;28,96357372;32,41411039;32,21147978;11,11576923;10,88103911;10,23225483;9,031656425;7,014570909;6,754830859;7,528855352;7,851195861;8,868304953
586,105;29,48520878;30,8448984;29,3443727;23,54485466;15,55428141;20,40721464;7,882714491;6,885961994;7,625012415;11,58494287;5,823785532;13,12331077;16,87975362;49,48446842;40,03187833;35,18673608;32,42712104;26,55703944;31,10824504;29,24553417;41,90005856;9,936820976;11,30891813;8,1066363;0,455223405;0,147493617;1,170823335;26,50853433;29,6206246;24,23986497;35,34625184;24,48085652;23,13612701;3,823679831;4,062061157;3,840144882;3,767464759;3,772429801;3,806488788;18,21889067;17,37049273;10,97334237;10,69934929;10,53254774;9,824236893;6,776466875;8,669668282;7,318181747;28,69998265;32,10936623;31,81406929;10,88227544;10,74410437;10,04999395;8,984640981;6,885956318;6,693785894;7,430074382;7,674495535;8,645998825
586,686;29,39309886;30,67342643;29,32367285;23,62501349;15,54984103;20,39507446;7,884036096;6,864460588;7,62357283;11,49502808;5,793027801;13,00418439;16,81404362;49,18645727;39,85004088;35,19599612;32,48733129;26,50941096;30,94110261;29,08460504;41,7898944;10,10669959;11,39076006;8,255992713;0,542979961;0,146801696;1,180791673;26,24456611;29,54141532;24,05649355;35,20569078;24,34974785;23,08337866;3,813455813;4,0392445;3,807672589;3,77125858;3,734212405;3,790819235;18,24634097;17,45486923;10,95015091;10,84233422;10,55267764;9,879164495;6,759905694;8,607335146;7,250104593;28,53559898;31,85436832;31,69184152;10,77866806;10,599075;9,980103292;9,097609743;6,895298391;6,645706153;7,403319171;7,791237583;8,677989509
587,266;29,31329838;30,60290304;29,33291909;23,71234609;15,55840011;20,26790782;7,81214182;6,845546857;7,622149223;11,45246568;5,796716615;12,8571776;16,74011482;48,90874971;39,53139664;35,12142647;32,43171046;26,4854637;30,85371131;29,05746187;41,65851126;10,1562801;11,45316812;8,157217483;0,401566022;0,131365773;1,122399197;25,90171109;29,26552565;23,73978936;35,07918476;24,34881989;23,0225182;3,772552099;4,008218979;3,803790164;3,728441012;3,718479031;3,757540189;18,13885012;17,45398474;10,84808834;10,77550246;10,52101464;9,908367804;6,701758889;8,51546669;7,207487387;28,23462629;31,43258963;31,35754019;10,64305637;10,42320346;9,827572147;8,992444416;6,794860022;6,749653461;7,446331971;7,691574484;8,662288611
587,846;29,33566546;30,61541673;29,36161022;23,51635059;15,54927362;20,40782972;7,843133781;6,866091748;7,632459802;11,3204704;5,765504601;12,72726944;16,72117334;48,54161771;39,21844536;35,11199323;32,51866974;26,50749978;30,77631486;29,06813067;41,610875;10,13595806;11,51392683;8,25822297;0,501949892;0,123272976;1,196209876;25,79733278;28,96997859;23,51678633;34,94792072;24,41324241;22,93300475;3,814985798;4,045209211;3,822253752;3,742785589;3,709119625;3,783836943;18,15603966;17,3670839;10,84843395;10,78466281;10,59060249;9,894821013;6,658050888;8,454511467;7,165480395;28,12819164;31,3091382;31,15513257;10,45188252;10,24562498;9,739719103;9,013547144;6,824034965;6,668548336;7,479377684;7,680914926;8,612137442
588,427;29,20673259;30,45096594;29,19303243;23,54523893;15,57519729;20,33958798;7,800479456;6,876022974;7,587443061;11,26284438;5,767169417;12,61251685;16,73285801;48,1248444;39,01565528;35,14744405;32,41960361;26,44308973;30,65408229;28,86203309;41,50898257;10,24355355;11,53627154;8,340649339;0,502476578;0,162604992;1,255152872;25,4291916;28,94061861;23,4089894;34,75211111;24,24526995;22,87559362;3,787109798;4,022683733;3,803226437;3,732498905;3,705702915;3,773313638;18,09343504;17,30109056;10,75874677;10,75074853;10,5484152;9,952038172;6,543235026;8,326326215;7,083213309;27,73709185;30,84576692;30,97128613;10,34537154;10,1292847;9,554715746;9,017571708;6,756029948;6,673337401;7,428076596;7,660445036;8,64315496
589,007;29,12600179;30,41414416;29,15134948;23,51223031;15,52379377;20,26655902;7,822891459;6,843789425;7,603935289;11,2568244;5,742458449;12,56173771;16,66077531;47,87477537;38,73459499;35,14495744;32,5989758;26,45726748;30,5751207;28,87574718;41,37781264;10,26795507;11,54589494;8,423818432;0,481307334;0,131514857;1,209161633;25,43438355;28,65251296;23,14453278;34,7641309;24,35283824;22,90496536;3,774787121;4,013982307;3,797946344;3,758433739;3,708527767;3,788898428;17,94289578;17,24183579;10,80909622;10,80286766;10,55841251;9,853240298;6,558932251;8,337933621;7,051285215;27,69163009;30,68361482;30,59608302;10,13852715;10,02308742;9,391477983;8,916058875;6,768649602;6,683404261;7,454773461;7,685638022;8,659137974
589,587;29,02774139;30,3547188;29,03615319;23,45024147;15,63378704;20,23126234;7,875823814;6,848324296;7,659929852;11,2054263;5,742322538;12,51354155;16,68625338;47,66918766;38,52455756;35,24123087;32,46908501;26,4447163;30,53710427;28,86264304;41,19883949;10,28730604;11,62375124;8,401776543;0,476272739;0,172370948;1,205060557;25,08216165;28,39002789;22,98791169;34,61758883;24,26114711;22,89664216;3,814436146;4,046000119;3,809954717;3,741260835;3,730461167;3,820230385;17,99677304;17,30319722;10,6783654;10,90833301;10,5900606;9,907584354;6,548007381;8,269925708;7,048822981;27,42263101;30,3729408;30,22005613;9,955623339;9,876334593;9,352565033;9,010377997;6,718623761;6,604699462;7,380377754;7,648263617;8,540925667
590,167;29,03554338;30,2433521;28,96794002;23,46275588;15,48177474;20,25642128;7,88955069;6,835822152;7,573052036;11,11216099;5,711334887;12,44020157;16,60833862;47,46759136;38,27765672;35,0458818;32,30375518;26,3743361;30,32703991;28,69142242;41,0610342;10,45129682;11,67133269;8,484467871;0,483237617;0,092910721;1,106936861;24,87248311;28,10609358;22,74608837;34,41668841;24,16002933;22,73723254;3,815912015;4,048466862;3,788487181;3,752537677;3,751257664;3,78018161;17,9828417;17,17455877;10,73095547;10,82034297;10,64389301;9,939303527;6,531924175;8,174762472;7,021348689;27,33896453;30,21314525;29,98595975;9,871780248;9,71479033;9,166569157;8,995861572;6,665252903;6,521358881;7,394281785;7,626609978;8,555047312
590,747;28,93631555;30,17883386;28,8279126;23,45091209;15,42007312;20,17450022;7,833191404;6,813180978;7,617566066;11,09212876;5,702590098;12,3915083;16,65467049;47,1250179;38,06437148;35,05867422;32,40686156;26,39112218;30,2414098;28,72954952;41,1049716;10,46445251;11,62149984;8,455467055;0,461488861;0,131603757;1,187341618;24,83273008;27,86371888;22,54147697;34,29048524;24,16768265;22,71035109;3,786745319;4,031667819;3,803623094;3,77732329;3,731392586;3,803850795;17,85896669;17,18859997;10,66789525;10,81321442;10,64436568;9,902087913;6,48577724;8,103708897;6,949465175;27,16293084;29,99776414;29,76245486;9,690939173;9,648878097;9,04201527;9,005923332;6,654068116;6,537440004;7,353258137;7,563895013;8,450929022
591,327;28,83462281;30,01154937;28,79765258;23,43611343;15,40487179;20,12511425;7,84957789;6,847050153;7,568547132;10,99763666;5,709964341;12,23827656;16,64018315;46,74634477;37,76865295;35,14528561;32,37491556;26,3583817;30,21722078;28,58405665;40,94328274;10,47093759;11,75196965;8,542416655;0,448200892;0,120024833;1,187884166;24,65302058;27,70384384;22,37971323;34,09393814;24,15140678;22,68615517;3,795471219;4,024750132;3,78510922;3,76644582;3,723987088;3,784634116;17,78977255;17,08937336;10,59146299;10,82313252;10,62583446;9,854147095;6,423592467;8,127422023;6,901078169;26,85009393;29,57388683;29,58759834;9,513731328;9,570296829;8,963235229;8,938221973;6,600384748;6,545764104;7,41473641;7,411670007;8,431841348
591,907;28,78367893;29,94684312;28,64918455;23,39015376;15,40726629;20,09764507;7,851373683;6,847097175;7,619988542;10,94788995;5,690820119;12,14108001;16,61235233;46,5546358;37,67242842;35,11712005;32,3964947;26,42132746;30,10908233;28,62028064;40,90500394;10,53480286;11,7941794;8,621090188;0,463630295;0,049144868;1,192862978;24,51563606;27,62253723;22,16838242;34,08391418;24,12927165;22,63950911;3,764187402;4,026554192;3,799478926;3,754842888;3,711613637;3,779479073;17,76647622;17,05437839;10,55079898;10,84264929;10,65553855;9,970630607;6,397477918;8,000334897;6,84521612;26,68387661;29,47784378;29,31726097;9,379012048;9,272131333;8,84466171;8,947211951;6,619035512;6,572751008;7,365062912;7,45946104;8,395576624
592,487;28,7625879;29,93182991;28,73903767;23,17772607;15,36359279;20,0407551;7,837609862;6,827866149;7,614169613;10,89001913;5,674028186;12,03751055;16,55347602;46,34591471;37,55052203;35,11408503;32,33876447;26,36597844;30,03239892;28,45471635;40,70876332;10,66056969;11,80104664;8,721568898;0,457956394;0,078699549;1,15453363;24,28635709;27,32215331;22,07607771;33,85677694;24,03866139;22,53021657;3,750025522;3,998288856;3,771514904;3,721282876;3,70353548;3,759102178;17,76199706;16,94605363;10,44576859;10,82102328;10,60497035;9,920003265;6,40342479;7,938760326;6,826838073;26,54431379;29,3150774;29,1334106;9,278416;9,184807889;8,646735086;9,022653619;6,537025042;6,51604829;7,359035786;7,544794311;8,407317698
593,067;28,67690527;29,91460115;28,50016488;23,29240431;15,40273188;20,0574057;7,817770391;6,828293683;7,585574141;10,80580055;5,659627085;12,01414696;16,58554232;46,0772311;37,25422908;35,1089643;32,34779406;26,35928334;29,87195655;28,4088991;40,63544431;10,71201136;11,9813538;8,828978366;0,42314318;0,101125001;1,129064201;24,10066476;27,04341936;21,84897009;33,84065353;24,02429462;22,5570376;3,776819209;4,033469703;3,764366242;3,731006609;3,704374383;3,744067983;17,69032165;17,04277894;10,44494163;10,90662581;10,68936773;9,957626774;6,345588612;7,898697196;6,799428105;26,36820961;29,00091209;28,88078037;9,007056303;9,045312138;8,606818496;8,937468879;6,502095375;6,419022923;7,386337969;7,526263902;8,449524154
593,647;28,52849876;29,85095927;28,47866444;23,19452386;15,35063527;19,9756587;7,870312548;6,832535661;7,662905536;10,79471391;5,692909218;12,00093812;16,59978373;46,07178457;37,18682749;35,04126091;32,34239512;26,27752545;29,72873797;28,35042836;40,4466762;10,7580906;11,9913453;8,768620804;0,430097999;0,100070878;1,138620593;23,83397449;26,85404969;21,57451764;33,71162331;23,91004393;22,46622906;3,760583147;4,019240532;3,779254731;3,761311476;3,747606735;3,800634819;17,60283073;16,9438322;10,38529611;10,88297228;10,6521247;10,02387242;6,370945726;7,877197404;6,795906607;26,14434086;28,65215677;28,56859276;8,888454071;8,811093318;8,467812307;8,922016319;6,455786008;6,444871802;7,400411874;7,508522207;8,397406419
594,227;28,54967191;29,89127549;28,49667479;23,10988544;15,31109459;19,96530483;7,841047083;6,876886672;7,602397583;10,78640551;5,643954594;11,94589699;16,58290343;45,77231609;37,00857236;35,04421497;32,24419207;26,30153153;29,69812534;28,3359494;40,46427787;10,80817816;12,03467178;8,867665732;0,485785059;0,134144937;1,18800399;23,80186989;26,76442057;21,59794198;33,59866439;23,88108307;22,43002333;3,781421534;4,043608439;3,7957967;3,787907269;3,744504017;3,799805273;17,63680806;16,90019745;10,31282429;10,84686698;10,66781814;10,0164929;6,358750247;7,804245676;6,75452899;26,06972554;28,52768924;28,4000151;8,848249523;8,708791628;8,452825768;8,952340891;6,448639773;6,464369771;7,401754343;7,495765149;8,397700154
594,807;28,40817491;29,70309385;28,38540195;23,21353629;15,34323016;19,95247768;7,848570583;6,847890267;7,601575157;10,70959138;5,653992073;11,85506216;16,53322306;45,41652202;36,85705305;35,0250176;32,40584292;26,34367845;29,59802615;28,33630687;40,42976373;10,87121007;12,0857072;8,950258864;0,471235869;0,15439343;1,207698534;23,78948151;26,51941194;21,32504901;33,50157982;23,92493597;22,36896866;3,777501007;4,015058165;3,82057412;3,756969361;3,730758057;3,77635197;17,57793981;16,8618898;10,28855725;10,87678055;10,67494939;9,994129749;6,27407873;7,732357216;6,693530661;25,77383077;28,30060778;28,04573814;8,693065621;8,709155234;8,3378863;9,018301623;6,531492227;6,508922199;7,351348775;7,352649661;8,300266896
595,387;28,44075224;29,71303212;28,31873071;23,23726003;15,25094457;19,90007418;7,815309857;6,844283153;7,654217035;10,61610408;5,662436001;11,77001219;16,55786647;45,30939397;36,64635699;34,97641025;32,28812913;26,27494828;29,47518796;28,21152015;40,3714155;10,88045463;12,10432755;8,962850594;0,398661758;0,059827804;1,124783086;23,5234874;26,25827803;21,17555916;33,42047121;23,88417897;22,36199665;3,762874653;4,014967384;3,798854866;3,760886099;3,701981836;3,779713767;17,60557522;16,86936596;10,22476346;10,8757055;10,71161086;10,02025601;6,229729945;7,648833154;6,653845196;25,66243788;27,992938;27,9008449;8,590076526;8,538245156;8,153406611;8,869770722;6,428810387;6,353843362;7,367233202;7,423692509;8,19011607
595,967;28,40440403;29,6345265;28,3492794;23,18288633;15,20873204;19,90599575;7,814991111;6,853077366;7,601428135;10,59094204;5,614002473;11,67535809;16,44025298;45,02416177;36,45511222;35,01249461;32,38736998;26,27478686;29,35197338;28,18599861;40,2911873;10,97442521;12,17064792;9,027611704;0,449802753;0,011907982;1,105944887;23,32900807;26,09658779;20,93493317;33,34843932;23,86513803;22,2329585;3,754866614;3,975148086;3,790265421;3,734568909;3,708047295;3,774842149;17,50464083;16,83577697;10,1762268;10,84706711;10,64294038;9,973196257;6,181354245;7,572184622;6,649139099;25,47530228;27,83542243;27,66095453;8,464231572;8,351271283;7,948571021;8,919340226;6,24437862;6,318777359;7,468015305;7,420891266;8,297481144
596,546;28,42462407;29,64679855;28,26432537;23,14796127;15,2271018;19,97603262;7,859287576;6,864136266;7,59250591;10,5437259;5,639137993;11,6670359;16,43451381;44,69770573;36,19010833;34,93842527;32,23406965;26,14667945;29,26603881;27,93251695;40,06869014;11,10326243;12,19258807;9,045190968;0,466819895;0,124637992;1,169607332;23,26459244;26,0103386;20,89709226;33,27850879;23,72783198;22,19492876;3,787709748;4,013480761;3,777615603;3,729068875;3,726025537;3,745994917;17,48019485;16,77076406;10,14293669;10,93209143;10,7536173;9,979456789;6,195576779;7,541272143;6,621616599;25,43507188;27,72846737;27,45615677;8,340580701;8,332051392;7,963732526;8,921119536;6,356398675;6,359812796;7,394845239;7,385161944;8,302664865
597,126;28,30196636;29,64139592;28,27714449;23,03283071;15,24639018;19,88125914;7,856672148;6,796432618;7,582016465;10,47747702;5,60708716;11,51940578;16,39580815;44,34376366;35,84885262;35,16724111;32,30315681;26,23541876;29,33242368;28,03315968;40,09896214;11,03164575;12,18720103;9,017315359;0,47587001;0,115304003;1,165381827;23,20280052;25,78506836;20,60564628;33,36045817;23,82260271;22,20933269;3,765798019;4,01291339;3,79639448;3,741224983;3,709967774;3,792717315;17,53660178;16,75877545;10,1318394;10,9529197;10,73421243;9,9883777;6,213545707;7,480928751;6,614629094;25,11004835;27,28739429;27,23708882;8,268535077;8,193981142;7,915941127;8,919080162;6,417748967;6,347727578;7,315012615;7,312225023;8,152406337
597,706;28,23924093;29,4582629;28,17258948;23,01656179;15,28861445;19,9157982;7,885122496;6,86526449;7,633737502;10,49378659;5,625254952;11,60715288;16,40498139;44,27777724;35,79260216;35,17791766;32,40307751;26,21544857;29,2219685;28,07911766;40,10659896;11,13708052;12,21484912;9,132601321;0,507841879;0,178300637;1,266469106;23,11465832;25,79145816;20,56605954;33,12543671;23,74635353;22,12751728;3,805079988;4,049636744;3,833388657;3,76697941;3,768754037;3,823151421;17,37541041;16,62229638;10,11575636;10,96179535;10,79696342;10,08829642;6,192042789;7,504101018;6,578688973;24,95076655;27,09984513;27,04551369;8,178093674;8,116524064;7,901568145;8,934922201;6,407095397;6,348612323;7,316585619;7,238099825;8,218559772
598,285;28,23713568;29,40040865;28,04822497;22,98461212;15,12216439;19,80794283;7,854549272;6,81537072;7,578846253;10,4078824;5,585919217;11,46866253;16,40845074;44,13771191;35,78433404;35,09539213;32,32135918;26,26836753;29,04695944;28,02353386;39,99857649;11,20803492;12,2776681;9,220883054;0,427904463;0,105503273;1,228581015;22,98987714;25,48708911;20,34197686;32,99067438;23,71395085;22,12350554;3,761483444;4,017221235;3,792899474;3,765296876;3,72316908;3,794517468;17,29782785;16,59336143;10,04096487;10,91037309;10,69240539;10,06621814;6,148423622;7,389764806;6,553558769;24,80565341;26,94878474;26,90889468;8,080803409;8,032824404;7,721605189;8,92668408;6,266767091;6,357181087;7,316352186;7,313273485;8,282428079
598,865;28,18008094;29,3216302;27,98373052;22,94412794;15,18594779;19,79851998;7,886663336;6,873536796;7,671081605;10,38532493;5,606964805;11,43073934;16,45854507;44,0521518;35,71377566;35,06669392;32,39395351;26,23020142;28,95839511;27,9720974;40,00949675;11,23075817;12,38779495;9,28406439;0,41616725;0,09971076;1,218052837;23,02736598;25,44864515;20,40144842;32,79003489;23,65036188;22,11638896;3,77981215;4,014764161;3,813285934;3,737690755;3,738660139;3,794666472;17,2869837;16,55394631;10,02103881;11,01581988;10,82823874;10,05383631;6,123428896;7,416588735;6,500309357;24,78442542;26,73644624;26,72293427;8,090964306;8,018176364;7,677509349;8,972992872;6,321167566;6,362999821;7,271500972;7,252665826;8,197333744
599,444;28,02942702;29,25570287;27,88939824;22,84217398;15,11982033;19,77993913;7,892614634;6,859059353;7,642202548;10,3332815;5,569462466;11,35376001;16,39647587;43,87259986;35,75136877;34,96347689;32,24713188;26,19112088;28,85197324;27,80335171;39,84355935;11,34710745;12,40938222;9,321459482;0,497338284;0,159584608;1,204800375;22,74116269;25,28878558;20,19127854;32,67961816;23,52142498;22,03750697;3,772183667;3,98534108;3,802239332;3,754983692;3,725621334;3,774197667;17,23880821;16,49342106;10,02393439;10,99874404;10,85113807;10,13889992;6,082759977;7,392934959;6,478819899;24,5341991;26,7122169;26,57978653;7,871422737;7,8912516;7,582267509;9,003922144;6,245540698;6,335340999;7,388337217;7,294999649;8,20798193
600,024;28,02328822;29,17294682;27,90436152;22,93835885;15,1304509;19,80856608;7,926556727;6,911083062;7,625182641;10,28138015;5,604003565;11,28553603;16,45846589;43,88983198;35,63304729;34,92515648;32,2590533;26,12779508;28,78191532;27,77196282;39,81800313;11,4486568;12,56730328;9,416637254;0,572499119;0,167220505;1,249761894;22,80931695;25,27644922;20,01889323;32,5566534;23,5069243;21,95875044;3,797763925;4,024258964;3,786617308;3,733811038;3,737108637;3,783815433;17,20241184;16,49058241;9,918924131;10,98256193;10,80053225;10,10801168;6,081160948;7,353573109;6,494013475;24,44691773;26,47383351;26,27581691;7,872629548;7,851832988;7,530116048;8,952818359;6,292898701;6,31105081;7,413912181;7,359785177;8,158370425
600,603;27,94282912;29,07905037;27,81052406;22,82985169;15,15154503;19,76009839;7,926505545;6,861141621;7,640200866;10,26085081;5,567042907;11,25590507;16,44206148;43,65356327;35,43015796;34,92025024;32,27280769;26,22849624;28,63724127;27,6537945;39,72913114;11,5420925;12,49420787;9,422485875;0,432884944;0,137576696;1,216392823;22,62125429;25,09658392;19,87441832;32,58826766;23,50519297;22,00149811;3,782753459;4,015582707;3,785329947;3,727843673;3,738802939;3,786237975;17,23900509;16,45409738;9,940675363;11,02793144;10,85818926;10,08452898;6,06736268;7,29358738;6,481956046;24,31718147;26,10444788;26,09492364;7,652579257;7,810625836;7,449119529;8,991952528;6,240369339;6,310583992;7,395791418;7,255692183;8,075534795
601,183;27,88111296;29,03976529;27,80546692;22,85697644;14,92958398;19,67991386;7,855245109;6,903202785;7,648897732;10,26055305;5,600748151;11,18604811;16,39118004;43,31679603;35,24037558;34,94644673;32,2527484;26,21003476;28,58340272;27,63496129;39,64536737;11,60627781;12,56804596;9,410928087;0,501863757;0,167213773;1,245716335;22,50537099;24,80398614;19,69144103;32,32719908;23,53935871;21,89369292;3,789753137;4,048081413;3,793732335;3,74902842;3,731869936;3,77417317;17,10306566;16,35442375;9,840508278;11,05671592;10,80800074;10,05029368;6,066498252;7,232181572;6,419227428;24,16126236;26,04344805;26,08712938;7,620876623;7,684953288;7,377742165;8,9758862;6,265489868;6,312173651;7,31323609;7,172038459;8,108089678
601,762;27,75194952;28,93951759;27,62148647;22,7499807;14,84842531;19,57719403;7,926449608;6,885235008;7,697379798;10,20129924;5,596820109;11,22769743;16,42142992;43,20233588;35,24266302;35,11290168;32,25055541;26,15711148;28,47321059;27,59148798;39,60178502;11,66194975;12,6649078;9,600547709;0,491855908;0,172393019;1,188364533;22,46854934;24,71562681;19,54774901;32,23463871;23,48398472;21,91561237;3,760231361;4,047996052;3,79920721;3,777093615;3,74438704;3,815057042;17,11503535;16,38860804;9,790505059;10,99193619;10,81743268;10,0448373;6,065137446;7,1852311;6,411278391;24,00091437;25,75532225;25,81594415;7,380890572;7,54174375;7,274236521;8,96453082;6,201545403;6,294236169;7,346924344;7,234326683;8,14596203
602,342;27,76048446;28,94185986;27,66888909;22,74152032;14,94947223;19,56856678;7,875489475;6,902166996;7,619024659;10,17032124;5,581001097;11,1322952;16,32682862;43,07250329;35,11554302;34,94180694;32,20384041;26,11296259;28,38721684;27,44658243;39,49539412;11,70475323;12,67663085;9,591881792;0,435411147;0,126716039;1,188622695;22,29471529;24,56901539;19,37156699;32,13156853;23,41717443;21,88439033;3,75160228;4,016991062;3,805299401;3,751579121;3,716815994;3,80668591;17,1010245;16,34653089;9,745333466;10,98889947;10,81813465;10,00145206;5,982944965;7,154909017;6,386811876;23,8574967;25,59874444;25,65516739;7,28854478;7,382388368;7,17598336;8,968992923;6,233774254;6,27840467;7,327997974;7,265507638;8,034159329
602,921;27,72083674;28,86134049;27,59222217;22,65486051;15,05181214;19,64831211;7,879047249;6,900197793;7,6332648;10,13953237;5,609640583;11,13228355;16,39030595;42,8867961;34,90281631;35,00864765;32,21011387;26,19759741;28,29312754;27,49332532;39,43018546;11,78174286;12,69288763;9,699922351;0,448066971;0,10235939;1,19467061;22,07289311;24,36969075;19,15456512;31,95867105;23,37353049;21,79543285;3,771601751;4,012759724;3,813954609;3,778465483;3,734676493;3,808109767;17,10717467;16,36540403;9,764264637;10,98465441;10,7978607;10,09962867;6,023424976;7,152529993;6,367450413;23,8082925;25,49105584;25,56123663;7,155839431;7,262779898;7,050296396;8,906523801;6,130493105;6,223595963;7,389482662;7,24891998;8,010352948
603,5;27,63238447;28,86737035;27,50308107;22,76861794;15,02238714;19,58594848;7,856849692;6,894304694;7,610138285;10,07831481;5,553351717;10,96979702;16,35311592;42,70254096;34,69079093;35,09244913;32,21913106;26,16196135;28,26529948;27,43335756;39,41175873;11,83849943;12,73364076;9,740020048;0,492788758;0,13842193;1,171961214;22,06351642;24,26333773;19,04169717;31,91379551;23,36160885;21,76869635;3,773117421;4,021791387;3,772093548;3,726002834;3,733496927;3,766828806;16,99505908;16,24374629;9,636883675;10,90978562;10,83022856;10,1081918;5,961822217;7,040876937;6,39711417;23,56988755;25,32256059;25,35693931;7,094135096;7,177957556;6,983016103;8,919091196;6,139428319;6,208854527;7,328012895;7,198881587;8,132647569
604,079;27,51833934;28,76161443;27,5711;22,631554;14,92248783;19,61307003;7,896650736;6,874951818;7,617198355;10,04167867;5,537032218;11,00608641;16,27732443;42,45759347;34,48275081;34,91852837;32,15662133;26,04893614;28,23437559;27,42398556;39,31123023;11,80801389;12,77637818;9,627293206;0,4466381;0,120550015;1,229553462;21,98624166;24,1631564;19,04185775;31,86035915;23,34996348;21,73228156;3,761391195;4,01446549;3,813337226;3,736045532;3,716794053;3,739886007;17,05687224;16,20871484;9,714964795;11,03029795;10,82860063;10,12124702;5,936302657;7,04781999;6,302476599;23,52947861;24,95541168;25,13426844;7,012090616;7,131156365;6,995365615;8,877551183;6,187826012;6,333813629;7,287947282;7,115915655;7,987653673
604,659;27,58553786;28,63718856;27,50931043;22,68364787;14,96495508;19,5335156;7,913045673;6,925799256;7,642302734;10,04042504;5,600950371;10,96440785;16,29376971;42,33056666;34,27851796;35,02495596;32,31984086;26,15822713;28,17195413;27,42795453;39,2872932;11,90914837;12,86725693;9,739494721;0,492598085;0,188508891;1,203567877;21,92156947;23,98879803;18,86154442;31,88183966;23,36686321;21,77754022;3,815085834;4,054705134;3,827324554;3,775368563;3,753624502;3,804811904;16,95725419;16,24890524;9,597678472;11,03587938;10,85219545;10,08049779;5,952008773;7,048484056;6,331984952;23,39071264;24,85440515;24,80930308;6,958783393;7,078892569;6,906005895;9,043488123;6,222741751;6,260767694;7,275320128;7,112904692;7,983117565
605,238;27,55556872;28,72024312;27,45507997;22,55942952;14,85339803;19,57110608;7,886914918;6,885566315;7,572109158;9,958584477;5,551973958;10,85725659;16,28531292;42,19944375;34,2954621;35,03789388;32,30317772;26,05750381;28,08168846;27,37077487;39,17059103;11,98817368;12,83135253;9,90581945;0,385031171;0,115446237;1,17783035;21,77513123;23,89104998;18,66130357;31,84290765;23,2605493;21,65492372;3,77690146;4,037630403;3,788423773;3,761303039;3,721772365;3,781611934;16,92406607;16,21540868;9,57589731;11,01993586;10,8658601;10,14021464;5,900458047;7,007742161;6,273879537;23,10736043;24,68424412;24,86443449;6,791720726;6,960715574;6,790753697;8,957131718;6,143065375;6,210948832;7,362420285;7,108047105;8,040201995
605,817;27,44870889;28,6485375;27,36671832;22,50264186;14,83288032;19,58805337;7,885868205;6,908801125;7,650649716;9,99572649;5,546598472;10,86384793;16,33388244;42,03748084;34,16866843;34,9983359;32,22356353;26,06104382;27,99464661;27,3982445;39,13098091;12,06283625;12,96367174;9,938944931;0,442441463;0,141088655;1,264249619;21,7990928;23,81290308;18,55469429;31,72248561;23,25142903;21,66639194;3,762828617;4,022989305;3,816316935;3,747734294;3,726041794;3,813566508;16,81471256;16,06654534;9,525679358;11,04520061;10,95295861;10,11666059;5,890189387;6,961464995;6,274646896;23,09784642;24,61943573;24,65722924;6,771780826;6,928755649;6,778033414;8,93657274;6,156735241;6,208917436;7,373291846;7,100859447;8,008401932
606,396;27,3885408;28,44876153;27,347788;22,60487638;15,02438441;19,60663073;7,92591935;6,899757294;7,632887634;9,916539451;5,534153028;10,8200676;16,29232249;41,92286958;34,11362165;34,91930721;32,19128205;26,07817191;27,9845237;27,32528893;39,08371305;12,14816253;12,98260026;10,0000906;0,456948895;0,121735908;1,240989138;21,6031878;23,72474838;18,52428821;31,68633322;23,26107311;21,62799079;3,763177721;4,02200699;3,806430769;3,769638311;3,729279573;3,766955471;16,84835935;16,09919374;9,481907942;11,04599494;10,93211641;10,14354818;5,881766899;6,916727068;6,257833166;23,08472288;24,4386316;24,61293987;6,687074009;6,878808583;6,751844072;8,915606377;6,159885266;6,195324877;7,342282131;7,155675421;8,002578508
606,975;27,3061385;28,37952798;27,22522366;22,62503706;14,94081748;19,45615345;8,001011123;6,940673947;7,748488002;9,931617773;5,564479194;10,84876532;16,36810275;41,8770918;34,10632433;34,95237401;32,22372447;26,11310768;27,89835542;27,32775066;39,13291073;12,18432845;13,16754355;10,02187853;0,459030425;0,10771761;1,221329;21,48345636;23,5516458;18,35405385;31,65073192;23,18011765;21,670465;3,809192234;4,053062399;3,83080738;3,77323282;3,769748562;3,828134319;16,89092414;16,09608988;9,501302983;11,15141171;10,954551;10,20336232;5,926428955;6,949043028;6,270275122;23,01880847;24,39815462;24,36858313;6,638613352;6,75632568;6,606041418;8,975271184;6,136633483;6,102894271;7,411330874;7,07834514;7,935665061
607,554;27,20204776;28,45137304;27,1922165;22,57045145;14,83129984;19,41334733;7,928602181;6,913062075;7,620165066;9,884140402;5,554094963;10,73672614;16,33112195;41,92545139;34,02892326;34,89912194;32,20882162;26,09883125;27,74513015;27,11326347;38,9695729;12,23535498;13,14134607;10,14048531;0,533080515;0,170768744;1,309416354;21,50151786;23,48378672;18,47473283;31,43119473;23,1146275;21,63253797;3,784944877;4,053706848;3,818479694;3,770250551;3,734522771;3,804448504;16,82387914;16,07567786;9,446920139;11,13416139;10,92211818;10,25154615;5,882032229;6,90028328;6,272129828;22,93375684;24,18099258;24,29594809;6,649023669;6,81644704;6,624022905;9,043167911;6,148480121;6,277183379;7,40103767;7,103814051;7,97040921
608,133;27,22397836;28,27527535;27,12903628;22,52767148;14,83529844;19,4456413;7,915382669;6,921951049;7,681379891;9,77126531;5,537233466;10,69654677;16,28968252;41,74616495;33,83893184;34,89466169;32,15026989;26,00576571;27,75496425;27,16594848;38,909095;12,40515352;13,18372313;10,18863826;0,428041051;0,155368033;1,270930572;21,51756427;23,43257805;18,21718282;31,35767401;23,12257411;21,58551243;3,763363053;4,021765331;3,811485496;3,78197053;3,735925444;3,803244647;16,83803076;15,98262086;9,359165282;11,12740904;10,97613353;10,22131531;5,875306321;6,871173776;6,195517982;22,82592437;24,00978533;24,20563325;6,485963237;6,692060792;6,559280994;9,015387108;6,148148696;6,171073801;7,37387738;6,975858056;7,995954169
608,712;27,18292705;28,22565322;27,093529;22,46788816;14,82904678;19,40762759;7,892628855;6,915135215;7,666588268;9,772282212;5,514983608;10,65739496;16,35266154;41,46933324;33,82269514;34,81133265;32,19384082;26,10341857;27,61510049;27,22242458;38,84065886;12,26824403;13,18529213;10,22404399;0,449132773;0,149134173;1,270615427;21,37694875;23,33617493;18,18359992;31,30851483;23,1494865;21,55075723;3,775934289;4,005163128;3,754735353;3,76206572;3,741382641;3,778587075;16,77295195;15,97864957;9,390395616;11,06818023;11,00173712;10,20012106;5,820118278;6,854250111;6,158084915;22,62596954;23,90549659;23,88676225;6,466704703;6,573243235;6,524374663;8,93403547;6,091715301;6,158710648;7,272920882;6,976301991;7,84281672
609,291;27,14389236;28,29110758;27,05944965;22,35405816;14,73088932;19,28263932;7,932688316;6,950945642;7,687175399;9,799543758;5,538807194;10,67614469;16,33708757;41,44647746;33,64889602;34,96607677;32,25596252;26,09640443;27,4560532;27,07393892;38,78205199;12,42960825;13,25975284;10,35159595;0,51063477;0,166335458;1,273208844;21,29282332;23,35946969;18,0813101;31,26547374;23,09598255;21,54921427;3,750678652;4,038549024;3,81067088;3,772932787;3,733960577;3,802303171;16,71913448;15,81546825;9,30199309;11,09892836;10,93567681;10,09672951;5,851023039;6,795422239;6,148567454;22,46110003;23,71658106;23,78275934;6,505445493;6,604983328;6,557762718;9,036288773;6,132219262;6,190666933;7,361343815;6,986709844;7,875123448
609,87;27,16226907;28,16772504;26,97781667;22,29995591;14,79346902;19,3360036;7,930750447;6,924071952;7,656312194;9,774515148;5,505167992;10,59920447;16,33329402;41,31599428;33,54639026;34,86599341;32,18326187;26,12265156;27,56601808;27,05952781;38,71373921;12,56892398;13,4271557;10,3793789;0,429950303;0,104694444;1,143986239;21,1096159;23,08849027;17,98543577;31,22768026;23,06132212;21,58011859;3,769155964;4,007618157;3,787106316;3,718352503;3,729454023;3,791230825;16,63250513;15,83732864;9,310906191;11,13950928;10,95242369;10,20971878;5,831382588;6,768384434;6,136215198;22,37203725;23,49416705;23,84121854;6,298814148;6,489479364;6,377265661;8,971380652;6,035946162;6,058316879;7,434284656;7,083316549;7,931996559
610,449;27,18433393;28,20783409;26,96960065;22,32914488;14,78060398;19,23315548;7,945014478;6,921117118;7,664148634;9,7469434;5,510210981;10,59311193;16,25483145;41,25694055;33,54514831;34,92312314;32,15326679;26,06938193;27,49149835;27,1632157;38,76308796;12,74349365;13,38413382;10,36078099;0,477665384;0,108165389;1,21646943;21,01847432;23,07852048;17,98282257;31,15901291;22,99810378;21,52143275;3,746423425;4,013469048;3,768650612;3,743667459;3,733890997;3,789363618;16,70908207;15,88446978;9,359747863;11,22409523;11,01293759;10,33438673;5,784388739;6,761932005;6,171474121;22,32052666;23,33440076;23,66071909;6,204111381;6,446468917;6,381927837;8,917567343;6,088019292;6,130032187;7,36930655;6,94614237;7,87102006
611,028;27,19720148;28,19659197;27,00574818;22,3087135;14,79336526;19,24119517;7,927967258;6,928324576;7,635274726;9,691391619;5,488346707;10,55802004;16,30995141;41,11905926;33,43194388;34,81870145;32,2814431;26,05627462;27,50163302;27,14414171;38,64674272;12,64400007;13,42899667;10,47347953;0,462472365;0,204642789;1,265329948;21,14591326;23,12720614;17,89346434;31,06227834;23,01560297;21,49023538;3,758276832;4,019493764;3,752907797;3,754391664;3,713177465;3,745473767;16,71205504;15,84492712;9,302446206;11,12942209;11,05509006;10,2717418;5,815574527;6,732376269;6,138935218;22,19088308;23,19074578;23,52817599;6,261269405;6,433736396;6,364123363;9,01225704;6,236258368;6,15446978;7,383555812;6,987881799;7,825888389
611,606;27,02377089;28,19681621;26,92783572;22,24486322;14,76759585;19,23183135;7,899993507;6,913638829;7,644570128;9,653053871;5,442637731;10,47820637;16,27022397;40,88927234;33,34521362;34,84740788;32,19154929;26,06925986;27,34624624;27,0504614;38,60286956;12,8797461;13,54556414;10,60550655;0,460923587;0,213295862;1,325090076;21,02067621;22,93851066;17,79741063;30,94676581;22,96147074;21,51321802;3,731218434;3,991138144;3,710150293;3,745894823;3,709642329;3,753550378;16,6390507;15,83283944;9,260504709;11,18702461;11,04376182;10,22332537;5,730343966;6,715650868;6,092798261;22,14781164;23,09434854;23,42592328;6,199103824;6,288548303;6,378304889;9,054915289;6,102161082;6,139541539;7,401657726;7,006916102;7,921589784
612,185;26,9068442;28,06303545;26,78263845;22,38013166;14,75584846;19,20545116;7,970182079;6,945268775;7,735780004;9,70023928;5,501554859;10,53915056;16,32526611;41,02234206;33,25229842;34,89992087;32,2699901;26,04738776;27,20983925;26,96796326;38,59703157;12,77298173;13,62908254;10,59856609;0,501542933;0,223586715;1,331844078;21,09405747;22,85682036;17,77800991;30,92639624;22,99340003;21,41056604;3,7907498;4,051289215;3,807981986;3,762004152;3,751329907;3,784398409;16,64555163;15,79106149;9,135146499;11,1711849;11,05304421;10,29921834;5,797874071;6,730049496;6,105059167;22,00913416;22,93112666;23,27030378;6,1506017;6,400346635;6,310219079;9,027101615;6,073693285;6,241348204;7,371299104;6,884556918;7,736587783
612,764;26,9039362;28,04282462;26,8494899;22,28868981;14,70020372;19,17975152;7,934619454;6,953314759;7,66776269;9,645538644;5,516805229;10,44663684;16,35030728;40,93004797;33,25173719;34,96460681;32,31166233;26,07852724;27,23183003;26,98139465;38,46386266;12,94023488;13,65915999;10,81268633;0,473025282;0,15917812;1,245603227;20,9654288;22,8272174;17,66406875;30,77214738;22,92851398;21,41006367;3,754985331;3,995381788;3,789373819;3,780846018;3,714454231;3,760176552;16,67028151;15,71250656;9,0560603;11,21677509;11,04396326;10,26045472;5,784468266;6,665200108;6,117476591;22,00148564;22,69027798;23,08170226;6,093510592;6,277868001;6,174119595;9,071369014;6,065090798;6,163674013;7,476046285;7,024042215;7,857294651
613,342;26,82736238;28,09422193;26,71343859;22,11346206;14,71747305;19,04556788;7,894840635;6,916893338;7,685634244;9,627669237;5,525610945;10,39056165;16,32404277;40,82666194;33,15990326;34,80279111;32,32138314;25,99431947;27,17243477;26,86549996;38,44633928;12,91894804;13,68230674;10,77022187;0,473971613;0,169621193;1,267682981;20,9957548;22,75141291;17,57822709;30,70378763;22,82814672;21,41121691;3,741613689;3,971654001;3,747831598;3,738758329;3,726313149;3,742493259;16,54180331;15,71726743;9,132509646;11,16442267;10,99640508;10,26488956;5,72985631;6,658845048;6,056182282;21,83629134;22,76492713;23,10941471;6,065459941;6,223444959;6,212657385;9,114516615;6,044705336;6,195954905;7,463892242;6,926844812;7,749547112
613,921;26,82416772;28,05394863;26,64282178;22,15901891;14,81516569;19,14571938;7,995088912;7,001807567;7,763578971;9,70635917;5,545905799;10,43351582;16,3948595;40,75105448;33,19718978;34,83375936;32,1766861;26,03627241;27,11910224;26,91615485;38,36251924;13,07899215;13,75970037;10,73733042;0,497314428;0,20370609;1,301028994;20,8411719;22,52948033;17,49035799;30,68690319;22,91213615;21,29815943;3,820332622;4,067949019;3,825560446;3,792002701;3,780129244;3,833187391;16,51510046;15,69139432;9,110811685;11,21996358;11,03511029;10,3110659;5,818614243;6,714717957;6,089674449;21,82120829;22,67724697;23,01975714;5,955166348;6,164215967;6,1470052;8,95505573;6,039729775;6,125118904;7,387583284;6,950176196;7,735244559
614,5;26,76555953;27,90912499;26,53586644;22,09719021;14,80290674;19,04000105;7,972942295;6,959123501;7,684417205;9,581422021;5,492279372;10,33265126;16,41985026;40,74381784;33,14664709;34,74028939;32,16934995;26,03315495;27,0534988;26,78277949;38,29114444;13,10654532;13,84090468;10,77302322;0,485863693;0,211006384;1,274710875;20,7522679;22,58496953;17,53939366;30,49653648;22,709114;21,33865689;3,758832204;4,013697301;3,762350815;3,704496423;3,728809856;3,75653724;16,59951225;15,66573694;9,15051559;11,25444013;11,06847343;10,37254469;5,750027783;6,597402795;6,085315997;21,73914726;22,49438845;22,93606948;5,860173454;6,176542942;6,121180664;8,979865547;6,111599427;6,253769384;7,402072172;6,872591231;7,672136764
615,078;26,71250083;27,95062245;26,5677413;22,24431974;14,74241872;19,06267843;7,978695898;6,97930522;7,732116593;9,612727392;5,520600575;10,36131636;16,46293859;40,56509829;33,10134449;34,85628657;32,18174045;26,19011245;27,12742682;26,87263964;38,4389637;13,22391508;14,01528856;10,9168306;0,4686681;0,191084252;1,286892978;20,73719756;22,29647128;17,39581217;30,44450876;22,89167738;21,38045639;3,781774394;4,059859394;3,781883125;3,766748894;3,765489003;3,824015569;16,55861437;15,68146529;9,022360997;11,20929585;11,01892314;10,28879738;5,76055525;6,607243095;6,039942242;21,59745558;22,27811468;22,64268646;5,739191721;5,992575388;6,037659336;9,043123808;6,066798467;6,119484138;7,402024824;6,935971003;7,706076822
615,657;26,68579031;27,79064931;26,56878673;22,03446885;14,60544172;18,93009862;7,940798469;6,963356037;7,654066727;9,565168152;5,497171884;10,29572977;16,36265259;40,4938667;32,77319565;34,83712563;32,12039612;26,03560474;26,98920263;26,84551185;38,19831354;13,23988329;13,98321931;11,01002296;0,452900511;0,12039122;1,241364194;20,4835364;22,29844183;17,22638373;30,33058569;22,8800754;21,28022802;3,714403373;4,009739827;3,780868793;3,733935454;3,704296167;3,787993163;16,44811224;15,5368814;9,028128682;11,20582124;11,04724256;10,31946285;5,724700343;6,531464501;5,970408406;21,50593139;22,21137048;22,65483821;5,790382707;5,906604325;5,957989688;8,942065337;5,961119929;6,036112444;7,506703712;6,891550913;7,727594367
616,235;26,67350403;27,86543626;26,36973245;22,06058338;14,70241428;19,03352621;7,916897892;6,946866911;7,712104606;9,547978314;5,514307178;10,36123214;16,46981854;40,53742987;32,89527728;34,93659071;32,15228505;25,99266192;26,96753769;26,78568766;38,28903892;13,21864685;13,90343371;10,95146161;0,470574828;0,17734055;1,23648913;20,47155742;22,32162598;17,29372;30,46693137;22,83172066;21,33124144;3,737248982;4,000943704;3,809540628;3,753870473;3,710944745;3,821450221;16,49854707;15,43189854;8,964078421;11,22082156;11,09612526;10,25810372;5,684792353;6,54846462;5,996991326;21,42557765;22,0918987;22,49751086;5,755567577;5,896702976;5,941490019;9,032388172;6,028765287;6,110219116;7,332493582;6,93064647;7,65632451
616,814;26,63866264;27,68953368;26,39592616;21,96000002;14,56054132;18,83773963;7,999768924;6,993502781;7,712149819;9,539504462;5,562190624;10,34961262;16,44627725;40,42857677;32,83067696;34,78638111;32,21602293;26,09742037;26,8965769;26,86867926;38,23557268;13,38571136;14,13991064;11,08213622;0,464308102;0,195698396;1,3052463;20,43277964;22,27164589;17,1898377;30,29436092;22,72117384;21,28454767;3,77854154;4,015588932;3,780364246;3,784195508;3,753691266;3,806616227;16,43270557;15,5124051;8,99749665;11,25316361;11,06474958;10,2860544;5,715530071;6,583806945;6,066772299;21,48658687;22,12424025;22,41547754;5,676819704;5,934192759;5,937673225;9,110013255;6,075206186;6,098527294;7,419785012;6,986572939;7,712927596
617,392;26,58528818;27,67086942;26,35158272;21,97748757;14,68815791;18,88623347;7,94113724;6,952263548;7,732036552;9,563291684;5,500524669;10,30597604;16,40269089;40,07863564;32,81912858;34,88996973;32,08719484;26,00579465;26,74892011;26,64457271;37,98221596;13,49463646;14,09059129;11,17420816;0,47406493;0,134216851;1,290896881;20,44006548;22,15909981;17,12468533;30,12757212;22,66488279;21,26751634;3,755328333;3,988062925;3,767912194;3,720541204;3,725385148;3,739304454;16,49225959;15,49538958;8,968073438;11,2814595;11,11825137;10,33594918;5,694010563;6,558596496;6,032672564;21,39126258;21,87191213;22,39364952;5,609603425;5,801389044;5,798675493;9,008987732;6,008529467;6,044154449;7,402983089;6,956067672;7,701897652
617,97;26,56723178;27,6116309;26,42559475;22,013615;14,55286787;18,92588334;8,008721115;6,980973747;7,66847267;9,489213904;5,499017484;10,35651847;16,4290158;40,09526045;32,6576177;34,76218624;32,21100272;26,05946002;26,69566042;26,67045777;38,16236009;13,50798806;14,15834672;11,23203636;0,523717811;0,172001839;1,34091513;20,36764425;22,26115102;17,18938289;30,13221012;22,62970365;21,27409224;3,78868975;4,051649021;3,78906917;3,753054395;3,731428465;3,765203527;16,28161837;15,38160801;8,913350575;11,2767529;11,12692106;10,28596864;5,722490248;6,554922617;6,026271499;21,2791065;21,87185596;22,24040606;5,580099572;5,854164579;5,884555118;9,120040123;6,081055658;6,165846629;7,454890527;6,902139667;7,75500241
618,549;26,54084839;27,54710727;26,48129496;21,94453211;14,60750239;18,94151548;7,935099857;6,999771067;7,769837671;9,506119081;5,518360858;10,26466313;16,44187549;40,06511084;32,74120241;34,91690119;32,12526995;25,92559107;26,66254995;26,69656232;38,08446982;13,59421202;14,1952647;11,28719566;0,4594849;0,216405714;1,285192839;20,31644278;21,9804951;16,98473232;30,09244231;22,615226;21,28752089;3,747165534;4,039430697;3,750755094;3,738397129;3,724924285;3,7709163;16,41138047;15,40475808;8,890963277;11,26884838;11,11203328;10,40012987;5,661017439;6,539990406;5,997706469;21,085505;21,70919742;22,1305304;5,413397764;5,678736941;5,817415194;9,037307407;6,019195018;6,088177194;7,380983415;6,808044614;7,739262239
619,127;26,52373991;27,42807599;26,44026832;21,956917;14,56981065;18,81599961;8,002284691;7,0169706;7,773248525;9,487984797;5,48942005;10,21125963;16,41114066;39,99663633;32,62245035;34,92977929;32,23674653;26,06611263;26,70710272;26,68769292;38,17769867;13,66359244;14,34643917;11,441256;0,500630258;0,2200363;1,317885487;20,28094953;21,92255408;16,92825234;29,93406724;22,57898738;21,30268422;3,737690014;3,986386796;3,75873079;3,749977105;3,703365178;3,79701074;16,30995382;15,37990817;8,798961577;11,20116594;11,07095536;10,37336584;5,707881989;6,471130143;5,943799614;21,07344282;21,64226318;21,99310264;5,543063552;5,760600693;5,734669066;9,025032276;6,025419892;6,083851257;7,374040505;6,866849321;7,690584769
619,705;26,47859573;27,58830407;26,35200198;21,9980515;14,51610464;18,79808604;7,988373919;7,058252964;7,752872;9,5341015;5,54406994;10,25084635;16,45932152;39,97176494;32,4344194;34,69232946;32,21675584;26,02623876;26,65974471;26,73615383;38,05429858;13,73867854;14,37589214;11,50529802;0,463638273;0,083849169;1,278834733;20,15117814;21,75637046;16,82155864;29,97233367;22,71235447;21,28691748;3,812550518;4,051459739;3,824235483;3,784855029;3,762847708;3,812839597;16,2823393;15,39534216;8,832540173;11,34319209;11,1991079;10,42107506;5,680807681;6,513272121;5,998794932;21,09107829;21,45313333;22,0138044;5,386406867;5,652274694;5,714091693;9,012512595;5,942677706;6,030592796;7,526200067;6,880076916;7,622106541
620,283;26,38163598;27,40500621;26,25021547;21,91746736;14,57173299;18,81194194;7,972474512;6,972772928;7,674825098;9,400156594;5,463112789;10,14269967;16,39299997;39,84724217;32,3864985;34,78019349;32,14229317;26,00122365;26,5482983;26,58165801;38,08253685;13,77959722;14,44726501;11,45899514;0,488125588;0,11965421;1,222264065;20,13774575;21,83500973;16,76776749;29,87065899;22,57981309;21,23172767;3,710606059;3,976125044;3,726709109;3,707108733;3,682205628;3,734039544;16,38544629;15,32026285;8,836525241;11,2651362;11,1572152;10,46620097;5,65121481;6,44904117;5,955149491;21,00243421;21,4081092;21,95537135;5,321134458;5,63140996;5,624549668;9,016391501;5,956352329;6,080205991;7,361326584;6,914376746;7,665615274
620,862;26,34600954;27,36347565;26,36140883;21,94184609;14,52392941;18,78833048;8,025478494;6,977743147;7,747424706;9,518583991;5,516712607;10,25025564;16,35060953;39,66438565;32,46729589;34,75911833;32,34501309;26,02484852;26,60649214;26,61814554;37,92695451;13,8803756;14,40204931;11,54054549;0,453597411;0,17141269;1,291790003;20,07711114;21,73477816;16,76898792;29,82293717;22,57809851;21,21958677;3,761926344;3,984166878;3,750202951;3,736651408;3,708340522;3,776880028;16,30023628;15,3034839;8,768145609;11,40055641;11,2838899;10,42703774;5,638434791;6,460545924;5,969503604;20,96162621;21,37124898;21,8678662;5,272108545;5,565870422;5,638010063;9,111836609;6,050174346;6,106452856;7,447938704;6,888336885;7,646680986
621,44;26,29787281;27,30942073;26,16022876;21,88214679;14,54424584;18,71928561;8,022469917;7,00502886;7,791645017;9,501502058;5,506733064;10,23414433;16,38321111;39,68887142;32,41676275;34,77913133;32,22398273;26,06354603;26,65106516;26,66026723;37,96520355;13,92880319;14,46739628;11,58149298;0,550252296;0,152817086;1,230467321;20,05382078;21,76155948;16,75377333;29,78810007;22,54077798;21,12996064;3,81928;4,052574729;3,810255177;3,807977311;3,803526754;3,789390455;16,24052437;15,3053731;8,705414446;11,44132195;11,21671535;10,44157229;5,667659036;6,459159595;6,042149022;20,84385117;21,20268563;21,71453233;5,206290462;5,544094721;5,545369241;9,067659973;5,915506046;6,048857886;7,454278005;6,868885694;7,65452574
622,018;26,19222539;27,39707795;26,1155477;21,92010996;14,49962682;18,77964445;7,939960422;7,023566329;7,803040468;9,426539985;5,534771145;10,17087435;16,46442909;39,67923197;32,36972171;34,83578366;32,22831174;26,12872831;26,49849918;26,60799476;38,02468191;13,850373;14,63992791;11,67574243;0,480952154;0,197060914;1,323151046;20,09642449;21,60155489;16,66484442;29,70158068;22,53333205;21,15950701;3,759953345;4,011011543;3,787609166;3,728649635;3,769679412;3,758860805;16,17163758;15,30387757;8,699050683;11,38881537;11,22121728;10,47529402;5,633583684;6,499454425;5,961845565;20,74123843;21,14106224;21,69743049;5,197292322;5,563757621;5,541283408;9,140366915;5,931205176;6,012884701;7,430942174;6,783402136;7,638806634
622,596;26,18656226;27,23142012;26,10408598;21,85803322;14,58783166;18,69233877;8,014131707;7,018843089;7,749732351;9,483521269;5,476628002;10,10273286;16,45730403;39,47746364;32,07718398;34,78341126;32,26748335;26,03762965;26,57503173;26,53515758;38,02582031;14,00055256;14,68180148;11,71682158;0,535504622;0,246768383;1,363749745;20,00303527;21,62539386;16,72262888;29,69826551;22,68932465;21,14872273;3,753942474;4,03336011;3,786254681;3,733578291;3,723122155;3,761564302;16,18026068;15,20198184;8,754883249;11,3987183;11,31755612;10,495649;5,621481861;6,383943042;5,911944209;20,77334386;20,96726407;21,66476007;5,257060518;5,54195582;5,61350365;9,200014931;6,003768199;6,055907521;7,396423525;6,846100613;7,636706308
623,174;26,2619837;27,25577613;26,13312666;21,75214791;14,4618735;18,80424556;8,007299313;7,067730447;7,822950379;9,399504217;5,523041702;10,18204483;16,4479186;39,6282237;32,35783166;34,86416667;32,20229009;25,96480927;26,41892766;26,53182015;37,93471786;14,1656934;14,69295445;11,84958207;0,470708373;0,160188149;1,33160055;19,98762603;21,61262504;16,63199114;29,66518699;22,52246068;21,09407911;3,771592027;4,036352287;3,812481347;3,763348648;3,761028319;3,82961672;16,18975583;15,31350476;8,749146058;11,34102856;11,35531691;10,53511006;5,65865233;6,417806796;5,945320967;20,70303724;21,081448;21,4400197;5,111875587;5,337993208;5,541283568;9,1325982;5,965827485;6,00368999;7,439412921;6,848018404;7,551226068
623,752;26,1767931;27,15713314;26,18489686;21,73444609;14,36984073;18,70750131;8,022651593;7,007290459;7,752849996;9,375011064;5,493972658;10,09172228;16,37541641;39,48745535;32,16097056;34,82042167;32,35617308;26,07169906;26,48103226;26,54220998;37,91067309;14,32417146;14,81690991;11,96825872;0,494676926;0,128360925;1,318972194;19,8857706;21,53666455;16,47123862;29,52511035;22,5412245;21,13926589;3,71817828;3,98382357;3,710572466;3,697804313;3,705397621;3,733111804;16,14264059;15,22078453;8,693846259;11,50335664;11,32026224;10,43776405;5,546482281;6,329629993;5,885538245;20,87005867;20,93921004;21,49877563;5,056406172;5,354289344;5,41024065;9,03480199;5,810201859;6,024756238;7,44559197;7,008498647;7,614355929
624,33;26,23520991;27,23584642;26,12719541;21,7850563;14,3412602;18,60764971;8,036112476;6,984637649;7,731606974;9,378032734;5,455282352;10,10186873;16,29307155;39,26283969;32,07197394;34,86026323;32,2805447;26,06960872;26,50481525;26,57361652;37,97347681;14,33816768;14,85548567;11,99592446;0,543326052;0,205522594;1,327479435;19,82890664;21,47386519;16,58569167;29,49475078;22,53665477;21,12299193;3,725311885;3,967475569;3,756275655;3,714984312;3,727682185;3,747537885;16,10930557;15,29785702;8,676053989;11,44397081;11,25600027;10,44469718;5,61260426;6,316378832;5,889350651;20,62749578;20,78546402;21,25953349;4,998793862;5,381484327;5,439008765;9,12118586;5,837953388;6,065412772;7,353396632;6,837938739;7,593426036
624,908;26,14839548;27,12927776;25,99868624;21,67684424;14,39872229;18,58094276;8,0495201;7,070475075;7,794550316;9,385142143;5,474854457;10,04015953;16,34788693;39,19879263;32,07910026;34,69488234;32,25605276;26,02015094;26,39101354;26,51049379;37,84142328;14,4152484;14,73128534;12,02862722;0,509413691;0,22468987;1,392603244;19,70129605;21,44166333;16,48405349;29,50319006;22,42059673;20,996204;3,76700452;4,033347996;3,816551389;3,761340639;3,78420482;3,809886358;16,11253963;15,17540483;8,580903734;11,41459146;11,25640674;10,48604858;5,669212535;6,338618064;5,963646027;20,55141935;20,68907328;21,44722927;5,095142769;5,306351041;5,450133688;9,079279809;5,868608919;6,000682401;7,51361943;6,812420633;7,640493236
625,486;26,13709052;27,13526292;25,98078308;21,65205498;14,45860152;18,59502055;8,018989788;7,040932601;7,771298127;9,446203749;5,506366635;10,04878004;16,30926887;39,0740521;32,0205985;34,74445399;32,19968122;25,97347906;26,37341745;26,50657162;37,82140159;14,31710276;14,83919363;12,0433554;0,509978019;0,203764018;1,316345656;19,59316448;21,32266913;16,43812118;29,45880583;22,41489008;21,10903835;3,755694207;4,036081801;3,812351707;3,780561534;3,739291802;3,824648769;16,16028899;15,20159803;8,702591442;11,48719087;11,30891597;10,57931736;5,606352001;6,303003396;5,886409582;20,34602836;20,47959069;21,04905714;4,959918397;5,353337005;5,390998482;9,028073193;5,858444486;6,038997214;7,385157688;6,736590244;7,461999246
626,063;26,13321976;27,05161564;25,95126367;21,57562796;14,4170022;18,57452945;8,059566186;7,01646907;7,770759474;9,362546247;5,485557705;10,05472094;16,35958959;39,05682398;31,94712756;34,81030982;32,17733872;25,91979638;26,31584795;26,47750578;37,79972144;14,53093603;15,06735171;12,23373259;0,533845749;0,186693783;1,393943587;19,67896276;21,22507879;16,37070739;29,38892673;22,43634882;21,01651919;3,782032251;4,0477481;3,758217181;3,761935117;3,713778079;3,800406725;16,02766726;15,0705375;8,55072762;11,37776969;11,27543039;10,51234614;5,586995879;6,287600085;5,843433752;20,34960175;20,5011693;21,13909255;4,94606443;5,343205268;5,363316761;9,104281712;5,936165404;6,011705309;7,516093452;6,835960812;7,594367441
626,641;26,14064747;27,11412372;26,00894544;21,66917546;14,49261375;18,61756679;8,065958214;7,036964507;7,787458709;9,339133286;5,510609727;10,06744795;16,34818849;38,8353122;31,87085861;34,82553133;32,25632724;25,97417925;26,27843644;26,44499092;37,71839398;14,50710735;15,11759749;12,21357507;0,537532637;0,224662255;1,346039234;19,67539409;21,29679395;16,39926947;29,55167023;22,4376219;20,90913876;3,709423614;4,003197198;3,760746504;3,719701235;3,730793723;3,776241974;16,11341499;15,12734779;8,595794427;11,40061577;11,30707131;10,53449982;5,561617529;6,287670967;5,871568253;20,34348872;20,44400617;21,15716515;4,980805075;5,291976903;5,437084343;9,189014015;5,848701844;6,067178351;7,438863584;6,668176347;7,450154365
627,219;26,10251689;27,15346829;25,96108829;21,53357051;14,28150429;18,52171967;8,090749872;7,060248827;7,811987619;9,391821823;5,491799292;10,08263643;16,40250444;38,83203815;31,71597216;34,8896123;32,22191936;26,0124538;26,29945846;26,53239816;37,85208215;14,61964437;15,01614528;12,35070811;0,49723987;0,135489313;1,368183645;19,67214331;21,22109856;16,28692774;29,3481998;22,47947564;21,10767281;3,75327814;4,038819155;3,808851723;3,77170988;3,754045265;3,799134506;16,05486374;15,02934716;8,572557688;11,47570181;11,37965349;10,45968852;5,596272117;6,26461757;5,845153314;20,3045847;20,26381311;20,94188696;4,840719051;5,088222679;5,25371055;9,091265304;5,893646398;6,025021051;7,502890285;6,737563417;7,552839194
627,797;26,15171568;26,94293412;25,81810483;21,468693;14,33920615;18,54439358;8,01094459;6,99823234;7,75813297;9,295708769;5,495338696;10,03774403;16,35192345;38,72705417;31,66704986;34,73961339;32,19879387;25,90255059;26,21362261;26,34173605;37,63847173;14,70062898;15,2430823;12,31546437;0,608404272;0,21574412;1,416487734;19,52503265;21,15928442;16,28090354;29,39304724;22,36120122;21,02213218;3,734439685;4,017758261;3,773377938;3,716925471;3,731244776;3,758989148;16,06844582;14,99935744;8,584023177;11,51782434;11,34819551;10,60790329;5,535082264;6,277220485;5,848442711;20,18069424;20,34487402;20,90748666;4,936033553;5,25617447;5,281072209;9,118316248;5,945212271;6,101547968;7,479720906;6,735690781;7,577663441
628,374;26,00487043;27,0381153;25,9424635;21,52829648;14,35316213;18,43657733;8,079275571;7,022148821;7,787188375;9,300210427;5,478976432;10,04932444;16,35027261;38,66293454;31,58728534;34,81477782;32,35114667;26,02743781;26,22835544;26,46453591;37,68254802;14,89753166;15,30591447;12,4556912;0,538970801;0,153633038;1,392800747;19,53929403;21,13122002;16,28819641;29,36895135;22,41923967;21,13001291;3,774721421;4,008936808;3,763920055;3,684675062;3,754437327;3,754140948;16,08497171;14,95481591;8,534537666;11,54603617;11,41461941;10,625592;5,576698383;6,244985937;5,867848125;20,23761743;20,19167903;20,84544835;4,81034119;5,308375941;5,29709212;9,107125262;5,804348836;6,051742488;7,530485529;6,734571269;7,64388436
628,952;26,00500974;27,09514245;25,82309311;21,55038902;14,44654515;18,44653381;8,025112122;6,984746146;7,763844594;9,317817273;5,473289656;10,08940105;16,3807409;38,71985122;31,6024641;34,8166478;32,27740874;26,0279061;26,20606139;26,47655656;37,65391043;14,96285899;15,51547279;12,61970379;0,533672773;0,214937305;1,384738916;19,61742072;21,17681542;16,27190306;29,33974427;22,33923135;21,01709039;3,753067494;4,071437509;3,750106588;3,745090943;3,740603972;3,784912262;16,14852819;14,96475598;8,532589359;11,59602615;11,34996837;10,57207411;5,575828692;6,202134022;5,806152007;20,12705961;20,18229264;20,75462419;4,801196382;5,155678023;5,264698229;9,246529785;5,949187695;6,087940877;7,438978121;6,826573083;7,58932449
629,53;26,00543842;27,06139729;25,85760077;21,41151918;14,34860261;18,46265948;8,088179906;7,042958109;7,846886118;9,341574737;5,511252277;9,974966057;16,40810099;38,55621333;31,62590716;34,80061487;32,15544481;25,96977442;26,05910276;26,37789523;37,59409054;15,01799794;15,49337428;12,5756859;0,438742092;0,136677233;1,332336792;19,54403667;21,10308656;16,04591496;29,23247932;22,36171576;21,04758417;3,745673244;4,02177607;3,805033215;3,772577228;3,754063503;3,800250281;16,15412924;15,072198;8,526509807;11,50431394;11,55739484;10,69898981;5,577201999;6,228997764;5,858770866;20,06384509;20,1047456;20,80379687;4,74029019;5,202398555;5,182376834;9,15439371;5,859934728;6,039310637;7,392464675;6,796658002;7,514918583
630,107;26,037816;27,02636747;25,75983247;21,49735909;14,29493242;18,43834129;8,082591576;7,062144661;7,814960673;9,282819811;5,544202958;10,04848844;16,44702293;38,61285211;31,61787285;34,86206508;32,41716087;25,96070867;26,07105651;26,41931951;37,61577432;15,20586316;15,59136138;12,87458583;0,499715268;0,145840745;1,38458405;19,50113609;21,08092197;16,08190905;29,18321893;22,21648768;21,0555261;3,803894185;4,032948778;3,802712906;3,79426045;3,766041756;3,823245119;16,12380505;14,90564989;8,456343041;11,48181587;11,44434833;10,65135584;5,544165758;6,203921751;5,866242975;20,12299485;20,05646682;20,77379536;4,774586228;5,081767366;5,10924089;9,164119049;5,837360758;5,945422109;7,56970349;6,841865151;7,53556504
630,685;26,0122617;26,95614484;25,8682803;21,38464965;14,29330082;18,3896619;8,0402496;6,988415655;7,801044927;9,289869971;5,479433404;9,972747797;16,39991672;38,60529853;31,58464167;34,77164571;32,16667811;25,96393041;26,04971156;26,27662444;37,54556266;15,12637055;15,55697787;12,69971863;0,552023642;0,165822582;1,396765438;19,47534319;20,97566292;16,19244873;29,15055969;22,2264866;20,97439972;3,714959431;3,986256353;3,751047729;3,728451622;3,699460953;3,780916511;15,96887711;14,81101155;8,420563479;11,56479611;11,41936596;10,62370983;5,545421564;6,211011687;5,836890541;19,88691871;20,00864913;20,78056955;4,756510391;5,059280162;5,083444807;9,151803833;5,806348164;5,969587604;7,504355087;6,68435244;7,478869733
631,262;25,85690717;26,87832258;25,85990421;21,32572343;14,26298579;18,46009491;8,079054766;7,05481713;7,808831087;9,283155737;5,514261915;10,01167769;16,42424445;38,45607033;31,53956013;34,70599384;32,20486453;25,98042793;25,99287201;26,29847541;37,58102172;15,25336604;15,54179786;12,84534374;0,478128134;0,110745104;1,360371647;19,46231211;20,90691123;15,98242064;29,11230574;22,15137853;20,94620405;3,802805849;4,042533499;3,752523688;3,765534287;3,748572683;3,780673795;16,02875801;15,0027079;8,510891555;11,66569081;11,47463678;10,67949025;5,567668847;6,242137724;5,869325745;19,90798802;19,94250924;20,66502527;4,730618086;5,053941659;5,095264492;9,099728264;5,665740512;5,963244369;7,476505971;6,760945219;7,47690037
631,84;25,97590982;26,82784515;25,79996163;21,38120279;14,27029659;18,45280766;8,064150826;7,014685654;7,844184591;9,322492416;5,476052687;10,04269053;16,40286911;38,455659;31,37356055;34,72842362;32,36583701;26,12788919;26,0734081;26,37263857;37,59668135;15,37182866;15,67839052;12,88659479;0,530282724;0,220004526;1,448831289;19,48147214;20,9401834;16,08272309;29,2868089;22,2733279;21,03065056;3,726845327;3,988739385;3,776097846;3,710975516;3,717777979;3,805781862;16,04325619;14,91013463;8,500987396;11,6652831;11,45599523;10,70140474;5,540364255;6,23209285;5,841571722;19,92650299;19,89933025;20,65696018;4,654711894;4,985527638;5,108568712;9,140183286;5,824421604;6,01718968;7,567579395;6,761889103;7,565876032
632,417;25,91297741;26,73619965;25,74686289;21,34692581;14,19562276;18,40287758;8,104997868;7,109553863;7,88452708;9,30157999;5,527527386;9,978094747;16,38264946;38,51091797;31,38807567;34,87718049;32,23557281;26,0281041;25,96746674;26,43913717;37,5370731;15,27492869;15,62454227;12,94236875;0,497492399;0,125779817;1,398899493;19,43876371;20,72414696;16,095978;29,18731288;22,24998696;21,01597574;3,75641532;4,047788296;3,820864121;3,778584048;3,745009677;3,810897497;16,01975012;14,79367694;8,441253627;11,71202823;11,54948067;10,69109569;5,550559676;6,227975765;5,863253028;19,87908261;19,77877484;20,55199018;4,621816804;5,044687482;5,137724808;9,198490294;5,906531044;5,954054372;7,547508201;6,662689414;7,417897219
632,994;25,95149843;26,73239143;25,70847474;21,36591167;14,24618136;18,35888424;8,110188326;7,101558975;7,871586723;9,304262996;5,513439979;10,02581714;16,45071732;38,32514033;31,40310242;34,83524418;32,27076179;25,99676905;26,0419082;26,39545391;37,42463061;15,4375402;15,91955961;13,12544785;0,576253923;0,269100636;1,514218578;19,2666423;20,81280358;16,04435028;29,26402891;22,20622233;21,09954738;3,773793595;4,110571769;3,795369292;3,825593644;3,790801814;3,844811564;16,04100797;14,81398132;8,45937779;11,69919091;11,49037944;10,70872718;5,59082199;6,282766733;5,814276942;19,82963682;19,77838943;20,59381801;4,738259769;5,00721908;5,063667603;9,196995097;5,879089269;5,994775726;7,580970776;6,776878578;7,499191184
633,572;25,90220769;26,83710557;25,6824279;21,35832941;14,18294078;18,39543119;8,140247498;7,081932735;7,828924966;9,30008242;5,50734254;9,988145369;16,52448702;38,14970512;31,40006636;34,85997129;32,37018384;26,07348164;25,9948978;26,37427281;37,41831783;15,67100162;15,72518785;12,97001499;0,54417579;0,17019944;1,375631662;19,30502809;20,70188215;15,9815501;29,13124874;22,26099356;21,02450619;3,701793818;3,983565571;3,77754914;3,752449715;3,715040989;3,771433081;16,05588513;14,82938885;8,511502084;11,71207238;11,55049543;10,69018145;5,511668483;6,126611973;5,799982506;19,81847705;19,78730814;20,50120722;4,646097987;4,977000814;5,014263865;9,144874672;5,753484297;5,932331044;7,600346005;6,674612842;7,517743888
634,149;25,84902397;26,7335805;25,70158672;21,21350371;14,16396124;18,32220642;8,029161719;7,00612974;7,804088085;9,163764349;5,509211309;9,900564053;16,39919155;38,19520883;31,2823892;34,92244676;32,34727996;26,04646059;25,89284916;26,4015631;37,48832074;15,55887921;15,85028142;13,16265539;0,56565797;0,189950283;1,472542708;19,27269062;20,80881092;15,88310456;29,03358038;22,17094578;20,92455367;3,713520051;4,005525909;3,730672818;3,654450401;3,673093594;3,725255008;16,01434479;14,81171461;8,408834166;11,69301661;11,51177518;10,76044602;5,501086724;6,142500528;5,773411463;19,80670055;19,64900024;20,42878487;4,616753534;4,936418653;5,008844784;9,147867768;5,754186035;5,910256387;7,480231527;6,676549597;7,352174501
634,726;25,69106349;26,79855718;25,61548995;21,1598505;14,00786765;18,33438365;8,104294248;6,973345778;7,875358287;9,157664307;5,469225793;9,926245834;16,39282705;38,24040237;31,17405195;34,88439119;32,27303348;25,95301755;25,91447741;26,3606184;37,40974533;15,78288336;15,88475319;13,2770492;0,604074607;0,232461405;1,511857313;19,26784594;20,77575552;15,9843074;29,08510839;22,08280491;20,95055889;3,726601685;4,009043658;3,738086438;3,743840218;3,721124869;3,739691664;15,98151014;14,7921753;8,303693066;11,66645591;11,52092767;10,69890086;5,515100739;6,110285467;5,752798944;19,800815;19,67196029;20,31879247;4,571413003;4,9925318;5,129625813;9,170385185;5,885337907;5,965570675;7,546762769;6,675838397;7,530467565
635,303;25,70653371;26,79974677;25,62802837;21,23271262;14,12099582;18,28665167;8,092951391;7,10321447;7,804594525;9,27020426;5,514452443;9,951716679;16,44439702;37,95728974;31,01880636;34,90585523;32,36779456;25,99286165;25,93922931;26,55893106;37,49394937;15,72254837;16,04651107;13,35451049;0,542885835;0,15608104;1,460005187;19,28558128;20,80134018;15,85431178;29,16070189;22,03306485;20,99590578;3,744295325;3,959792967;3,776108538;3,730837576;3,74016291;3,789538254;16,04213532;14,68023309;8,385220457;11,71258335;11,63964402;10,82455799;5,540957609;6,137944294;5,760942868;19,73729582;19,4444386;20,26894072;4,613262654;4,96622711;4,958820003;9,182033444;5,829340215;6,035101904;7,528722285;6,593142198;7,401146642
635,881;25,70240097;26,62110399;25,54222869;21,26540356;14,17541878;18,2217511;8,181122132;7,073559415;7,877201173;9,257669269;5,526592841;9,905395318;16,42385796;38,03982698;31,11152863;34,8981901;32,34596178;26,10477407;25,88818818;26,30150191;37,53071612;15,89696452;16,17758838;13,4841844;0,588559237;0,229326922;1,536495367;19,23733428;20,63812061;15,98248122;29,07575922;22,11254761;21,13012001;3,782307844;4,056320838;3,776209872;3,783361532;3,764573998;3,775721361;16,03313777;14,76377021;8,413363344;11,73943907;11,69005843;10,86201657;5,574658021;6,15381708;5,785138597;19,82380101;19,54255223;20,19974868;4,56237538;4,933242874;5,044809024;9,2017127;5,924323161;6,052061949;7,677538922;6,698767577;7,606302714
636,458;25,73719509;26,64262353;25,53071408;21,26707196;14,01935456;18,4368626;8,178907809;7,113185946;7,879900519;9,284606838;5,482338114;9,922014207;16,40547493;38,14259813;31,07715664;34,89846217;32,38685732;26,03755964;25,95600832;26,38446403;37,37612972;15,95192886;16,32874612;13,52373014;0,506310362;0,212614697;1,442690782;19,13168963;20,62205249;15,8903623;29,11290756;22,2159318;21,03858083;3,707677097;4,033303513;3,72315044;3,72469425;3,728189737;3,814663429;16,04564968;14,63211717;8,402998374;11,75160337;11,71859156;10,73619361;5,487674312;6,132474075;5,723748636;19,8359214;19,51594712;20,18212951;4,480467388;4,884895726;4,980747258;9,199354797;5,761396356;5,887879113;7,608293717;6,741552096;7,502876395
637,035;25,7129123;26,64306741;25,57880105;21,12750427;14,10930339;18,30960889;8,156474424;7,069208018;7,858386234;9,265855605;5,481311335;9,898483507;16,48295384;37,95180686;31,11879044;34,90983724;32,38651078;26,02058408;25,87909489;26,44707469;37,34273983;16,00146202;16,11965743;13,54912748;0,502545853;0,148263468;1,431673022;19,03894611;20,67240085;15,73290386;29,00184514;22,12309864;20,98118067;3,707151353;4,029316053;3,780397601;3,761103449;3,730011281;3,796417958;15,96943065;14,52027093;8,258783472;11,74250693;11,60177914;10,76396667;5,495499041;6,158873207;5,75704627;19,69713326;19,38045671;20,18307836;4,399328171;4,68080897;4,83500976;9,081203455;5,764002724;5,891243082;7,639627006;6,682869709;7,510425805
637,612;25,60172505;26,66087378;25,58402121;21,17204563;14,22394083;18,26655861;8,226367584;7,117990018;7,933739751;9,264800385;5,551354142;9,937452638;16,5538007;38,02130938;31,15195147;34,85391262;32,35067059;26,15969795;25,8675333;26,47161808;37,33543341;16,21005247;16,40525523;13,75726967;0,646982008;0,32020921;1,563772998;19,18944958;20,76619743;15,9313242;29,08286566;22,06268848;21,0957648;3,783265222;4,040975132;3,79826574;3,748818159;3,729247916;3,818307585;15,94566576;14,47170288;8,271939818;11,57270894;11,6374084;10,66991866;5,586701814;6,106623502;5,785416829;19,60133151;19,52843898;20,22530654;4,471643449;4,828820764;4,944460527;9,253507638;5,86817421;5,906399336;7,824525793;6,689038145;7,545720419
638,189;25,64545019;26,48177186;25,46712352;21,12067502;14,14918499;18,35416512;8,235547639;7,121227181;7,969650667;9,319906451;5,576607471;9,936520669;16,53146849;38,0409269;31,02636904;34,9292617;32,22288231;26,07931401;25,86316456;26,33103369;37,36830831;16,20120685;16,1999722;13,6671364;0,615239081;0,17635225;1,510011595;19,25056514;20,64721085;15,93152628;29,00155018;21,95607503;21,02304895;3,844966128;4,064658136;3,800133452;3,756522742;3,776481286;3,807433586;15,96899321;14,49943889;8,303465545;11,84698467;11,68605458;10,79292393;5,55928547;6,142770959;5,793555983;19,55523214;19,30281651;20,03135594;4,455860293;4,761475936;4,867292509;9,12717719;5,800430485;5,993464209;7,629499256;6,664409713;7,404606184
638,766;25,75535848;26,56873127;25,42777329;21,05158978;14,03095411;18,30447304;8,122976853;7,082877696;7,862912979;9,270043068;5,513274396;9,895723387;16,48972445;37,84260173;30,96489908;34,86715732;32,47286361;26,09106113;25,78317376;26,50928653;37,28698099;16,19578257;16,48999566;13,75713285;0,60528437;0,228383346;1,526378781;19,14488222;20,71813141;15,97504463;29,06119646;22,04213493;21,04192438;3,724781087;3,995656924;3,755234292;3,734778683;3,70890324;3,789745921;15,92951385;14,60937879;8,228638877;11,74458983;11,71125457;10,79188438;5,496864926;6,114597828;5,738488543;19,46878414;19,163064;19,92365684;4,445022062;4,804707906;4,957511617;9,239060036;5,872051623;6,014534625;7,553755386;6,695525879;7,500736418
639,343;25,7238462;26,5925994;25,50371123;21,08312364;13,97292714;18,10608794;8,134678035;7,05016038;7,898703132;9,199350241;5,518777222;9,879030352;16,4893388;37,77287219;30,94875762;34,8339212;32,51822162;26,12065866;25,8087894;26,44934173;37,21947307;16,19189461;16,3889607;13,94069477;0,617645185;0,313121166;1,623130854;19,16567642;20,60804365;15,85964168;28,9998478;22,02981857;21,10601942;3,766325814;4,088711904;3,738328329;3,746972748;3,723727315;3,812032112;15,87631573;14,59537466;8,31609074;11,81657075;11,69601727;10,89572316;5,537810019;6,067520424;5,755208346;19,33629617;19,08072805;19,86576127;4,42760957;4,85504024;4,880134703;9,242327032;5,93924237;5,962070375;7,586072638;6,5994375;7,502484175
639,92;25,59212764;26,48722372;25,28908167;21,06096001;13,93644652;18,19566843;8,210792033;7,118459655;7,911047766;9,263135013;5,507079792;9,956073461;16,59071509;37,83161869;31,01599963;34,91788049;32,34609688;26,16861922;25,80787808;26,388421;37,35040058;16,37703753;16,43856261;14,0049396;0,609723046;0,341272134;1,618252173;19,13569164;20,51586397;15,76568598;28,93517439;22,08124312;21,11614263;3,737309054;4,040812198;3,793860208;3,759791596;3,754411386;3,847448524;15,91342862;14,48290675;8,266513724;11,75989995;11,79027644;10,8514092;5,466411828;6,052221829;5,732761509;19,48804877;19,13908745;19,86163607;4,412750709;4,747624032;4,8600935;9,262980615;5,847305096;6,007814432;7,584878476;6,634351267;7,400503501
640,497;25,65851493;26,46699367;25,3705397;20,9508236;13,988529;18,13912204;8,227311062;7,101885996;7,941339861;9,197615671;5,517209641;9,870571348;16,62769498;37,81778323;31,01536958;34,84969594;32,37643328;26,10197694;25,77476515;26,36114572;37,42487215;16,56261804;16,79093108;14,18165083;0,521515603;0,183299235;1,552507085;19,1376711;20,36805673;15,80733398;28,934638;22,0648232;21,08973872;3,705459928;4,016511387;3,780274078;3,726757646;3,701069709;3,774075104;15,94687172;14,55696851;8,345972385;11,8875858;11,75489365;10,95152711;5,461028358;6,045856594;5,691232823;19,4745254;19,11874593;19,9070603;4,284815418;4,707156535;4,815365587;9,241388591;5,883101215;5,931977604;7,64940492;6,744647571;7,511354509
641,073;25,5907392;26,35551656;25,33010313;20,99493681;14,07120587;18,13163796;8,215731127;7,136830655;7,905381479;9,273606198;5,524570696;9,907412012;16,59024503;37,92224829;30,92393358;34,87513379;32,47064846;26,16029653;25,79201115;26,45644655;37,31993874;16,59465333;16,72364651;14,1284829;0,507575714;0,143565498;1,475033562;18,959667;20,57289553;15,65319386;29,0023875;22,08675377;21,13052981;3,778069834;4,039786963;3,77634061;3,713994197;3,748447112;3,796737017;15,84547705;14,55789014;8,286481028;11,88543619;11,69099386;10,86503284;5,481024893;6,042214346;5,738437304;19,44398402;19,09540217;19,90780777;4,25532505;4,707281554;4,733490387;9,151102509;5,760102177;5,919279168;7,598767301;6,660610781;7,360774826
641,65;25,67566174;26,43759353;25,41489316;21,01578318;13,96018093;18,05018388;8,210418776;7,08305575;7,91054033;9,294240977;5,541271126;9,859783159;16,68406358;37,78431618;30,88919268;34,93028483;32,39632649;26,23895076;25,7750036;26,40182099;37,33001044;16,4256334;16,67816611;14,09037845;0,590892795;0,177981835;1,588647658;19,03097954;20,57206264;15,60047634;28,8184147;22,10095236;21,09582353;3,735259841;4,051638115;3,73729272;3,728916971;3,742629155;3,777014137;15,93858283;14,59548993;8,302097716;11,893218;11,77042579;10,89324303;5,538577534;6,085014704;5,736832488;19,39845711;18,94045159;19,6851448;4,301979575;4,69766876;4,742866334;9,222496391;5,788804215;6,039799154;7,581027252;6,539352745;7,222104809
642,227;25,58248569;26,53103729;25,38124819;20,88902075;14,01347359;17,93761222;8,249172215;7,140001951;7,954957293;9,320368211;5,579036686;9,948274641;16,67992532;37,76695029;30,97777289;35,10711981;32,50867564;26,26939342;25,84176226;26,52146919;37,55961017;16,71340328;16,88327489;14,26656819;0,645713553;0,272264609;1,5949712;19,05839388;20,42483643;15,64762025;29,02097379;22,09926552;21,23041243;3,777890434;4,032778902;3,81094863;3,771980183;3,75779442;3,825528847;16,0568728;14,59903531;8,298111847;11,94332141;11,83481447;10,91186702;5,548430815;6,047662299;5,749876491;19,34066822;18,97139714;19,94622452;4,369784091;4,731945368;4,722519008;9,363587377;5,851392078;5,963131969;7,53712321;6,699353125;7,379590292
642,804;25,49997694;26,39571795;25,20174349;21,05227979;13,95616901;17,98958708;8,307426779;7,125493818;7,93720294;9,290116696;5,572415599;9,91057564;16,67671077;37,68471246;30,88734614;35,22493724;32,60331194;26,23519981;25,78661952;26,44564408;37,35319259;16,64793534;16,75751964;14,18346188;0,564433543;0,347915979;1,644041081;19,10479303;20,45135587;15,69564989;28,93282638;22,11085393;21,1156888;3,772700266;4,082704768;3,796664846;3,758350622;3,777860447;3,849396987;16,00061719;14,68426133;8,28106205;11,87721451;11,86224588;11,03335216;5,499997515;6,066077273;5,720415288;19,31618802;18,8375977;19,80077154;4,271895534;4,651137102;4,778211245;9,239289443;5,919852396;6,049571906;7,460824102;6,666848609;7,365523693
643,38;25,52132823;26,37386899;25,22315943;20,87017045;13,84982052;18,00374715;8,219073639;7,172309036;7,911083129;9,233757389;5,477737197;9,848381052;16,62831386;37,55120567;30,74879755;34,93288603;32,6651631;26,14939088;25,68288323;26,47457825;37,28717662;16,76612799;16,97879575;14,37584715;0,649852797;0,287621163;1,600815575;19,02529671;20,43180366;15,50949574;28,95361466;22,09347234;21,18498041;3,701066639;4,015230749;3,763412646;3,789574576;3,728047131;3,794211447;15,84965972;14,51018986;8,160278097;11,89142375;11,76648173;10,87873279;5,481678586;6,03350541;5,721179527;19,3530543;18,95657549;19,83920113;4,286800568;4,670231305;4,654559497;9,327396088;5,815788697;6,086535972;7,65115992;6,712658264;7,280718609
643,957;25,57740934;26,44082349;25,23947475;20,95577672;14,0018079;18,04280743;8,206615754;7,096160226;7,821440565;9,187691911;5,557698374;9,915635054;16,60909812;37,60528082;30,75388042;35,03386829;32,537584;26,19511523;25,68768831;26,3174094;37,26514452;16,67360352;16,94710488;14,32858251;0,511685691;0,246266921;1,524512929;19,02447216;20,34889259;15,48983433;28,84300561;22,08758951;21,07884373;3,713831147;4,002143683;3,765851862;3,724892414;3,686816746;3,776105167;15,8894777;14,42457086;8,178644386;11,90704637;11,79899144;10,93946173;5,404014243;5,973127803;5,677069653;19,3361149;18,60016706;19,68703644;4,205104773;4,589685771;4,704346933;9,236837865;5,753448127;6,001686854;7,500202405;6,627038132;7,205685459
644,534;25,55176804;26,3820206;25,2656198;20,75000115;13,78916753;17,999451;8,209637373;7,144087317;7,995264856;9,184846434;5,56419913;9,892440765;16,7093457;37,53563023;30,75426208;35,0017698;32,61046339;26,15457209;25,64021671;26,46024835;37,26257253;16,98010914;17,11502329;14,60663563;0,703695313;0,293471121;1,659344349;18,96302087;20,45411078;15,38959031;28,95831301;22,02504988;21,15080146;3,750551968;3,99577804;3,790281016;3,763052052;3,762001794;3,818585448;15,89722195;14,55222775;8,130791222;11,89918653;11,79362269;10,98178338;5,478754259;6,019816383;5,672838543;19,15448191;18,73889795;19,6750712;4,226722147;4,647705774;4,669176892;9,328322742;5,869528341;5,936647443;7,627339896;6,705794674;7,297386048
645,11;25,58994592;26,4738465;25,29946552;20,77552368;13,85106876;17,90252719;8,257447521;7,110406376;8,00739146;9,217985425;5,524521301;9,908050552;16,61087897;37,57935577;30,60880685;35,04868336;32,56054241;26,22050672;25,69186005;26,45562425;37,3026784;17,16068047;17,28632699;14,680617;0,592372548;0,267294444;1,568294878;18,78938692;20,4821567;15,60633305;28,92942092;22,01726056;21,12282108;3,736657011;4,025014643;3,719472875;3,679497159;3,737801915;3,760502302;15,84242943;14,55615507;8,386108076;12,05816034;12,0060568;11,06255695;5,50959902;6,040938643;5,707121464;19,30540385;18,74149711;19,62816055;4,161216082;4,572341228;4,656743068;9,379883088;5,790674631;6,038158097;7,732709285;6,688803822;7,472949945
645,687;25,40323694;26,23391381;25,07388104;20,98505169;13,94746355;18,01562909;8,280247986;7,183638186;7,954192263;9,297586467;5,565964476;9,894807387;16,61684688;37,4048457;30,66210124;35,02186646;32,45625713;26,26506213;25,69169461;26,45891565;37,34280331;17,07403536;17,24761125;14,62560544;0,563595168;0,317367741;1,590873205;18,99128547;20,32214236;15,51543425;28,881077;21,93393268;21,16984298;3,779222704;4,050346885;3,798445906;3,742624375;3,742594456;3,81328327;15,97367713;14,59920519;8,180717229;12,07915619;11,91696573;11,08956047;5,471572178;6,023376218;5,689755032;19,23691313;18,5211088;19,59714997;4,16058403;4,562500301;4,658785891;9,253033711;5,770331784;5,982164285;7,599581776;6,633369274;7,317612514
646,263;25,38267694;26,36740319;25,16654123;20,7662915;13,95668848;18,10040129;8,232718436;7,149130854;7,876279294;9,216000739;5,508690669;9,888193578;16,70665562;37,4796398;30,56595117;34,98680303;32,47477742;26,11349798;25,63905431;26,45429881;37,30009608;17,10318397;17,41367887;14,69304636;0,631861061;0,368110375;1,603666764;18,88906342;20,35378084;15,57700257;29,04127531;22,04930995;21,13167817;3,735918908;4,03827764;3,737133513;3,740219869;3,714136837;3,756249866;15,93733628;14,56345403;8,179504793;11,9200182;11,92055387;11,01765067;5,431128911;5,95073696;5,671177846;19,0140176;18,41347667;19,44100097;4,112932635;4,533996724;4,573318358;9,35023539;5,849427839;5,88877736;7,586685205;6,565037476;7,297819956
646,84;25,47616268;26,36520925;25,20643528;20,70579879;13,83037396;17,89431245;8,204126116;7,145052624;7,96739746;9,176181497;5,501980937;9,882452297;16,59095075;37,56002581;30,53519265;34,98328125;32,59767526;26,19849597;25,59822052;26,39426786;37,27572225;17,22814536;17,53427747;14,93445415;0,594436208;0,230590963;1,657824463;18,82223901;20,25882657;15,5401074;28,96942219;21,9597826;21,16711788;3,741786305;4,023681847;3,748647279;3,754333144;3,730234521;3,79044025;15,8258711;14,44234312;8,149070889;11,9392584;11,93111419;10,98742646;5,40856684;5,977510079;5,676462908;19,22306807;18,46577647;19,54454804;4,160989827;4,519916049;4,565702155;9,288996485;5,844758464;5,93626434;7,688541379;6,66886072;7,237520075
647,416;25,44143872;26,31064931;25,08656103;20,63745862;13,67938276;17,93064346;8,344438675;7,158703449;8,002296106;9,271430521;5,613711198;9,850996006;16,59962205;37,24846849;30,4822406;34,8576355;32,42269589;26,28359432;25,51119314;26,37657425;37,09736306;17,2920856;17,53858469;14,83522771;0,668395236;0,223008274;1,631340896;18,84175177;20,4198374;15,43518062;28,89353846;21,99111165;21,16579845;3,714483301;4,04721187;3,724179364;3,744861818;3,708709318;3,781416442;15,82766036;14,38380921;8,170875295;12,00757383;12,03058884;11,13515766;5,53280858;5,966706191;5,668445138;19,0991228;18,4962812;19,37978678;4,178684004;4,614022347;4,562735596;9,372477769;5,876747569;6,004321962;7,738764697;6,49080573;7,374213494
647,993;25,41350416;26,33967704;25,14980062;20,77750451;13,87844581;17,95098338;8,426168652;7,228544836;8,030128116;9,237719643;5,598505936;10,05743652;16,63034058;37,27490702;30,52580981;34,90037399;32,45269445;26,2144574;25,56232991;26,31444712;37,15568342;17,39104533;17,66725977;14,96216129;0,672161124;0,153606681;1,611063729;18,75836802;20,16670852;15,52202816;28,96948886;21,86637541;21,23280775;3,821216829;4,062111212;3,814838152;3,823065942;3,813461718;3,831362213;15,85655509;14,52413046;8,165657022;11,99630362;11,88575773;10,96104924;5,496458545;6,052941517;5,737173824;19,05698538;18,41685601;19,49726862;4,061373219;4,449547988;4,589992008;9,271288072;5,834800295;5,953697642;7,71707851;6,550522833;7,224595756
648,569;25,3167119;26,28007663;25,08498236;20,70594087;13,83612365;17,87084778;8,346207702;7,177840564;7,874024211;9,244302135;5,577767729;9,904706186;16,72480492;37,15469174;30,51257072;35,06602093;32,5608116;26,16916373;25,57710714;26,38287938;37,21870272;17,52355162;17,75318824;14,9275128;0,70223034;0,255955453;1,573363456;18,80016961;20,29689198;15,52655292;28,9020249;21,92565869;21,17067281;3,717741246;4,058483523;3,797754944;3,727856013;3,745599587;3,7966471;15,87728495;14,44841132;8,139398106;11,98808417;11,9554282;11,14413213;5,490495194;6,005155429;5,704480874;18,99827733;18,44433002;19,3469993;4,037152253;4,437681234;4,596860369;9,409494439;5,818407169;5,984047967;7,716060551;6,585955327;7,245080308
649,145;25,35467865;26,20232974;25,05529346;20,63938815;13,6583088;17,88365504;8,311663603;7,168826736;7,928890177;9,225278616;5,608107903;9,922856828;16,74159039;37,21325372;30,45739091;34,94512066;32,48946116;26,07315292;25,52481242;26,42621845;37,20782617;17,57726881;17,81846335;15,03819158;0,591804735;0,36389482;1,604439635;18,78747469;20,11994963;15,37426735;28,92431903;21,91414855;21,19863323;3,76387281;4,045233599;3,753729283;3,775064355;3,781921127;3,776876573;15,85772142;14,51877193;8,143156662;12,04660107;11,91909983;10,96971847;5,467264086;5,967780145;5,701998072;18,98938672;18,25436462;19,4716278;4,046218219;4,537687843;4,624307243;9,384662505;5,842483688;6,036225094;7,677442252;6,541271507;7,377776868
649,721;25,25682258;26,17260058;25,24616901;20,54128069;13,68008493;17,94051766;8,294184849;7,20310487;8,055315007;9,236213104;5,574726905;9,877960502;16,74432163;37,19617996;30,47060528;35,04666471;32,64160774;26,27270873;25,6146724;26,50203255;37,29884863;17,67506085;17,72456922;15,19124378;0,648953537;0,250811508;1,60363156;18,79601128;20,13016873;15,62995412;28,8916562;21,99465703;21,2186187;3,729165881;4,03868074;3,733211368;3,757470951;3,731373593;3,763220517;15,81951935;14,49926951;8,030340955;12,04790172;11,94279676;10,96783583;5,485058851;5,965766307;5,636937651;18,97930983;18,29173802;19,36826946;4,090244122;4,501259534;4,429000643;9,381288517;5,764667056;5,972501387;7,769182297;6,442364894;7,272447834
650,298;25,24358517;26,1416719;25,10990258;20,5884395;13,80801919;17,94554444;8,336194703;7,153956859;8,005039137;9,242284747;5,610070525;9,94998931;16,7666995;37,13271876;30,45090108;35,00384575;32,54004305;26,14901635;25,39674524;26,33039116;37,25426555;17,74247365;17,77696835;15,17920754;0,566653499;0,244225266;1,588872135;18,46214992;20,11384169;15,32621983;28,8707506;21,98412767;21,17780052;3,774851159;4,061012943;3,766528765;3,761324274;3,757360218;3,831715248;15,77308459;14,45295993;8,026322381;12,04515081;12,01522955;11,10227054;5,501389721;6,000746954;5,668149374;18,93502513;18,16668244;19,42659803;3,985647115;4,445200725;4,546444432;9,356658597;5,81749655;5,944556443;7,770755527;6,595387111;7,332103291
650,874;25,21652541;26,2205144;25,17195449;20,40447381;13,60040831;17,79322848;8,307481051;7,182500315;8,000365454;9,232037753;5,535346626;9,830975273;16,71157332;37,17790083;30,41346537;35,22195239;32,57271254;26,16392178;25,47448528;26,37516361;37,37861743;17,84045027;18,07937112;15,37758113;0,55918911;0,244668705;1,602629553;18,63811298;20,04781732;15,36452687;28,87145182;21,98681779;21,2110173;3,740936201;4,015842933;3,753427737;3,723313313;3,699046328;3,766756961;15,75976576;14,33234213;8,067765735;12,03217017;11,98891159;11,05949173;5,423470336;6,001898733;5,629682173;18,99085152;18,33131532;19,10337432;3,984181228;4,402291891;4,498026342;9,337232246;5,795841056;5,986134348;7,82347871;6,664317967;7,216623132
651,45;25,31953197;26,256572;25,20192844;20,67228383;13,80157914;17,86394409;8,35473934;7,174644534;8,02979819;9,262417637;5,566708109;9,985791601;16,66813278;37,12966267;30,55898605;34,89954214;32,6195621;26,10152191;25,46280785;26,33722356;37,20378176;17,94019528;18,17344963;15,42576168;0,654422272;0,24995597;1,636673907;18,61694899;20,18691213;15,41512628;28,9070776;21,79225378;21,17334692;3,711265075;4,041323618;3,760397854;3,728119301;3,707112207;3,739465354;15,90358052;14,40049435;8,121625013;12,13541694;12,13034916;11,19886641;5,469010533;5,915462877;5,673081297;18,94997066;18,23475497;19,42884112;3,984000666;4,418407455;4,475795196;9,368301256;5,804542914;5,924136796;7,872745219;6,614533363;7,335886851
652,026;25,22196122;26,22496712;25,17669336;20,6973841;13,75617923;17,82158805;8,418371449;7,262474471;8,012270741;9,259164783;5,626280091;9,939051137;16,8149324;37,05827411;30,30845639;35,09318501;32,65703005;26,32448287;25,5232566;26,50862064;37,12651039;18,04857637;18,23355086;15,45952776;0,757410352;0,39148573;1,720541124;18,71006193;20,29229338;15,56894651;28,99674647;21,99599141;21,22269133;3,795227228;4,091210221;3,785688354;3,768238544;3,784415675;3,813878817;15,8039281;14,3469927;8,029563905;12,1454686;12,07613414;11,2003001;5,447019832;5,958276028;5,681940156;18,94270438;18,36122409;19,42332754;4,093825335;4,618782857;4,57228762;9,458838712;5,951249581;6,066293693;7,88384818;6,664450405;7,326152529
652,602;25,33592056;26,22645637;25,1128651;20,53761318;13,78633921;17,89697492;8,29849576;7,161460471;8,012769086;9,309987954;5,588554615;9,912785937;16,80241492;36,93489629;30,37897951;34,83977867;32,64819091;26,2391959;25,50534122;26,40372528;37,22016165;18,00096798;18,25023066;15,51266755;0,691505442;0,371309823;1,688150469;18,5581448;20,03883824;15,37905484;28,94640729;21,97354254;21,26625491;3,745784393;4,079282587;3,817301213;3,743716793;3,797085101;3,810979416;15,95793273;14,43582989;8,041969374;12,17064132;12,07202067;11,13978988;5,451470838;5,939395362;5,657192887;18,93281039;18,19905782;19,14865823;4,029390611;4,47180108;4,566956364;9,294968721;5,880469928;6,061870944;7,758824096;6,559182766;7,291005777
653,178;25,41545925;26,24908051;25,16124072;20,67043723;13,67663625;17,86172539;8,286161311;7,22902321;8,06837093;9,309269283;5,560843329;10,01535398;16,80146968;37,07497961;30,28343134;35,12783967;32,74813157;26,2149345;25,47392526;26,46855243;37,26495252;18,11512376;18,22990704;15,70257623;0,603553142;0,365344472;1,726450311;18,69082554;20,20068549;15,45555327;29,02595326;21,8507739;21,28008428;3,702201152;4,048909714;3,785834831;3,759893452;3,737443738;3,818343828;15,90630378;14,48888615;7,983807554;12,25123298;12,13503107;11,1825687;5,463739961;5,978056196;5,700235876;18,83821578;18,06570764;19,13936983;4,068544001;4,35487479;4,513051171;9,366239228;5,833566242;6,004032567;7,775468829;6,552729125;7,225640556
653,754;25,20988561;26,13297669;25,13902933;20,43298814;13,68431867;17,68760853;8,371755919;7,349253181;8,120865631;9,375987733;5,624354569;10,00361056;16,90016297;37,07410285;30,23903237;35,02433863;32,67955268;26,10836496;25,39167502;26,50905205;37,19293911;18,11311861;18,19842448;15,78174161;0,641020369;0,277618482;1,579812976;18,57551008;19,9754817;15,3851166;28,90598992;21,97484366;21,20043635;3,758772543;4,071089436;3,858681295;3,794810758;3,833214462;3,850743176;15,83396516;14,40212074;8,048577353;12,12168289;12,03058114;11,14456414;5,472878925;6,037206331;5,671629145;18,89507815;18,05802694;19,18443373;3,853050752;4,247645981;4,500963319;9,326717061;5,74225633;5,950889404;7,881422181;6,469386149;7,089777545
654,33;25,32558391;26,09925968;25,10856129;20,35840474;13,50287076;17,68983643;8,391030348;7,197188442;8,073144409;9,246338506;5,575101948;9,960727982;16,86503888;37,00849281;30,18169304;35,06653704;32,60795557;26,19979317;25,49219106;26,44055875;37,27038081;18,32108845;18,48556767;15,75736118;0,659512371;0,269740315;1,657119542;18,51875688;20,17918276;15,42135325;28,88164202;21,91343032;21,32555674;3,733749262;4,018862438;3,784525429;3,739746424;3,687250879;3,816625287;15,94458287;14,38290885;8,113064676;12,12577094;12,10562644;11,27712678;5,445887803;5,961914332;5,647434204;18,78643992;18,09550088;19,19252506;3,95545286;4,380756982;4,337579615;9,352247668;5,87334578;6,007368611;7,860325663;6,650713583;7,239046234
654,906;25,25978176;26,08318973;25,06175003;20,26424565;13,60922774;17,73719157;8,355320259;7,231530962;8,019703827;9,264461367;5,547144096;9,899437887;16,76049132;36,73010987;30,1876402;35,05710964;32,69877849;26,26526435;25,50534605;26,47794072;37,23617402;18,36562415;18,62746015;15,85422215;0,658980205;0,23267637;1,600352602;18,41221267;20,0342973;15,32995385;29,04634565;21,8803668;21,28498345;3,748745138;4,047178675;3,725973138;3,724489198;3,748254048;3,759575385;15,99137865;14,46356685;8,019102163;12,26927577;12,11488443;11,2483643;5,423635713;5,874558672;5,710979379;18,75905965;18,06340287;19,26735145;3,823369051;4,280322976;4,421128509;9,305876163;5,797658634;6,026919148;7,867020177;6,695773501;7,251835255
655,482;25,33557397;26,09119916;25,07364933;20,5555704;13,72809452;17,59356016;8,411076819;7,22419569;8,061139722;9,362264348;5,597853273;9,958468312;16,90981699;36,99239553;30,29018268;35,16158234;32,67295089;26,18458436;25,3481409;26,40397901;37,07709109;18,58341009;18,43293847;15,87363751;0,689291934;0,353857813;1,75688116;18,52475598;20,09004735;15,28804391;28,85630237;21,75035095;21,18972911;3,810207254;4,05679207;3,771545627;3,74510932;3,770658265;3,798970682;15,89429123;14,44619129;8,027116932;12,17906034;12,21093794;11,30937277;5,442141456;5,925582282;5,690147016;18,83547381;18,03866443;18,98728789;3,968047005;4,422108036;4,45328931;9,458278473;5,804795905;6,051554642;7,815838676;6,483266102;7,170206492
656,058;25,33539608;26,13277438;24,96606684;20,4242123;13,57432197;17,59629241;8,390712517;7,34443919;8,099288253;9,349670356;5,65333099;10,00398474;16,93578504;36,95272638;30,3701544;35,15450732;32,7569126;26,24119404;25,56182045;26,55110798;37,17384252;18,52372853;18,61543639;16,07849936;0,709241959;0,364200169;1,707757772;18,69273405;20,00561304;15,35391175;29,03257267;21,89923457;21,29340162;3,756374343;4,11313665;3,782497207;3,788069451;3,766375217;3,832712552;15,93843567;14,4564639;8,012638732;12,25079578;12,11940316;11,30177356;5,507162962;5,923881766;5,663811729;18,9053427;18,1112717;19,08684901;3,940276465;4,450248572;4,477423548;9,577984155;5,930418172;6,113943356;7,81971691;6,45769945;7,271080175
656,634;25,30507843;26,04417025;24,92212663;20,30695554;13,57735233;17,70412566;8,436676556;7,281472927;8,143272029;9,301554022;5,683404312;9,925593322;16,91413962;36,82413495;30,13966362;35,16215976;32,64862409;26,09884156;25,38868223;26,54292933;37,20171921;18,67546906;18,69486966;16,0298135;0,648856524;0,267030624;1,621646608;18,5364667;19,94082535;15,20194829;28,99836758;21,79920097;21,31050206;3,782535815;4,11138786;3,789340336;3,818748414;3,789605663;3,847081831;16,01526584;14,40023219;8,060501465;12,25919383;12,25565807;11,3350054;5,446063084;5,961445903;5,708300644;18,71438379;17,87185177;19,07330179;3,924888331;4,379755822;4,422974391;9,395078938;5,834545259;5,96902781;7,857913005;6,5099609;7,208956097
657,209;25,27998934;26,18312362;25,01372418;20,33961055;13,59679705;17,69872427;8,439410884;7,236898426;8,108268979;9,294136282;5,622267416;9,916681926;16,92182181;36,83160737;30,29185493;35,16274324;32,89095602;26,30204547;25,52330743;26,62541047;37,35910804;18,52744101;18,64272774;16,1686651;0,701574524;0,418918872;1,812999967;18,48084327;20,00442974;15,29210803;29,12566423;22,03692517;21,50296293;3,788509055;4,09697966;3,825437079;3,798059679;3,762130324;3,860629965;15,92760038;14,27304899;8,002674183;12,27651364;12,14418546;11,27307501;5,482733591;5,931555394;5,650495347;18,89879845;17,99742331;19,02845003;3,821254319;4,484611101;4,38383706;9,502931035;5,822486968;6,153140516;7,830290885;6,656055174;7,291312118
657,785;25,24669195;26,07582564;25,1265387;20,40938066;13,56812589;17,54448318;8,494948088;7,338513019;8,11844822;9,367390338;5,620277352;9,999409469;16,94088408;36,76621724;30,1969284;35,16203351;32,7447825;26,15658293;25,40856407;26,46333049;37,22827266;18,77397112;18,952042;16,44767788;0,702888442;0,318979541;1,803909272;18,4421074;19,96735099;15,2652959;29,00711879;21,80980411;21,22468264;3,790575697;4,092036672;3,790549271;3,759866464;3,796034214;3,864794016;15,88035348;14,45655089;8,104376787;12,28297958;12,35004316;11,37611976;5,473627368;5,955845475;5,675494083;18,78668689;17,96218363;19,18954219;3,898012269;4,34240588;4,405692306;9,382015968;5,819408512;5,987746329;7,859711071;6,647988199;7,272418319
658,361;25,42997156;26,05078885;25,05571894;20,3567151;13,59608905;17,65311718;8,401060598;7,270441821;8,091631591;9,273922912;5,625074131;9,962172705;16,73378146;36,55487193;30,09036063;35,19697136;32,68888848;26,17755132;25,47708877;26,45003834;37,2352337;18,91253721;19,06354671;16,40536394;0,695184174;0,309531383;1,746795204;18,4358316;19,92354731;15,22677757;28,93389822;21,86397597;21,34094883;3,76876397;4,043654532;3,734876061;3,759313642;3,76827155;3,810661829;15,97196675;14,38690813;8,09796758;12,27476393;12,2457171;11,30887984;5,489784176;5,898795993;5,677637528;18,7968961;18,04928407;19,17140164;3,767773801;4,302037048;4,450342442;9,371841742;5,798017853;6,105598353;7,972022663;6,814610793;7,337562602
658,936;25,37231;26,05567469;24,94262539;20,42443282;13,56239098;17,65526574;8,41697753;7,218767866;8,120780617;9,270060442;5,608774213;9,947374046;16,81877029;36,76648769;29,9382625;35,13021107;32,63596034;26,07836969;25,4142854;26,40660662;37,27970013;18,88790619;19,06549312;16,42706061;0,666217334;0,330483076;1,649953033;18,35479644;20,0023388;15,20283089;28,95452418;21,77062343;21,2977584;3,7377433;4,029523992;3,737214542;3,69075725;3,74525325;3,817580705;15,93824688;14,44346621;8,130544082;12,3078713;12,29487993;11,44093991;5,433421831;5,860829093;5,623332842;18,79224872;17,95159269;19,08222995;3,835600498;4,302725373;4,367152694;9,404038794;5,765340637;5,956353038;7,882371506;6,516194789;7,241236378
659,512;25,44720428;26,05671451;24,94933584;20,30991503;13,5147112;17,53351135;8,395962697;7,239631188;8,0985583;9,287607351;5,588436265;9,948068726;16,92040114;36,54508801;29,9844194;35,23857724;32,70570257;26,19079053;25,35475457;26,5770883;37,22491397;18,95212293;19,11696755;16,4825108;0,710720703;0,314237322;1,786848626;18,4869211;19,84622023;15,2322885;28,9636633;21,80661852;21,26395653;3,731702745;4,056837178;3,781856463;3,733231733;3,727209164;3,792634623;15,99257257;14,40003697;8,07310386;12,32207535;12,31566967;11,42791472;5,446971172;5,864790722;5,642133255;18,65693686;17,84874783;18,9457782;3,774308508;4,315373268;4,440944775;9,480419924;5,796701957;6,093039638;7,749684466;6,494069608;7,218087604
660,088;25,39016268;26,2043073;25,05535513;20,23726068;13,39564982;17,57523026;8,472596292;7,300210376;8,163232918;9,275391265;5,651776489;9,998871668;16,92516242;36,61236709;30,1107674;35,30205188;32,83306002;26,15444995;25,40802138;26,5840626;37,29288345;19,03527753;19,13080083;16,48610091;0,627854205;0,409247148;1,666943511;18,26954283;19,90746209;15,18150942;29,09341549;21,84535218;21,40829581;3,754666088;4,127505214;3,805463466;3,780908785;3,727504967;3,805098021;15,81508104;14,29288419;7,931730474;12,3256289;12,29410291;11,33539101;5,470643375;5,870951432;5,627189146;18,62627375;17,76465136;18,87833272;3,821137154;4,252533293;4,328657193;9,357868085;5,823220483;6,064694447;7,818973277;6,497325944;7,305231904
660,663;25,51323689;26,13848244;24,99926671;20,26685616;13,43275817;17,38136448;8,408612253;7,29201912;8,119831591;9,301701233;5,629619332;9,920748439;16,80025807;36,43161254;29,91817142;35,31597085;32,9441047;26,27015981;25,50919115;26,60973224;37,29215506;19,17886501;19,26144639;16,7155269;0,704910992;0,383259176;1,70525242;18,3210054;19,94776189;15,18195038;29,08814542;21,84952424;21,29459175;3,720732675;4,024130011;3,782139194;3,771952908;3,736516069;3,810477842;16,01736006;14,39802307;8,057390531;12,39182153;12,37111192;11,41847814;5,444705793;5,844015006;5,576721778;18,79715123;17,73730263;18,91471769;3,828220045;4,386961819;4,361257782;9,466038472;5,798267278;6,090834868;7,869400546;6,544565202;7,189400912
661,239;25,36122207;26,1297434;25,00008904;20,14722579;13,42811287;17,47592658;8,434178547;7,238555687;8,060774843;9,241831808;5,595504879;9,967711739;16,88689697;36,49699408;29,83523673;35,19300822;32,75568737;26,2976607;25,43832712;26,53388402;37,23401338;19,19443344;19,3757351;16,90923311;0,737112844;0,310565881;1,712919274;18,29839241;19,79980317;15,13901906;29,1073465;21,85513272;21,35211273;3,698963748;4,033954351;3,778664455;3,708019623;3,69837229;3,746745181;16,01948854;14,37272882;8,010779648;12,42835443;12,51631604;11,41528755;5,381661375;5,80160844;5,573532995;18,85129177;17,77737073;18,92876381;3,677046268;4,273975261;4,319963309;9,335102717;5,675346225;5,955524574;7,862256999;6,556235376;7,250232021
661,814;25,27611222;26,03451685;24,87141782;20,21193205;13,50620905;17,53728441;8,499093936;7,321766858;8,129955726;9,294578297;5,647914955;9,981634104;17,0031206;36,60067315;29,8453808;35,24314867;32,81321506;26,20517765;25,55197664;26,49576405;37,12259224;19,26410627;19,47909147;16,70927808;0,780332092;0,423663342;1,746115734;18,25859974;19,75513231;15,19645842;29,06794599;21,81975669;21,34749238;3,798603067;4,078398803;3,826379953;3,776978635;3,762399908;3,834430043;15,92243153;14,38884729;7,987794985;12,41453012;12,38942119;11,4144406;5,442285595;5,936863254;5,634876498;18,6622252;17,84617722;18,96275877;3,768604749;4,274852145;4,283450727;9,488917125;5,83380247;6,041767808;7,927117106;6,650716386;7,190940553
662,389;25,18600116;26,11641328;24,99081878;20,22528912;13,47072883;17,41217586;8,441751548;7,328799079;8,080470658;9,313239928;5,651612794;10,02349413;16,94478847;36,62327323;29,94701709;35,25273074;32,86432732;26,26541529;25,52326215;26,57876017;37,18041778;19,28628572;19,42016262;16,6869774;0,823607298;0,423389301;1,743816681;18,29012887;19,87505374;15,29093375;29,04179917;21,84617287;21,49682894;3,744767899;4,064644815;3,749320603;3,765628105;3,764574528;3,773739094;16,09684353;14,4791599;8,179147905;12,55765504;12,50344006;11,49345088;5,449423628;5,874735108;5,657389667;18,78765389;17,65735594;18,85629006;3,930520105;4,336929877;4,464471495;9,582764157;5,959710648;6,137102102;7,926810187;6,554491091;7,16081554
662,965;25,30969874;26,26845638;25,04836745;20,17581078;13,51107979;17,45313604;8,5396233;7,380556529;8,174922007;9,413120595;5,70385775;10,06557858;17,06767707;36,60948511;30,0271228;35,21014089;32,80226556;26,25012631;25,47000091;26,53651556;37,20520328;19,6289184;19,50324511;16,8878789;0,74234607;0,407386319;1,716585157;18,30903482;19,77364634;15,39475371;29,04920192;21,86883461;21,44629884;3,82667552;4,136607632;3,854107358;3,836609924;3,819176684;3,888222634;16,03153173;14,54143943;8,068934866;12,5405786;12,51481794;11,50738154;5,498391655;5,980812366;5,66424579;18,71129827;17,70414782;18,84044303;3,828529869;4,286353445;4,419271343;9,497374114;5,925551236;6,076538184;7,930254435;6,480719871;7,170842347
663,54;25,16463184;26,07410038;25,02150808;20,0369348;13,41270927;17,40291578;8,494760509;7,322624898;8,199145071;9,359039906;5,634740159;9,978641473;17,05112698;36,60027153;29,94310489;35,29474444;32,79252823;26,314556;25,47489439;26,54935935;37,17808526;19,6622054;19,79362663;17,12671034;0,782109214;0,475844706;1,817005851;18,4541708;19,90641798;15,41538319;28,98327092;21,88163706;21,48853711;3,751957771;4,148084263;3,813075832;3,787587002;3,789655479;3,837008974;15,95550289;14,44746452;7,981054164;12,46502736;12,48091925;11,38089866;5,48176872;5,864504285;5,583335897;18,58052431;17,75920753;18,90934625;3,824850875;4,307017315;4,537662282;9,555746705;5,850021744;6,223274597;7,878955435;6,587668348;7,22822294
664,115;25,26559943;26,24298917;25,04267333;20,07583019;13,63533963;17,39862966;8,468269905;7,363029657;8,164802014;9,244468483;5,61791064;9,986423512;17,05899484;36,45785698;30,02334626;35,37197619;32,79563407;26,38774126;25,52303476;26,57984153;37,26606947;19,66837183;19,58730735;17,16911434;0,762037375;0,299125386;1,758683505;18,32704462;19,83354896;15,19648335;29,02345177;21,87943688;21,48781143;3,711191769;4,062486553;3,78713527;3,753100037;3,71228026;3,804225476;16,03996029;14,29562667;8,067951768;12,62335586;12,54190478;11,47055072;5,407079153;5,843364709;5,606346093;18,46201324;17,65389395;18,73380224;3,675928042;4,313257943;4,307810601;9,521303058;5,814263463;6,02951282;7,897584906;6,531345333;7,184673081
664,691;25,10832096;25,96960352;24,89644995;20,2044882;13,32159603;17,31612564;8,478303234;7,29918268;8,176796931;9,291837849;5,646649945;10,00075194;17,00725938;36,31294989;29,99412772;35,1598097;32,8093988;26,3046033;25,30784035;26,50170964;37,10585242;19,64538703;19,70352482;17,21086741;0,67420534;0,338047281;1,779621366;18,24688549;19,76344014;15,13334818;28,93731051;21,89736902;21,40856542;3,711107441;4,028211068;3,742164311;3,740163807;3,663631953;3,790905668;16,04546718;14,38661026;8,092227491;12,51945642;12,56704264;11,57735537;5,425988284;5,854678613;5,631409978;18,72453693;17,77430033;18,89948012;3,839159632;4,189158107;4,254019173;9,533503878;5,817474394;6,097699048;7,969907495;6,67522799;7,285723422
665,266;25,20347177;25,99885871;24,94023144;20,20569085;13,56783698;17,30142708;8,498928352;7,32459971;8,186353581;9,309364034;5,598261388;9,979400357;17,0757534;36,46474037;29,94154009;35,1745551;32,88093801;26,27299853;25,30746535;26,5105465;37,16851597;19,75329754;20,02492391;17,32083306;0,688968263;0,346481801;1,796062736;18,35318609;19,90894987;15,19889289;29,05414093;21,92203021;21,50875454;3,744054991;4,135627126;3,794044931;3,703086681;3,768140527;3,774491598;15,96764784;14,38286025;8,073944504;12,63322372;12,46493181;11,58716391;5,42051229;5,895184905;5,573884602;18,59536463;17,67389101;18,91639446;3,722060143;4,272602262;4,292718544;9,579485359;5,916630049;6,130670014;7,981334318;6,705003731;7,176570924
665,841;25,09830689;25,99935673;24,96807547;20,18108721;13,37235525;17,40079952;8,507109768;7,387507183;8,18405508;9,367620941;5,686284504;10,00067624;17,07598595;36,47339602;29,9578966;35,24627838;32,83928333;26,36897951;25,43828551;26,62751438;37,19880844;19,84426037;19,75834906;17,43565428;0,906996013;0,351635544;1,899264871;18,40318089;19,76832853;15,32237477;29,10612997;21,92246844;21,55233562;3,782631946;4,10910902;3,769878942;3,733053951;3,798527373;3,80630873;15,92164375;14,40995122;8,002141924;12,53996517;12,60846033;11,56412929;5,432271331;5,886071048;5,684525766;18,51647305;17,59101172;18,7816421;3,763336485;4,253539781;4,33813167;9,462513671;5,883415398;6,158963188;7,915658173;6,535198397;7,225085862
666,416;25,22982357;26,01130056;24,94807393;20,14184899;13,34146076;17,29230149;8,544815941;7,323181413;8,257677121;9,302661867;5,652023102;10,04053266;17,14565921;36,41930998;30,04818748;35,18242887;32,86259619;26,19600316;25,22720274;26,48186921;37,2172073;19,98383909;20,02643867;17,33458202;0,69537525;0,423247371;1,765755254;18,21496213;19,69839689;15,19508975;28,99725701;21,84819115;21,5758747;3,766972724;4,110694478;3,765848449;3,772069827;3,789354933;3,815808879;16,13347507;14,42156626;7,97409623;12,54683626;12,51807765;11,58901804;5,476101849;5,88397891;5,638095414;18,45298643;17,54535311;18,83602707;3,631201993;4,156795872;4,295926929;9,542976043;5,84952088;5,974314325;7,960946647;6,499743291;7,186566776
666,991;25,06509055;26,01144027;24,93285266;20,08248029;13,45632469;17,25861858;8,52027524;7,281079566;8,082364299;9,317685138;5,663712124;9,991544045;17,02266372;36,40746774;29,81967208;35,34285066;32,97108471;26,30286826;25,47947969;26,68442678;37,32149748;20,00074215;20,06953652;17,6411244;0,66211807;0,384739559;1,749927826;18,39253941;19,80382957;15,14371708;29,19800471;21,94487386;21,63004476;3,733960239;4,081420795;3,762126455;3,775935035;3,664402872;3,783944316;16,15682483;14,49305896;8,006345139;12,51973716;12,48574718;11,60260829;5,402490228;5,816204633;5,539078455;18,50790914;17,59003219;18,74858487;3,72514928;4,122712296;4,240267799;9,444517287;5,897706485;6,085074448;7,882921548;6,50427787;7,226953964
667,566;25,15387527;26,16593762;24,98081344;19,96601016;13,28801711;17,17290451;8,593329995;7,41033784;8,253819408;9,349878233;5,699272461;10,03589736;17,14753809;36,40849772;29,83618293;35,31619443;32,8754853;26,33893805;25,24741466;26,50383822;37,20757218;20,08442759;20,13926856;17,66635551;0,737581712;0,347961689;1,778623524;18,2758747;19,69551922;15,08166539;29,13606967;21,88149453;21,53654288;3,749063214;4,126291469;3,787516776;3,758155649;3,748471574;3,812836014;16,10560848;14,36619528;8,075107573;12,56605354;12,59098313;11,65470529;5,457765918;5,794013682;5,636960351;18,47458999;17,69338042;18,77468415;3,679849446;4,170098754;4,280537608;9,497613195;5,770159498;5,99603549;8,019868925;6,630472126;7,28482766
668,141;25,16178203;26,14528939;24,92823101;20,22196892;13,4454336;17,33228536;8,586733709;7,404322139;8,224309695;9,367610664;5,676313894;10,05525087;17,09077404;36,31330429;29,74535891;35,32637283;32,97306894;26,35288738;25,31733172;26,4685566;37,21966023;19,99938572;20,10243438;17,62545775;0,810404353;0,381404307;1,844391831;18,4614538;19,90845204;15,18509247;29,09325481;21,77687187;21,62242134;3,729233867;4,033643574;3,77230131;3,747104859;3,751610452;3,779824468;16,09011004;14,32331919;7,880021949;12,52528431;12,54686612;11,60036916;5,414860706;5,874606447;5,646520801;18,34537036;17,58109416;18,76836823;3,685171317;4,214894572;4,229418729;9,601449668;5,744835573;6,103802319;8,012284423;6,561536078;7,167520274
668,716;25,2205462;26,10839526;25,00908596;20,02203102;13,30319035;17,26718132;8,560004748;7,422092353;8,265804311;9,380469312;5,738762519;10,07737389;17,11068726;36,48273332;29,81376719;35,22713945;32,99559455;26,44573196;25,31059396;26,55006318;37,21417881;20,30132871;20,34840989;17,63923139;0,85091518;0,394197148;1,852992276;18,33674669;19,70208751;15,17162426;29,07865495;21,76747283;21,61731564;3,765808609;4,101367166;3,793341496;3,747326206;3,750391785;3,817072507;16,16217689;14,42058407;8,037629882;12,70639949;12,5913513;11,66680004;5,467032136;5,916723512;5,610683015;18,43551102;17,41333491;18,61424657;3,664935257;4,213756792;4,294023525;9,618657135;5,861884402;6,07993733;7,925504794;6,487867529;7,113307465
669,291;25,26312794;26,02280897;24,86742884;20,08878894;13,30375566;17,23790518;8,556685903;7,401557396;8,261626743;9,423921825;5,750974034;10,09810553;17,19150668;36,3675618;29,97425583;35,19228915;32,8390203;26,26223466;25,21276436;26,46236987;37,26558654;20,18374325;20,30722997;17,72574673;0,781778657;0,418891425;1,871138896;18,24503169;19,83423262;15,21675964;29,04994325;21,78238825;21,5596376;3,871724153;4,110420055;3,770520102;3,810866683;3,821197372;3,800768395;16,23800672;14,47197408;8,094796899;12,72976322;12,65727453;11,74591787;5,448267534;5,837909696;5,688613464;18,48642542;17,52373029;18,67568391;3,757492273;4,313229984;4,304851556;9,605931265;5,905375483;6,232400229;7,946192372;6,57751507;7,184860533
669,866;25,27183438;26,05340447;25,02940359;19,85784203;13,28182802;17,12058081;8,560551886;7,414450448;8,248765038;9,335222498;5,688774916;10,09172215;17,15046769;36,29916979;29,80647468;35,18939386;32,99106263;26,39964153;25,38146152;26,64032133;37,24681189;20,36828012;20,45134991;17,79543715;0,777341554;0,408177381;1,867714242;18,3367099;19,63858395;15,28152381;29,21880448;21,84690168;21,61658896;3,771788584;4,096595364;3,745415761;3,736963344;3,790517741;3,806970391;16,18488566;14,49380492;8,049285431;12,71766243;12,75157994;11,77931122;5,463318606;5,853615735;5,621365398;18,53997702;17,56758129;18,67690976;3,610076886;4,270996032;4,280891147;9,67094292;5,972957761;6,114074451;7,961508524;6,558312964;7,163626771
670,441;25,23808106;26,08107406;24,95021149;19,93387988;13,25412273;17,18389391;8,553255615;7,377162521;8,261533194;9,382414823;5,711060206;10,08751176;17,16806158;36,51293789;30,02824072;35,44592262;33,09154978;26,5115783;25,3715631;26,67371282;37,40023908;20,45589488;20,46241925;17,88528978;0,754970023;0,48263402;1,992538342;18,18877745;19,67330145;15,25858672;29,12049326;21,9372497;21,65728347;3,756767248;4,090505882;3,792901538;3,758868166;3,768709522;3,819719364;16,20800493;14,45497182;7,990039201;12,69341969;12,67741143;11,69126004;5,444503924;5,852794203;5,581582842;18,36554444;17,40111133;18,67604784;3,738964437;4,192543967;4,26488283;9,654363536;5,982587863;6,284618333;8,041531526;6,591733174;7,192191168
671,016;25,30450992;26,07180888;24,90085349;19,78402519;13,26175858;17,17552989;8,546119337;7,397864967;8,302438133;9,360348516;5,720739501;10,05200915;17,23143326;36,21942529;29,82493985;35,30001874;32,95303775;26,34127441;25,37523913;26,72179912;37,35058315;20,68962682;20,56792745;18,06169804;0,729873499;0,421590881;1,799431516;18,20598663;19,78125601;15,21050268;29,1639395;21,8383491;21,68525551;3,746866226;4,068862544;3,803291818;3,745128322;3,745269248;3,816630257;16,28850491;14,4591906;8,017188681;12,78966512;12,72889919;11,80929782;5,468058863;5,826796161;5,567545348;18,49413641;17,44800037;18,63467052;3,71331241;4,15547178;4,185175697;9,535320573;5,840698295;6,12950528;8,114091025;6,537833957;7,204200497
671,591;25,25580235;26,10555092;25,05074559;19,84966214;13,40733694;17,24647709;8,642992347;7,473516181;8,350628716;9,430336857;5,698167635;10,14676247;17,27629421;36,43771409;29,9884514;35,31134129;32,96121972;26,39241879;25,32585399;26,61707754;37,24774469;20,58095453;20,67331522;18,00982636;0,664206573;0,360699633;1,824636239;18,16066729;19,64881843;15,2465561;29,19146152;21,86405855;21,73353815;3,780644674;4,084541506;3,76075138;3,739045734;3,736260578;3,870177839;16,0947698;14,49427229;8,035288422;12,77825631;12,71301235;11,7829348;5,476697726;5,876306036;5,653852408;18,42583907;17,51527987;18,62196157;3,638481775;4,226623902;4,198930946;9,568764411;5,828461983;6,171094833;8,054655144;6,578009465;7,132942626
672,165;25,2804261;26,06525148;24,99501235;19,84500979;13,27303645;17,12388801;8,641634759;7,397604322;8,253570443;9,357999631;5,735994443;10,0738355;17,21697728;36,31658092;29,93151266;35,3209168;33,05480423;26,38472561;25,34609467;26,65274559;37,32072082;20,88112056;20,72009426;18,04718849;0,831621655;0,386385351;1,885904131;18,31697069;19,57781258;15,08510824;29,31790153;21,74923044;21,7322869;3,761967738;4,09512565;3,804877192;3,763609999;3,771876593;3,816251133;16,12557232;14,56833731;8,129756368;12,82488665;12,76038671;11,86195936;5,438279617;5,889973605;5,641871672;18,43103232;17,46538035;18,6028704;3,572021897;4,259805555;4,24648843;9,624867634;5,944926999;6,184678964;8,132878539;6,625658442;7,278081239
672,74;25,14603675;26,00367024;24,96875106;19,78684856;13,22507676;17,04838856;8,644398212;7,399359154;8,26483298;9,447874778;5,722380392;10,1914182;17,30603958;36,24747777;29,91603273;35,36020727;33,06801859;26,35884654;25,39034221;26,62402579;37,27635764;20,9007135;20,67506435;18,17860808;0,774171078;0,428678153;1,886981698;18,16043112;19,81706375;15,16773444;29,21262867;21,78387773;21,64450805;3,73496369;4,104876741;3,704893879;3,715398494;3,741690373;3,811369879;16,17568618;14,50742781;8,089288142;12,83583878;12,78883144;11,83916286;5,446757106;5,882590617;5,654850171;18,39779102;17,45109516;18,56055167;3,658196629;4,209938321;4,199298341;9,518114631;5,866159631;6,187248297;7,938027537;6,519535001;7,153412571
673,315;25,1823901;26,03931557;24,98614837;19,75897828;13,11703194;17,02803071;8,673926552;7,491315538;8,320260346;9,423910172;5,768739508;10,14178508;17,33332384;36,42914647;29,88047555;35,46459711;33,1264375;26,4723444;25,31471865;26,6395786;37,2829304;20,83668166;20,84454552;18,32584046;0,723620807;0,416197657;1,721490683;18,28453231;19,69515155;15,10072478;29,22752236;21,82870039;21,77020727;3,796852639;4,126079954;3,810224529;3,781476073;3,853794102;3,884124682;16,25288401;14,57435502;8,047045138;12,94585677;12,78004571;11,79894545;5,503438897;5,854035584;5,64204295;18,22448933;17,35863496;18,5612098;3,621586772;4,167886361;4,209684148;9,508555042;5,895104738;6,271222951;8,012855115;6,428345792;7,202582014
673,889;25,23532544;25,92735433;24,90725263;19,72009843;13,22780471;17,15813356;8,622288102;7,461024525;8,351832156;9,394659854;5,693279577;10,18710957;17,19116555;36,13794423;29,85705234;35,31044882;32,89215479;26,51341686;25,3130194;26,5434155;37,35135273;20,98192617;20,99066872;18,44943463;0,752250416;0,431740921;1,834028301;18,21191729;19,56454126;15,10470283;29,36427384;21,78620099;21,78942103;3,767879465;4,097776666;3,79550666;3,775266732;3,759571236;3,856150568;16,23678843;14,52070188;8,07909254;12,96205524;12,7950076;11,89147395;5,430845337;5,780243193;5,585711292;18,47231892;17,46022449;18,54186357;3,601299826;4,148566327;4,211778211;9,648291613;5,858647592;6,229133745;8,11495198;6,486696448;7,229755178
674,464;25,18873483;25,86587875;24,93954829;19,76259934;13,35794079;17,11571555;8,582190339;7,470767542;8,344611498;9,395645762;5,749210095;10,18557148;17,26722118;36,38856934;29,89042644;35,38623098;33,09524809;26,54198032;25,43766197;26,76714779;37,34028098;21,08070096;21,15244316;18,5157196;0,737417139;0,329476215;1,924238508;18,15177226;19,55208127;15,22217482;29,3536909;21,79992926;21,73300136;3,744914112;4,102165006;3,73664767;3,762095548;3,724424903;3,795748832;16,25626791;14,53636169;8,07273925;12,89431516;12,86230186;11,78096954;5,399094819;5,809138717;5,517124214;18,49945349;17,43312421;18,66440895;3,796591104;4,189123633;4,119577759;9,563256008;5,918371824;6,224797467;8,147539147;6,672753641;7,299648187
675,039;25,15086992;25,97777136;24,82453045;19,8433402;13,25808117;17,11847506;8,633822391;7,453342819;8,332192437;9,372836767;5,743670636;10,12397665;17,29724587;36,11952831;29,7271737;35,36785783;33,19290206;26,53219166;25,28585443;26,81227329;37,31455991;21,24584399;21,05302746;18,65430868;0,789262736;0,436170047;1,900975845;18,20334196;19,72526746;15,13498968;29,3773472;21,84174276;21,89792645;3,710645166;4,065261499;3,743101628;3,762158659;3,715223246;3,784997516;16,24467959;14,61841115;8,148616904;12,9727931;12,83373304;11,92286118;5,392549365;5,863637303;5,608439195;18,44149525;17,40852541;18,65573344;3,677322804;4,097752629;4,172242399;9,630331247;5,848980057;6,262936887;8,147161801;6,729331449;7,289587968
675,613;25,31116686;26,06940123;25,01694814;19,8624019;13,38129482;16,99586861;8,75703944;7,467775901;8,279550421;9,435554819;5,688388188;10,14521509;17,3969447;36,17406334;29,93898679;35,35538306;33,13472314;26,59175359;25,27967617;26,70608345;37,381815;21,32282646;21,32397708;18,67179794;0,807758765;0,461174684;1,949194039;18,16976044;19,78623079;15,17656656;29,35973842;21,83189965;21,91156104;3,722959475;4,052573979;3,713162735;3,68221661;3,735354764;3,794719544;16,33472473;14,68119909;8,17660509;13,09787175;12,98027475;11,93936471;5,397912836;5,892050027;5,665249055;18,48972395;17,42275559;18,482239;3,591152854;4,163769159;4,158704135;9,645089544;5,839679392;6,222221915;8,126007055;6,597210317;7,19416802
676,188;25,31833968;26,05910663;24,99297921;19,75225013;13,22974372;17,03136536;8,66739498;7,453287147;8,455700759;9,413356208;5,731968628;10,21935346;17,40766134;36,25807686;29,79799784;35,41622505;33,18095369;26,49053173;25,31239234;26,68055772;37,41009583;21,37716419;21,36888642;18,72245396;0,814067292;0,474282749;1,933366414;18,18547239;19,7602568;15,09167863;29,38302482;21,75843278;21,85371468;3,758022968;4,135318621;3,753754466;3,776757363;3,812202868;3,846917303;16,33227762;14,62464179;8,094984294;13,1222624;12,94560299;12,04507841;5,469471097;5,827233719;5,669827171;18,42385522;17,61316341;18,51103566;3,660857848;4,250735877;4,145753024;9,719088185;5,930651642;6,303624366;8,122814172;6,587992995;7,239353631
676,762;25,22543391;25,9319554;24,88727178;19,79930044;13,16367952;16,88554411;8,723806836;7,501720137;8,412281454;9,410134876;5,742659116;10,25750055;17,37701193;36,18804696;29,68537456;35,58236685;33,18868267;26,60334589;25,39121077;26,89747187;37,54167267;21,39401367;21,35761617;18,63398773;0,92016034;0,530213333;2,013605931;18,19373885;19,68465088;15,29424903;29,48330168;21,87670805;21,89559621;3,781576058;4,125445265;3,806880945;3,724253229;3,775990394;3,870227293;16,45673608;14,59941958;8,129128252;13,13815813;12,90985556;12,075187;5,456092971;5,797734151;5,612057419;18,42936016;17,46156918;18,51791784;3,620349357;4,247027397;4,277511672;9,650659428;6,067076583;6,395827858;8,014870929;6,498569047;7,107485238
677,336;25,22314087;25,93984926;24,92920842;19,65624187;13,28008636;17,09447435;8,641007121;7,452171243;8,419136273;9,465309269;5,687198241;10,23331497;17,37741707;36,18653465;29,82136044;35,46126928;33,22837906;26,55098841;25,29653999;26,83065146;37,36733655;21,38701014;21,65137201;18,81111034;0,824360593;0,399566134;1,825152458;18,09900698;19,64460806;15,2253645;29,53140652;21,95895214;21,95163307;3,718480942;4,14154237;3,782335997;3,749681066;3,743446246;3,871905042;16,41683271;14,64723871;8,032064222;13,0551442;13,0880064;11,99220116;5,414618779;5,8680428;5,594370932;18,44634201;17,30919665;18,57986578;3,565936193;4,059687815;4,148657131;9,645723593;5,960117006;6,157163162;8,092395571;6,567068957;7,109992853
677,911;25,25879361;26,06062106;24,91717771;19,55499609;13,16490878;17,03306941;8,74223269;7,527328522;8,396522388;9,485833792;5,774309267;10,16795099;17,32122465;35,98096187;29,71514454;35,57972808;33,189346;26,4979524;25,32425368;26,74675043;37,49635443;21,56714386;21,49966476;18,96758005;0,889325593;0,382331223;1,941588205;18,10752175;19,76964214;15,18114637;29,451785;21,84449617;21,86888237;3,704241384;4,074948448;3,752387396;3,738495593;3,763427808;3,824556458;16,4374297;14,64783769;8,020358843;13,07582781;12,99586561;12,01015246;5,382069618;5,838491212;5,620192536;18,33328284;17,34203857;18,44195862;3,621057372;4,116384606;4,129045657;9,664509092;5,863230527;6,148101333;8,057441526;6,511943865;7,124106182
678,485;25,29800151;26,03533098;24,97699271;19,66140088;13,26150441;16,99841734;8,775799236;7,588506128;8,362870548;9,459838329;5,84127487;10,2680937;17,42047227;36,03881466;29,80455074;35,43874996;33,08185322;26,45169007;25,23988069;26,66785856;37,38091343;21,67068602;21,55819162;19,10530931;0,788347898;0,448751773;1,903945606;18,13528941;19,64794578;15,03293777;29,47209244;21,76611264;21,84143362;3,835934471;4,153818085;3,840736918;3,789551647;3,800741822;3,902541189;16,34213665;14,49200745;7,98479857;13,05167841;12,92672947;11,93500989;5,483887716;5,938870884;5,656281528;18,34570124;17,42784808;18,60583215;3,69012697;4,134928076;4,267946565;9,629157715;5,937267484;6,345766574;8,027458788;6,516520274;7,118734741
679,059;25,20821286;26,09276065;24,93689248;19,6467606;13,30028473;16,99635198;8,729529561;7,458091936;8,365861137;9,45045033;5,770934031;10,18475933;17,44851272;36,06546292;29,6833756;35,55864996;33,20218708;26,41073454;25,19890528;26,7540001;37,48973532;21,5879226;21,68861594;19,06386537;0,906331639;0,548591435;1,999767552;18,09838023;19,61013792;15,21551861;29,51433177;21,84273488;21,98625051;3,721941729;4,091409008;3,734047769;3,700570097;3,750263961;3,776441556;16,45306143;14,69782525;8,084864453;13,2200164;13,13946594;12,08342667;5,452417106;5,855600805;5,655668314;18,25375971;17,19014648;18,36943515;3,587447076;4,161317731;4,081360506;9,762118717;6,02472353;6,299535562;8,124443992;6,578772837;7,076990561
679,634;25,3447196;25,95513625;25,07336347;19,7523013;13,20718739;16,81834447;8,726776002;7,49356564;8,379240819;9,484848243;5,819804091;10,27254967;17,38219316;36,03260695;29,62118828;35,54610796;33,17907436;26,55046858;25,33169187;26,76758146;37,35480444;21,87592897;21,78352868;19,11060596;0,862987321;0,524841048;2,111673266;18,0233097;19,53480983;15,10443727;29,56851791;22,00039575;21,92237931;3,774263407;4,105999517;3,811226167;3,75238305;3,837359821;3,885960423;16,34127705;14,75919678;8,171831514;13,14532694;13,1544343;12,12324982;5,476983237;5,90145055;5,651937806;18,45362962;17,31674143;18,43444533;3,524488191;4,26442324;4,220039841;9,730258889;5,916628366;6,354501555;8,164207886;6,552882507;7,230962407
680,208;25,26191406;26,06362705;25,021832;19,67192511;13,14646045;17,02533591;8,726925193;7,487508495;8,430952852;9,453026898;5,773809328;10,26437063;17,42969022;35,95953405;29,56484158;35,56927726;33,27983963;26,57101283;25,31057799;26,80511195;37,49571304;21,81056558;22,0183558;19,15019571;0,860008069;0,551580385;2,043848646;17,98281381;19,52301835;15,23668485;29,60873776;21,87614565;21,90755863;3,753568136;4,10363857;3,752201215;3,758279988;3,784672272;3,807320699;16,48394117;14,7016061;8,079762016;13,19225214;13,00597116;12,01442809;5,424297266;5,836358311;5,598749531;18,27920682;17,15822656;18,31341235;3,544401899;4,263357915;4,251474015;9,766845214;5,992847369;6,388984312;8,22052994;6,573022349;7,21146021
680,782;25,37567473;25,93466642;24,87966739;19,63226929;13,14713345;16,91865487;8,721948993;7,484038586;8,383585856;9,448937112;5,739302912;10,23751559;17,398914;35,76550231;29,51935222;35,47896992;33,1441583;26,47819095;25,38922853;26,70928068;37,43704729;21,87801861;21,90325598;19,26459;0,924679964;0,531085735;2,119766658;18,14356012;19,64035096;15,27113048;29,49233404;21,92763334;21,92697464;3,702355931;4,10157914;3,732216533;3,758700295;3,722730588;3,830353998;16,39681307;14,65830791;8,144600145;13,25488905;13,13623118;12,14884061;5,414561012;5,778353073;5,550756291;18,37478136;17,26268758;18,53774011;3,723295359;4,267969034;4,184527618;9,893727771;6,016862752;6,454987507;8,249721264;6,595580667;7,24011532
681,356;25,29305826;26,05347895;24,97919881;19,68463261;13,22459759;16,92596661;8,750286388;7,488909716;8,41351034;9,511063398;5,809485306;10,28578098;17,44190247;36,03549052;29,64525609;35,59396045;33,16932953;26,52033547;25,416935;26,69819131;37,39491835;21,93474778;22,00053425;19,40038624;0,782981137;0,485312098;1,942340698;18,05528262;19,65085914;15,06041404;29,55004035;21,8857418;21,95462549;3,712573153;4,064436535;3,757060042;3,714005266;3,723841023;3,774229688;16,44427662;14,68054942;8,144678832;13,15995275;13,15549302;12,20685991;5,414495387;5,781147808;5,607332921;18,35109049;17,2446454;18,4171658;3,4784351;4,131166759;4,096837439;9,762146155;5,906640293;6,318513355;8,240850149;6,502199441;7,115618723
681,93;25,45374409;26,12294359;24,96765986;19,61980984;13,25004883;16,98557311;8,797865689;7,561843244;8,482106335;9,518008048;5,853799715;10,31551704;17,41965115;35,90807886;29,68037319;35,60064639;33,24307096;26,59648931;25,37595304;26,78098234;37,4083517;22,20319732;22,19373386;19,56898752;0,821524443;0,364932767;1,946637303;17,93750045;19,53820891;15,12014725;29,56599907;21,98322834;21,99537245;3,72073284;4,145135696;3,802735686;3,78530739;3,784319581;3,84154526;16,48752939;14,779963;8,123585313;13,26352245;13,21148992;12,05560083;5,454703898;5,837026309;5,648218776;18,24993455;17,40026502;18,49834719;3,417848812;4,107092544;4,093271508;9,693430458;5,876455195;6,33477032;8,318261959;6,694294719;7,122387266
682,504;25,19168947;25,96715323;24,91953699;19,50961335;13,30164441;16,96661778;8,782298178;7,537770882;8,383373576;9,486371229;5,800302648;10,22306779;17,45068356;35,74346599;29,59844125;35,53215709;33,12202239;26,54628554;25,45718531;26,68459312;37,3807132;22,18319029;22,26686925;19,59697657;0,901816345;0,461492112;2,025960605;18,00594118;19,55606781;15,21087374;29,55252086;21,86662434;21,92018925;3,73383493;4,036060415;3,769419655;3,685891411;3,736134414;3,809971841;16,48174471;14,73850268;8,197422213;13,35140863;13,23183176;12,17120834;5,487371589;5,763774926;5,574376018;18,43116002;17,2700468;18,41348826;3,514674376;4,111020332;4,121260003;9,769565109;5,971178999;6,379822395;8,196764842;6,646173802;7,236488316
683,078;25,20154652;26,04788371;24,91482998;19,49491871;13,0563518;16,93250869;8,766543277;7,456532945;8,470152503;9,490989882;5,764877042;10,22397153;17,43013857;35,81984391;29,38876619;35,59603317;33,25072622;26,69247178;25,32709941;26,7744652;37,50301831;22,31866921;22,2544178;19,53383088;0,979884596;0,654513786;2,068574778;18,08002165;19,5651776;15,26890428;29,60410963;21,97984944;22,043497;3,70046666;4,065286763;3,794265398;3,715932712;3,733979126;3,716022315;16,46029516;14,70905345;8,159434332;13,29907554;13,30339749;12,17522592;5,436478675;5,822357017;5,589549947;18,44672991;17,21171264;18,43254485;3,554703308;4,184059145;4,133516005;9,748538825;5,980720754;6,414204396;8,355037718;6,567343185;7,263845421
683,652;25,32255946;26,12695765;24,82357682;19,44960769;13,31398383;16,89821718;8,769045158;7,51453232;8,505795956;9,519275886;5,838988049;10,25781109;17,42658488;35,96714485;29,52463204;35,65520091;33,20691458;26,76891419;25,36253174;26,70813378;37,39799254;22,21660866;22,4858621;19,60224312;0,994937805;0,658081131;2,10352601;18,03824957;19,63254275;15,21915434;29,56508375;21,962808;22,10747148;3,750318476;4,080017473;3,743499468;3,739397358;3,757759932;3,802544524;16,39828308;14,81223374;8,154537812;13,25446869;13,17640313;12,1482381;5,393670015;5,739013255;5,622345177;18,40075082;17,09235829;18,47988223;3,585037132;4,19526317;4,225420632;9,778408205;5,999627519;6,441642554;8,407102795;6,551506802;7,198421342
684,226;25,29295365;26,13619575;24,94127003;19,55411808;13,21873479;16,92720998;8,881805983;7,561639101;8,513794453;9,5295356;5,88277389;10,26404154;17,51767227;35,91509073;29,64717965;35,64208879;33,25793581;26,71826501;25,35241737;26,80830374;37,46906738;22,30115213;22,57289633;19,7632503;0,938155995;0,458387571;2,054470164;18,14628609;19,56655246;15,00088304;29,69058329;21,9158444;22,15241554;3,72742022;4,10643887;3,78257127;3,731568557;3,78488009;3,863090628;16,53904534;14,78251783;8,214586554;13,24847912;13,28117464;12,28601927;5,421523221;5,803895623;5,570488239;18,08810236;16,96925491;18,34496394;3,56334056;4,150752597;4,068765671;9,838867456;5,919021336;6,40169699;8,279267848;6,549596719;7,243399434
684,8;25,17600965;26,17583534;25,09001789;19,30339414;13,15376258;16,94362138;8,846929788;7,639781445;8,520506473;9,566026097;5,831016562;10,32178307;17,56422983;36,0510755;29,4657363;35,58267009;33,34728643;26,6532835;25,31913497;26,7461829;37,44690754;22,40097709;22,53998196;19,75151408;0,811258907;0,44822779;2,024667675;18,09755443;19,43536504;15,08354559;29,54547685;21,92498338;22,05087346;3,747524577;4,112381509;3,776844818;3,728890944;3,800867021;3,857203385;16,45360374;14,59644858;8,107330521;13,26684424;13,22308835;12,1808411;5,391387315;5,848328027;5,591457273;18,33371849;17,16607505;18,40182126;3,409126136;4,020232562;4,102131048;9,752391334;5,860595382;6,242768197;8,285659484;6,558192612;7,140602687
685,374;25,23393845;26,15777605;24,90495754;19,51371201;13,09558478;16,78705593;8,868233059;7,566492674;8,565959827;9,574159487;5,914704;10,33601055;17,51406434;35,79520983;29,57762837;35,63853144;33,23348179;26,59813752;25,3017664;26,70243276;37,35719435;22,51661601;22,63931909;19,89177949;0,811414794;0,429604636;1,952787793;18,01692343;19,51967273;15,22441849;29,62466385;21,92915208;22,07234035;3,765681614;4,097272984;3,78198381;3,744236134;3,736656412;3,825319466;16,53110655;14,76333389;8,21673179;13,49040408;13,33591586;12,29072047;5,445764545;5,834273831;5,649286133;18,33574727;17,21079748;18,40261983;3,509125334;3,982808192;3,973805311;9,767671883;5,921469627;6,298769319;8,313804627;6,635307498;7,187426347
685,948;25,17683017;26,17093056;24,97663496;19,43420839;13,12791475;16,87375845;8,86674003;7,640642185;8,52099726;9,519899469;5,883342516;10,3225693;17,52198441;35,82801347;29,65211067;35,57229349;33,17281724;26,67152103;25,28814824;26,77525138;37,40442918;22,72576169;22,68370324;19,96178202;0,9604589;0,585440187;2,025079044;18,18218288;19,48859123;15,26980054;29,66527393;21,98142055;22,22428231;3,728174346;4,10167895;3,711529504;3,703878528;3,775002457;3,82227727;16,54540257;14,8425763;8,145713756;13,55893785;13,24738958;12,29364383;5,384888313;5,801694244;5,585889734;18,42328437;17,16626715;18,36175714;3,664333851;4,147714564;4,192766826;9,792775091;6,007098823;6,424374054;8,399461986;6,684903101;7,240049924
686,521;25,30596643;26,10153752;25,06042416;19,55266121;13,19553728;16,91459778;8,831342683;7,649065481;8,570262734;9,588253733;5,878542907;10,38416806;17,56336374;35,7705809;29,54003772;35,58848233;33,1452806;26,654448;25,33068118;26,68120032;37,29536251;22,71039164;22,68947521;20,00155698;1,011731774;0,595306054;2,061877376;18,17939406;19,77270711;15,22292767;29,71371684;21,93855998;22,1731596;3,73181526;4,119341552;3,740258716;3,715518263;3,751590403;3,796715857;16,54660491;14,8110984;8,177931613;13,45963543;13,35521856;12,26475537;5,473579582;5,863494806;5,607971419;18,36410655;17,03259179;18,39454345;3,661784121;4,143258708;4,080351631;9,946691855;6,03987207;6,45956858;8,287990183;6,61671985;7,154328699
687,095;25,19251242;26,07403897;24,95890912;19,42927474;13,09589121;16,85843981;8,980507062;7,629396092;8,639888844;9,537051665;5,940269106;10,4250305;17,63585441;35,89706388;29,52289899;35,49442709;33,28247913;26,64846323;25,23635142;26,71779782;37,37814506;22,78137812;22,7721491;20,06536076;0,809295335;0,52479904;2,046350249;17,88975358;19,590863;15,21791606;29,66497069;21,77951781;22,24880817;3,798463253;4,170870895;3,80799778;3,79444559;3,808214638;3,866685496;16,62859618;14,89356301;8,150344942;13,58798896;13,41883941;12,38593906;5,472932503;5,848117293;5,61281166;18,39072774;17,06897065;18,43974529;3,543351014;4,092356069;4,009510875;9,798883735;5,937218089;6,499233939;8,373547571;6,567305519;7,14210247
687,669;25,21257874;25,96876234;24,90921226;19,42113785;13,08402838;16,83808252;8,933250282;7,611726655;8,568893677;9,57755874;5,86330215;10,35744186;17,68029341;35,85222976;29,47006447;35,58526143;33,29052269;26,76957142;25,38685786;26,79824003;37,53340315;22,83274822;22,91021044;20,15547364;0,924772666;0,579978523;2,093999764;18,02046635;19,51225159;15,17636085;29,7281426;21,95925972;22,18790928;3,717726279;4,128011531;3,782559095;3,770414796;3,749810489;3,822469786;16,58908011;14,92660517;8,145806049;13,58045999;13,34060809;12,30981256;5,387020482;5,802349843;5,591708282;18,22938164;17,08943264;18,29709508;3,570298474;4,078802212;4,045830347;9,81742977;6,075408961;6,463877895;8,40886048;6,681919682;7,258357471
688,242;25,15006675;25,9703806;24,87016961;19,45687489;13,11099229;16,76428709;8,991243152;7,683754892;8,644275017;9,561233286;5,899270542;10,42817764;17,57946905;35,80705266;29,46831119;35,50820486;33,26886436;26,66612498;25,21406265;26,73077071;37,41443851;23,03600486;23,18449748;20,37708384;0,949114154;0,486250896;2,101772391;17,94739713;19,48598303;15,17499348;29,74401875;21,80814406;22,14175922;3,754136101;4,103546787;3,787964969;3,794770989;3,76363794;3,853077122;16,61061907;14,90494423;8,137323016;13,49170237;13,43844368;12,32206969;5,420670133;5,826086644;5,630359681;18,31009734;17,31124683;18,3950154;3,58870994;4,031380678;4,124491466;9,83518834;5,918926664;6,515852411;8,409528426;6,642885799;7,28704474
688,816;25,28139158;25,84844898;24,88595073;19,40653215;13,00698867;16,76895121;8,889626844;7,651298827;8,571856082;9,563670599;5,913766002;10,39930628;17,72601946;35,76988976;29,49448129;35,67945569;33,39388284;26,75659138;25,3851465;26,87807632;37,55269292;23,04625431;23,09394636;20,31922321;0,923390211;0,533005126;2,050833424;17,96310813;19,4543554;15,17582908;29,86666767;22,00273645;22,32561657;3,775902385;4,144222275;3,724796831;3,729922241;3,680240651;3,830725823;16,6026742;14,88455072;8,095874062;13,44603846;13,33829627;12,34310972;5,437769494;5,835340152;5,60406061;18,30116604;17,05589842;18,33964377;3,541748661;4,111740656;3,941228045;9,863976311;5,891243902;6,475430152;8,428293698;6,763192599;7,220662729
689,39;25,25432584;25,95895781;24,84167371;19,28550147;13,00989271;16,69126767;8,90526766;7,605448104;8,586573155;9,546607785;5,922900199;10,3861018;17,68837345;35,80006454;29,41260782;35,62166278;33,35681716;26,74133131;25,35682077;26,82264513;37,49611904;22,98527835;23,06862045;20,32805285;0,914258964;0,523857534;2,089687953;17,923194;19,51882291;15,2273971;29,78342389;21,93800922;22,37239226;3,722078371;4,133594496;3,761516866;3,698899896;3,765975375;3,805030141;16,63493034;14,92020858;8,231424724;13,55963508;13,40350265;12,35004097;5,472118286;5,774378365;5,629267551;18,17294949;16,9705499;18,25534874;3,534574255;4,118124531;4,040810791;9,831809149;6,033209386;6,421791465;8,344161881;6,651747775;7,191440342
689,963;25,21482674;25,94206638;24,9219476;19,32382148;13,15493565;16,81498256;8,987282822;7,625062968;8,660337126;9,63848153;5,948122899;10,4527352;17,7237282;35,92654434;29,55341944;35,65421307;33,50474627;26,78019362;25,32913311;26,88071857;37,61074459;23,19404851;23,20345919;20,34888435;0,979302949;0,607837233;2,15406593;17,97469407;19,70052591;15,30520419;29,77266729;21,88073174;22,30793261;3,849499231;4,180882682;3,803268752;3,811619413;3,850602708;3,845745703;16,73417638;15,03478377;8,19134126;13,61673189;13,58239704;12,44851359;5,468970146;5,902380178;5,646900834;18,17644761;17,06489782;18,29277759;3,635195457;4,238503589;4,173801022;9,850012519;6,025179131;6,509560618;8,356229101;6,55277344;7,022903049
690,537;25,22745597;25,964566;24,89890284;19,46987577;13,22742363;16,7663626;8,94079957;7,669413223;8,633815682;9,638364311;5,917825886;10,46674441;17,75974868;35,79097679;29,51540586;35,73689141;33,41045677;26,76441333;25,36341274;26,91001472;37,69686655;23,29744987;23,38623586;20,59901678;0,995777428;0,698316337;2,182022468;18,03707891;19,53124342;15,36347313;29,81906413;22,00613551;22,30376205;3,787063204;4,175497557;3,732476502;3,749901606;3,799071155;3,86557945;16,7497686;14,98325348;8,233640032;13,73866814;13,53786834;12,47403384;5,479793871;5,828287191;5,638247748;18,3069769;17,0288508;18,32657867;3,607659999;4,171208121;4,179832339;10,04415591;6,070046134;6,530913608;8,428092579;6,665561512;7,138087675
691,11;25,35402186;26,10582719;24,94343931;19,23505333;12,97389914;16,54452325;8,970579415;7,597089279;8,633690209;9,657331164;5,95651414;10,45591573;17,75392899;35,88560689;29,60592823;35,78922947;33,57709394;26,91824077;25,43510387;26,99650231;37,78778632;23,49477491;23,51239412;20,86070637;0,894767609;0,541883055;2,11229143;17,81653313;19,48693303;15,32739959;30,00216821;22,11142808;22,40639286;3,762933829;4,153996459;3,832551389;3,773686182;3,78731178;3,894903487;16,69286746;14,98581162;8,190231911;13,70912078;13,68126044;12,49468218;5,417734622;5,800273368;5,560975387;18,44694444;17,06101821;18,58440911;3,506714885;4,075374623;4,064554546;9,837228557;5,950472783;6,517307439;8,626235627;6,794213861;7,228144267
691,683;25,23392474;26,00536175;24,9879288;19,17187919;13,13919433;16,70726373;8,986354674;7,657084505;8,667729979;9,63763301;5,917696895;10,48576772;17,84288154;35,81285961;29,54986574;35,82225177;33,52873166;26,86571511;25,51826038;26,98147179;37,84097987;23,41411046;23,56922022;20,79592212;0,935090909;0,514395096;2,114348869;17,77462819;19,50890006;15,24368791;29,97660849;22,12462387;22,47993716;3,709920059;4,107043252;3,778972749;3,758918937;3,77972958;3,888424919;16,65045497;14,88359885;8,175343639;13,60043658;13,55037276;12,47094498;5,410549328;5,776574211;5,627645474;18,41178582;17,16908338;18,34215595;3,435356322;4,031612159;3,989917941;9,903602509;6,039530703;6,471798225;8,625528672;6,70891844;7,20039915
692,257;25,28779172;25,99759909;24,91760759;19,11475875;12,92940328;16,64969447;9,011431219;7,724627539;8,710773441;9,731461563;5,964350114;10,55866881;17,83730332;35,83098806;29,73982794;35,78555231;33,6526709;26,71121426;25,39679303;26,85298333;37,6142053;23,6330022;23,79025677;21,07054378;1,000806587;0,5384511;2,079496878;17,72922138;19,61809486;15,32070604;29,97690386;22,0390767;22,42443198;3,787254683;4,158387258;3,812630236;3,785253557;3,787779418;3,896987403;16,79212498;14,84954257;8,276411888;13,68413116;13,64161663;12,52343648;5,469334343;5,809332094;5,686832866;18,37115596;17,16538507;18,36259623;3,520249947;4,048748245;3,975912621;9,835356552;5,882604363;6,388475119;8,510563779;6,698461548;7,199576121
692,83;25,3212671;26,03715736;24,95616309;19,29398347;12,93218534;16,69051208;9,05289707;7,643877871;8,648218093;9,640269682;5,949766203;10,37465383;17,82284179;35,87483132;29,62021523;35,72966488;33,62225892;26,8049516;25,46610809;26,88583887;37,68192046;23,6261661;23,67076776;20,97051291;0,967037382;0,614794564;2,110025335;17,854466;19,54864442;15,3118302;30,03267805;22,13059517;22,42866118;3,753068375;4,110971418;3,799823221;3,695002846;3,746857842;3,815688287;16,75231448;15,01372883;8,23700879;13,8479899;13,62930508;12,5923084;5,444574673;5,833028887;5,598289078;18,08694993;16,96645381;18,27005923;3,532332291;4,121576487;4,093021827;9,929251267;5,908820103;6,523640237;8,554438305;6,731292473;7,245735053
693,404;25,3968401;25,96615221;25,01447685;19,10779171;13,05709383;16,53887411;8,9806162;7,697391704;8,716342766;9,727637168;5,87521932;10,45003374;17,89593842;35,88848797;29,60291582;35,77803855;33,76210174;26,72727326;25,40125498;27,01805495;37,75246699;23,65391857;23,6465245;20,94222973;1,052439994;0,633398578;2,18674441;17,76245153;19,72262551;15,36226728;30,04185346;22,0250406;22,43789929;3,785930187;4,154797574;3,798782934;3,744002251;3,861839741;3,883089185;16,86340073;15,08053216;8,18807365;13,85173422;13,68620592;12,51884154;5,488715738;5,815464876;5,652420396;18,24373295;16,98951537;18,2791778;3,505492223;4,166819569;4,046736852;10,02126001;6,075707403;6,725432906;8,431737422;6,528393258;7,175421791
693,977;25,39485448;25,99822434;24,93743003;19,09267086;12,92609921;16,51430273;9,003965198;7,699677468;8,735085102;9,655835377;5,964470888;10,46069714;17,74748296;35,77463826;29,68763685;35,81822596;33,67161262;26,80797117;25,48730733;26,95930849;37,8075716;23,99954055;23,93365383;21,04487206;1,020754853;0,657728979;2,267092264;17,68668914;19,4979148;15,27035242;30,12885731;22,0738908;22,43987325;3,757947643;4,135226315;3,760005434;3,726944215;3,787129985;3,861069429;16,82625693;15,01960992;8,215714896;13,76074221;13,77226019;12,55153586;5,444678951;5,841481407;5,592875069;18,39399702;17,13749489;18,39272161;3,615828474;4,173329573;4,135896188;9,91090696;6,026284337;6,593854157;8,615977828;6,557404914;7,332989831
694,55;25,5177753;25,98143508;24,97232321;18,96735825;12,94169581;16,42564997;9,109907252;7,772124223;8,734659417;9,734192508;5,981629605;10,53204782;17,91075569;35,99031069;29,7585806;35,88436281;33,58837228;26,86870153;25,3475865;26,90109393;37,58551427;23,88030168;24,06036215;21,28776794;0,933132549;0,60451901;2,162103531;17,78290894;19,53001106;15,37691004;30,08896091;22,05307093;22,36189625;3,806905569;4,1794174;3,824893366;3,833884923;3,853175267;3,954524854;16,92791204;15,1100496;8,265685339;13,87264667;13,79708504;12,74794331;5,494961632;5,838696882;5,611519785;18,33484427;16,98818644;18,45505322;3,541653675;4,125805302;4,135456706;9,936714087;6,145419325;6,57885022;8,557065002;6,648115879;7,30848924
695,123;25,51571649;26,07274775;25,04177512;19,10145564;12,92519454;16,53457589;9,059839781;7,727773185;8,763489189;9,72096777;5,968223335;10,49981127;17,94042047;35,73566711;29,64941798;36,02868325;33,68151078;26,82497865;25,46338021;26,96435499;37,84508856;23,98082614;24,20592576;21,36003175;1,056149385;0,724139352;2,256741975;17,79808052;19,71026916;15,22844301;30,13206676;22,13936604;22,50656248;3,771548227;4,174037677;3,779591408;3,763192437;3,790745614;3,903231098;16,8211699;15,00589171;8,225447753;13,78368583;13,75445773;12,57606085;5,430956154;5,784462964;5,623760489;18,44620035;16,98965136;18,38911277;3,60917819;4,075567712;4,082681146;10,00524097;6,026726038;6,529935436;8,666173173;6,830696135;7,307573715
695,696;25,47711719;26,20627087;25,07778601;19,06720751;12,95941704;16,51625937;9,127654495;7,788022127;8,712583728;9,791167853;6,03250714;10,65380726;18,02860744;35,80320883;29,55689888;35,96634669;33,72802104;26,89328173;25,39080915;27,09173649;37,80784015;23,96787654;24,10443949;21,31122137;1,061498245;0,551837052;2,249600971;17,71201128;19,43647119;15,27043014;30,1545623;22,1825951;22,49154456;3,787483624;4,164642001;3,861074236;3,771407036;3,799823965;3,870351774;16,92259004;14,95240013;8,309726445;13,87448417;13,84961307;12,66138492;5,503387565;5,912052932;5,642655507;18,45972965;17,17124506;18,46576309;3,508725162;4,006481044;4,022818681;9,9806342;6,058830235;6,549633712;8,545653513;6,816516549;7,288163154
696,269;25,5129006;26,12501051;25,19414524;19,02810404;12,97776665;16,55295615;9,095670201;7,721762183;8,802152314;9,797346939;6,021545216;10,62296617;18,00529436;35,852488;29,52895553;36,09351049;33,70242367;26,92199485;25,49314601;27,06311522;37,65844617;24,14022887;24,17907628;21,45289461;0,982209238;0,560845456;2,12984191;17,75871986;19,44545696;15,2723598;30,31813995;22,19740649;22,57627927;3,831251931;4,201985437;3,801384049;3,770679113;3,86718945;3,87862765;16,78247934;15,10309959;8,212871283;13,81450115;13,81994906;12,69893793;5,500668323;5,881941787;5,682626573;18,34684644;17,29223923;18,49810851;3,518160438;4,102642872;3,993179947;9,958943665;5,922196615;6,434029126;8,713453544;6,848133805;7,382902794
696,842;25,50122975;26,2394223;25,16804656;19,27987107;13,11654491;16,54992808;8,958338384;7,678624468;8,734964045;9,802396063;5,98013735;10,47063788;17,81097003;35,650313;29,53441668;35,98047989;33,73812126;26,82670128;25,33672063;26,99175616;37,72145543;24,1349331;24,4039258;21,52822123;1,07618083;0,683633735;2,232373112;17,83508312;19,50884181;15,39192355;30,1947371;22,11230603;22,61175678;3,762825803;4,092607329;3,777703718;3,78660623;3,755900336;3,81632354;16,9080062;15,10134837;8,293258073;13,97144233;13,93682266;12,71760202;5,501077974;5,787161592;5,591977099;18,33874522;17,15501231;18,43177027;3,592996249;4,075217238;4,120402264;10,0056469;6,011830576;6,54855434;8,58511534;6,694744956;7,303774298
697,415;25,58572329;26,17724494;25,13189782;19,1753302;12,96001237;16,52710878;9,075670784;7,769604335;8,819107215;9,811417499;5,998869091;10,58487845;17,93493037;35,64413181;29,43074033;36,06561926;33,80743352;26,94795124;25,58947592;27,21237862;37,78609225;24,30698336;24,33674918;21,48970713;1,085862443;0,680854185;2,341055983;17,85456234;19,58358969;15,44029103;30,25960371;22,17893813;22,52405667;3,763578439;4,157679251;3,808484448;3,801873318;3,813249952;3,92174369;17,02719062;15,13693046;8,348625369;14,08306213;13,97813304;12,77388381;5,506824053;5,793595311;5,601353364;18,30822153;17,01401592;18,35026402;3,507997677;4,21769933;4,09650379;10,03161109;6,053621821;6,552448986;8,50335351;6,624942353;7,260674083
697,988;25,56569564;26,20111328;25,20244274;19,06620609;13,01027208;16,58213742;9,103284604;7,758525762;8,852439385;9,768161897;5,990917052;10,62657802;17,89776597;35,66792601;29,41402586;36,07156868;33,86568082;26,96253202;25,52909524;27,0907234;37,8885821;24,34923733;24,36663844;21,75515244;1,006154479;0,725872858;2,245810154;17,7800583;19,53629321;15,20959843;30,24498035;22,26060474;22,60770266;3,791385406;4,21531102;3,795985739;3,765302284;3,798469007;3,893200378;16,956642;15,12304346;8,254742613;13,97940117;13,94952906;12,73678947;5,492558902;5,811840049;5,589600928;18,37121917;17,1851676;18,38339371;3,476656764;4,058967406;4,005627182;9,957135845;6,010214647;6,566980147;8,638475329;6,657690031;7,300157188
698,561;25,51457765;26,18625937;25,18741796;19,08963007;12,95231304;16,47569054;9,059269817;7,730235385;8,771051109;9,819939496;5,911094916;10,59192076;17,90512523;35,58001217;29,41845315;36,0815056;33,80727077;26,7751396;25,48062367;27,02078339;37,78035225;24,30574259;24,47719305;21,60424709;1,014707093;0,614827302;2,216488212;17,65340213;19,45089884;15,19898614;30,23307483;22,1853116;22,64306336;3,74382026;4,11735722;3,781308792;3,725640687;3,76347767;3,836156418;16,92026047;15,1223163;8,287197965;14,0097067;13,95251769;12,72759887;5,427964881;5,776417993;5,632694409;18,35141033;17,06716432;18,3821908;3,455095525;3,966202259;3,958299562;9,907351198;5,994241031;6,501836382;8,629140012;6,737008884;7,255682761
699,134;25,56892047;26,29197331;25,17756628;19,06269686;12,96223645;16,63425329;9,060183456;7,756539989;8,839359657;9,826230192;6,013910397;10,66060914;17,95886502;35,59116587;29,51931279;35,96635509;33,69319932;26,85565135;25,55018463;27,20167554;37,72589252;24,53171655;24,55977756;21,88410818;0,950540693;0,622269127;2,223746958;17,73016119;19,46750257;15,11899447;30,2579678;22,17413506;22,47441834;3,787144112;4,163795256;3,844135335;3,780712636;3,79809097;3,863433872;16,89905899;15,18820631;8,330289865;14,02419288;13,97846594;12,84749503;5,485648921;5,842654406;5,694676297;18,32121896;17,05800176;18,40977388;3,476248685;4,021010893;4,003790682;10,00005355;6,008712241;6,550517623;8,737912682;6,715093702;7,29962728
699,707;25,41706806;26,26061714;25,2125725;19,14009872;12,9925168;16,55084019;9,100389941;7,706423501;8,806271338;9,8280155;6,04482786;10,65750743;18,01706812;35,58030596;29,43648489;36,12260154;33,89523616;26,97424417;25,58349639;27,26271025;37,9203674;24,38932457;24,51055439;21,93700264;1,077527076;0,642280274;2,239054609;17,63515057;19,55245321;15,19343403;30,34507055;22,20417296;22,62735744;3,789217728;4,147993507;3,780128231;3,762792966;3,806704617;3,858153604;16,98878479;15,18073447;8,399971856;14,07690038;14,01667381;12,84076246;5,504366041;5,790135799;5,631213163;18,32459932;16,85921268;18,42214725;3,421728231;4,070008318;4,021406268;9,852460523;6,075875131;6,525442405;8,501323291;6,547047378;7,200464359
700,28;25,50110764;26,27396083;25,22678937;19,12340004;12,92109907;16,52287408;9,06631931;7,760010939;8,755447406;9,870391739;6,018621263;10,67206757;18,10510439;35,6750315;29,48571098;36,17548929;33,91760576;26,89138004;25,67057645;27,35156485;37,93258295;24,4954928;24,7359296;22,00119194;0,979357553;0,732141191;2,238830883;17,7687289;19,44083843;15,31451832;30,39891553;22,26589364;22,64282965;3,78202842;4,200687197;3,83659212;3,788948842;3,841532043;3,880323805;16,96340079;15,10465198;8,376114627;13,93199544;13,91615898;12,90823904;5,526382432;5,789448662;5,668458494;18,05407292;17,02756561;18,37199546;3,449023655;4,138066497;3,99544713;9,884326989;5,983090004;6,55507652;8,670871577;6,648330538;7,298139057